2026-09-25T19:20:47.567Z -INFO vmware-vmx.exe 13448 [ws@4413 threadName="vmx"] Log for VMware Workstation pid=13448 version=25.0.0 build=24995812 option=Release
2026-09-25T19:20:47.567Z -INFO vmware-vmx.exe 13448 [ws@4413 threadName="vmx"] The host is x86_64.
2026-09-25T19:20:47.567Z -INFO vmware-vmx.exe 13448 [ws@4413 threadName="vmx"] Host codepage=windows-1252 encoding=windows-1252
2026-09-25T19:20:47.567Z -INFO vmware-vmx.exe 13448 [ws@4413 threadName="vmx"] Host is Windows 11 Home, 64-bit (Build 26200.9457)
2026-09-25T19:20:47.567Z -INFO vmware-vmx.exe 13448 [ws@4413 threadName="vmx"] Host offset from UTC is +05:00.
2026-09-25T19:20:47.489Z -INFO vmware-vmx.exe 13448 [ws@4413 threadName="vmx"] VTHREAD 13808 "vmx"
2026-09-25T19:20:47.501Z -INFO vmware-vmx.exe 13448 [ws@4413 threadName="vmx"] DictionaryLoad: Cannot open file "C:\ProgramData\VMware\vCenterServer\cfg\vsphereFeatures\vsphereFeatures.cfg": The system cannot find the path specified.
2026-09-25T19:20:47.501Z -INFO vmware-vmx.exe 13448 [ws@4413 threadName="vmx"] [msg.dictionary.load.openFailed] Cannot open file "C:\ProgramData\VMware\vCenterServer\cfg\vsphereFeatures\vsphereFeatures.cfg": The system cannot find the path specified.
2026-09-25T19:20:47.501Z -INFO vmware-vmx.exe 13448 [ws@4413 threadName="vmx"] FeatureStateLib: Error while loading feature config file: C:\ProgramData\VMware\vCenterServer\cfg\vsphereFeatures\vsphereFeatures.cfg, using default feature state values.
2026-09-25T19:20:47.502Z -INFO vmware-vmx.exe 13448 [ws@4413 threadName="vmx"] DictionaryLoad: Cannot open file "C:\ProgramData\VMware\vCenterServer\cfg\vsphereFeatures\techPreview.cfg": The system cannot find the path specified.
2026-09-25T19:20:47.502Z -INFO vmware-vmx.exe 13448 [ws@4413 threadName="vmx"] [msg.dictionary.load.openFailed] Cannot open file "C:\ProgramData\VMware\vCenterServer\cfg\vsphereFeatures\techPreview.cfg": The system cannot find the path specified.
2026-09-25T19:20:47.502Z -INFO vmware-vmx.exe 13448 [ws@4413 threadName="vmx"] FeatureStateLib: Error while loading tech preview config file: C:\ProgramData\VMware\vCenterServer\cfg\vsphereFeatures\techPreview.cfg, using default (disabled) for all Tech Preview features.
2026-09-25T19:20:47.505Z -INFO vmware-vmx.exe 13448 [ws@4413 threadName="vmx"] LOCALE windows-1252 -> es User=240a System=c0a
2026-09-25T19:20:47.505Z -INFO vmware-vmx.exe 13448 [ws@4413 threadName="vmx"] Msg_SetLocaleEx: HostLocale=windows-1252 UserLocale=es
2026-09-25T19:20:47.554Z -INFO vmware-vmx.exe 13448 [ws@4413 threadName="vmx"] DictionaryLoad: Cannot open file "C:\Users\Aleja\AppData\Roaming\VMware\config.ini": The system cannot find the file specified.
2026-09-25T19:20:47.554Z -INFO vmware-vmx.exe 13448 [ws@4413 threadName="vmx"] Msg_Reset:
2026-09-25T19:20:47.554Z -INFO vmware-vmx.exe 13448 [ws@4413 threadName="vmx"] [msg.dictionary.load.openFailed] Cannot open file "C:\Users\Aleja\AppData\Roaming\VMware\config.ini": The system cannot find the file specified.
2026-09-25T19:20:47.554Z -INFO vmware-vmx.exe 13448 [ws@4413 threadName="vmx"] ----------------------------------------
2026-09-25T19:20:47.554Z -INFO vmware-vmx.exe 13448 [ws@4413 threadName="vmx"] ConfigDB: Failed to load C:\Users\Aleja\AppData\Roaming\VMware\config.ini
2026-09-25T19:20:47.554Z -INFO vmware-vmx.exe 13448 [ws@4413 threadName="vmx"] OBJLIB-LIB: Objlib initialized.
2026-09-25T19:20:47.556Z -INFO vmware-vmx.exe 13448 [ws@4413 threadName="vmx"] DictionaryLoad: Cannot open file "C:\Users\Aleja\AppData\Roaming\VMware\config.ini": The system cannot find the file specified.
2026-09-25T19:20:47.556Z -INFO vmware-vmx.exe 13448 [ws@4413 threadName="vmx"] [msg.dictionary.load.openFailed] Cannot open file "C:\Users\Aleja\AppData\Roaming\VMware\config.ini": The system cannot find the file specified.
2026-09-25T19:20:47.556Z -INFO vmware-vmx.exe 13448 [ws@4413 threadName="vmx"] PREF Optional preferences file not found at C:\Users\Aleja\AppData\Roaming\VMware\config.ini. Using default values.
2026-09-25T19:20:47.562Z -INFO vmware-vmx.exe 13448 [ws@4413 threadName="vmx"] lib/ssl: OpenSSL using default provider
2026-09-25T19:20:47.564Z -INFO vmware-vmx.exe 13448 [ws@4413 threadName="vmx"] lib/ssl: Client usage
2026-09-25T19:20:47.564Z -INFO vmware-vmx.exe 13448 [ws@4413 threadName="vmx"] lib/ssl: protocol list tls1.2,tls1.3
2026-09-25T19:20:47.564Z -INFO vmware-vmx.exe 13448 [ws@4413 threadName="vmx"] lib/ssl: protocol min 0x303 max 0x304
2026-09-25T19:20:47.564Z -INFO vmware-vmx.exe 13448 [ws@4413 threadName="vmx"] lib/ssl: protocol list tls1.2,tls1.3 (openssl flags 0x16000000)
2026-09-25T19:20:47.564Z -INFO vmware-vmx.exe 13448 [ws@4413 threadName="vmx"] lib/ssl: cipher list ECDHE+AESGCM:RSA+AESGCM:ECDHE+AES:RSA+AES
2026-09-25T19:20:47.564Z -INFO vmware-vmx.exe 13448 [ws@4413 threadName="vmx"] lib/ssl: cipher suites TLS_AES_128_GCM_SHA256:TLS_AES_256_GCM_SHA384
2026-09-25T19:20:47.564Z -INFO vmware-vmx.exe 13448 [ws@4413 threadName="vmx"] lib/ssl: curves list prime256v1:secp384r1:secp521r1
2026-09-25T19:20:47.564Z -INFO vmware-vmx.exe 13448 [ws@4413 threadName="vmx"] lib/ssl: Server usage
2026-09-25T19:20:47.564Z -INFO vmware-vmx.exe 13448 [ws@4413 threadName="vmx"] lib/ssl: protocol list tls1.2,tls1.3
2026-09-25T19:20:47.564Z -INFO vmware-vmx.exe 13448 [ws@4413 threadName="vmx"] lib/ssl: protocol min 0x303 max 0x304
2026-09-25T19:20:47.564Z -INFO vmware-vmx.exe 13448 [ws@4413 threadName="vmx"] lib/ssl: protocol list tls1.2,tls1.3 (openssl flags 0x16000000)
2026-09-25T19:20:47.564Z -INFO vmware-vmx.exe 13448 [ws@4413 threadName="vmx"] lib/ssl: cipher list ECDHE+AESGCM:RSA+AESGCM:ECDHE+AES:RSA+AES
2026-09-25T19:20:47.564Z -INFO vmware-vmx.exe 13448 [ws@4413 threadName="vmx"] lib/ssl: cipher suites TLS_AES_128_GCM_SHA256:TLS_AES_256_GCM_SHA384
2026-09-25T19:20:47.564Z -INFO vmware-vmx.exe 13448 [ws@4413 threadName="vmx"] lib/ssl: curves list prime256v1:secp384r1:secp521r1
2026-09-25T19:20:47.571Z -INFO vmware-vmx.exe 13448 [ws@4413 threadName="vmx"] Hostname=Fuji
2026-09-25T19:20:47.574Z -INFO vmware-vmx.exe 13448 [ws@4413 threadName="vmx"] IP=fe80::1df8:bd3d:926f:14c8%18
2026-09-25T19:20:47.574Z -INFO vmware-vmx.exe 13448 [ws@4413 threadName="vmx"] IP=157.253.146.224
2026-09-25T19:20:47.574Z -INFO vmware-vmx.exe 13448 [ws@4413 threadName="vmx"] IP=fe80::138e:a75a:6270:bedc%4
2026-09-25T19:20:47.574Z -INFO vmware-vmx.exe 13448 [ws@4413 threadName="vmx"] IP=fe80::f46e:6ba9:4038:fd8b%15
2026-09-25T19:20:47.574Z -INFO vmware-vmx.exe 13448 [ws@4413 threadName="vmx"] IP=192.168.102.1
2026-09-25T19:20:47.574Z -INFO vmware-vmx.exe 13448 [ws@4413 threadName="vmx"] IP=192.168.220.1
2026-09-25T19:20:47.609Z -INFO vmware-vmx.exe 13448 [ws@4413 threadName="vmx"] System uptime 24655271119 us
2026-09-25T19:20:47.609Z -INFO vmware-vmx.exe 13448 [ws@4413 threadName="vmx"] Command line: "C:\Program Files (x86)\VMware\VMware Workstation\x64\vmware-vmx.exe" "-T" "querytoken" "-E" "es" "-s" "vmx.stdio.keep=TRUE" "-#" "product=1;name=VMware Workstation;version=25.0.0;buildnumber=24995812;licensename=VMware Workstation;licenseversion=17.0;" "-@" "pipe=\\.\pipe\vmxce58a8b736336928;msgs=ui" "C:\Users\Aleja\OneDrive\Documentos\Virtual Machines\m1\m1.vmx"
2026-09-25T19:20:47.609Z -INFO vmware-vmx.exe 13448 [ws@4413 threadName="vmx"] Msg_SetLocaleEx: HostLocale=windows-1252 UserLocale=es
2026-09-25T19:20:47.694Z -INFO vmware-vmx.exe 13448 [ws@4413 threadName="vmx"] WQPoolAllocPoll : pollIx = 1, signalHandle = 776
2026-09-25T19:20:47.694Z -INFO vmware-vmx.exe 13448 [ws@4413 threadName="vmx"] WQPoolAllocPoll : pollIx = 2, signalHandle = 764
2026-09-25T19:20:47.694Z -INFO vmware-vmx.exe 13448 [ws@4413 threadName="vmx"] VigorTransport listening on fd 876
2026-09-25T19:20:47.696Z -INFO vmware-vmx.exe 13448 [ws@4413 threadName="vmx"] Vigor_Init 1
2026-09-25T19:20:47.696Z -INFO vmware-vmx.exe 13448 [ws@4413 threadName="vmx"] Connecting 'ui' to pipe '\\.\pipe\vmxce58a8b736336928' with user '(null)'
2026-09-25T19:20:47.696Z -INFO vmware-vmx.exe 13448 [ws@4413 threadName="vmx"] VMXVmdb: Local connection timeout: 60000 ms.
2026-09-25T19:20:47.799Z -INFO vmware-vmx.exe 13448 [ws@4413 threadName="vmx"] VmdbAddConnection: cnxPath=/db/connection/#1/, cnxIx=1
2026-09-25T19:20:47.799Z -INFO vmware-vmx.exe 13448 [ws@4413 threadName="vmx"] Vix: [mainDispatch.c:490]: VMAutomation: Initializing VMAutomation.
2026-09-25T19:20:47.801Z -INFO vmware-vmx.exe 13448 [ws@4413 threadName="vmx"] Vix: [mainDispatch.c:742]: VMAutomationOpenListenerSocket() listening
2026-09-25T19:20:47.810Z -INFO vmware-vmx.exe 13448 [ws@4413 threadName="vmx"] Vix: [mainDispatch.c:4172]: VMAutomation_ReportPowerOpFinished: statevar=0, newAppState=1870, success=1 additionalError=0
2026-09-25T19:20:47.810Z -INFO vmware-vmx.exe 13448 [ws@4413 threadName="vmx"] Transitioned vmx/execState/val to poweredOff
2026-09-25T19:20:47.810Z -INFO vmware-vmx.exe 13448 [ws@4413 threadName="vmx"] Vix: [mainDispatch.c:4172]: VMAutomation_ReportPowerOpFinished: statevar=1, newAppState=1873, success=1 additionalError=0
2026-09-25T19:20:47.810Z -INFO vmware-vmx.exe 13448 [ws@4413 threadName="vmx"] Vix: [mainDispatch.c:4172]: VMAutomation_ReportPowerOpFinished: statevar=2, newAppState=1877, success=1 additionalError=0
2026-09-25T19:20:47.810Z -INFO vmware-vmx.exe 13448 [ws@4413 threadName="vmx"] Vix: [mainDispatch.c:4172]: VMAutomation_ReportPowerOpFinished: statevar=3, newAppState=1881, success=1 additionalError=0
2026-09-25T19:20:47.810Z -INFO vmware-vmx.exe 13448 [ws@4413 threadName="vmx"] IOPL_Init: Hyper-V detected by CPUID
2026-09-25T19:20:47.836Z -WARNING vmware-vmx.exe 13448 [ws@4413 threadName="vmx"] Can't set WSS, error 1314
2026-09-25T19:20:47.836Z -INFO vmware-vmx.exe 13448 [ws@4413 threadName="vmx"] VerificationOfHostParameters status 1
2026-09-25T19:20:47.836Z -WARNING vmware-vmx.exe 13448 [ws@4413 threadName="vmx"] VMX can't verify host parameters.
2026-09-25T19:20:47.911Z -INFO vmware-vmx.exe 13448 [ws@4413 threadName="vmx"] hostCPUID vendor: GenuineIntel
2026-09-25T19:20:47.911Z -INFO vmware-vmx.exe 13448 [ws@4413 threadName="vmx"] hostCPUID family: 0x6 model: 0x9a stepping: 0x3
2026-09-25T19:20:47.911Z -INFO vmware-vmx.exe 13448 [ws@4413 threadName="vmx"] hostCPUID codename: Alder Lake-P
2026-09-25T19:20:47.911Z -INFO vmware-vmx.exe 13448 [ws@4413 threadName="vmx"] hostCPUID name: 12th Gen Intel(R) Core(TM) i5-12450H
2026-09-25T19:20:47.911Z -INFO vmware-vmx.exe 13448 [ws@4413 threadName="vmx"] hostCPUID level 00000000, 0: 0x00000020 0x756e6547 0x6c65746e 0x49656e69
2026-09-25T19:20:47.911Z -INFO vmware-vmx.exe 13448 [ws@4413 threadName="vmx"] hostCPUID level 00000001, 0: 0x000906a3 0x00400800 0xfffaf38b 0xbfcbfbff
2026-09-25T19:20:47.911Z -INFO vmware-vmx.exe 13448 [ws@4413 threadName="vmx"] hostCPUID level 00000002, 0: 0x00feff01 0x000000f0 0x00000000 0x00000000
2026-09-25T19:20:47.911Z -INFO vmware-vmx.exe 13448 [ws@4413 threadName="vmx"] hostCPUID level 00000003, 0: 0x00000000 0x00000000 0x00000000 0x00000000
2026-09-25T19:20:47.911Z -INFO vmware-vmx.exe 13448 [ws@4413 threadName="vmx"] hostCPUID level 00000004, 0: 0x7c004121 0x02c0003f 0x0000003f 0x00000000
2026-09-25T19:20:47.911Z -INFO vmware-vmx.exe 13448 [ws@4413 threadName="vmx"] hostCPUID level 00000004, 1: 0x7c004122 0x01c0003f 0x0000003f 0x00000000
2026-09-25T19:20:47.911Z -INFO vmware-vmx.exe 13448 [ws@4413 threadName="vmx"] hostCPUID level 00000004, 2: 0x7c01c143 0x0240003f 0x000007ff 0x00000000
2026-09-25T19:20:47.911Z -INFO vmware-vmx.exe 13448 [ws@4413 threadName="vmx"] hostCPUID level 00000004, 3: 0x7c0fc163 0x01c0003f 0x00005fff 0x00000004
2026-09-25T19:20:47.911Z -INFO vmware-vmx.exe 13448 [ws@4413 threadName="vmx"] hostCPUID level 00000004, 4: 0x00000000 0x00000000 0x00000000 0x00000000
2026-09-25T19:20:47.911Z -INFO vmware-vmx.exe 13448 [ws@4413 threadName="vmx"] hostCPUID level 00000005, 0: 0x00000040 0x00000040 0x00000003 0x00002020
2026-09-25T19:20:47.911Z -INFO vmware-vmx.exe 13448 [ws@4413 threadName="vmx"] hostCPUID level 00000006, 0: 0x009f8ff3 0x00000002 0x00000409 0x00000003
2026-09-25T19:20:47.911Z -INFO vmware-vmx.exe 13448 [ws@4413 threadName="vmx"] hostCPUID level 00000007, 0: 0x00000001 0x239ca7a9 0x184007a4 0xbc18c410
2026-09-25T19:20:47.911Z -INFO vmware-vmx.exe 13448 [ws@4413 threadName="vmx"] hostCPUID level 00000007, 1: 0x00400810 0x00000000 0x00000000 0x00000000
2026-09-25T19:20:47.911Z -INFO vmware-vmx.exe 13448 [ws@4413 threadName="vmx"] hostCPUID level 00000008, 0: 0x00000000 0x00000000 0x00000000 0x00000000
2026-09-25T19:20:47.911Z -INFO vmware-vmx.exe 13448 [ws@4413 threadName="vmx"] hostCPUID level 00000009, 0: 0x00000000 0x00000000 0x00000000 0x00000000
2026-09-25T19:20:47.911Z -INFO vmware-vmx.exe 13448 [ws@4413 threadName="vmx"] hostCPUID level 0000000a, 0: 0x07300605 0x00000000 0x00000007 0x00008603
2026-09-25T19:20:47.911Z -INFO vmware-vmx.exe 13448 [ws@4413 threadName="vmx"] hostCPUID level 0000000b, 0: 0x00000001 0x00000002 0x00000100 0x00000000
2026-09-25T19:20:47.911Z -INFO vmware-vmx.exe 13448 [ws@4413 threadName="vmx"] hostCPUID level 0000000b, 1: 0x00000006 0x0000000c 0x00000201 0x00000000
2026-09-25T19:20:47.911Z -INFO vmware-vmx.exe 13448 [ws@4413 threadName="vmx"] hostCPUID level 0000000b, 2: 0x00000000 0x00000000 0x00000002 0x00000000
2026-09-25T19:20:47.911Z -INFO vmware-vmx.exe 13448 [ws@4413 threadName="vmx"] hostCPUID level 0000000c, 0: 0x00000000 0x00000000 0x00000000 0x00000000
2026-09-25T19:20:47.911Z -INFO vmware-vmx.exe 13448 [ws@4413 threadName="vmx"] hostCPUID level 0000000d, 0: 0x00000007 0x00000340 0x00000340 0x00000000
2026-09-25T19:20:47.911Z -INFO vmware-vmx.exe 13448 [ws@4413 threadName="vmx"] hostCPUID level 0000000d, 1: 0x0000000f 0x00000350 0x00001800 0x00000000
2026-09-25T19:20:47.911Z -INFO vmware-vmx.exe 13448 [ws@4413 threadName="vmx"] hostCPUID level 0000000d, 2: 0x00000100 0x00000240 0x00000000 0x00000000
2026-09-25T19:20:47.911Z -INFO vmware-vmx.exe 13448 [ws@4413 threadName="vmx"] hostCPUID level 0000000d, 3: 0x00000000 0x00000000 0x00000000 0x00000000
2026-09-25T19:20:47.911Z -INFO vmware-vmx.exe 13448 [ws@4413 threadName="vmx"] hostCPUID level 0000000d, 4: 0x00000000 0x00000000 0x00000000 0x00000000
2026-09-25T19:20:47.911Z -INFO vmware-vmx.exe 13448 [ws@4413 threadName="vmx"] hostCPUID level 0000000d, 5: 0x00000000 0x00000000 0x00000000 0x00000000
2026-09-25T19:20:47.911Z -INFO vmware-vmx.exe 13448 [ws@4413 threadName="vmx"] hostCPUID level 0000000d, 6: 0x00000000 0x00000000 0x00000000 0x00000000
2026-09-25T19:20:47.911Z -INFO vmware-vmx.exe 13448 [ws@4413 threadName="vmx"] hostCPUID level 0000000d, 7: 0x00000000 0x00000000 0x00000000 0x00000000
2026-09-25T19:20:47.911Z -INFO vmware-vmx.exe 13448 [ws@4413 threadName="vmx"] hostCPUID level 0000000d, 8: 0x00000000 0x00000000 0x00000000 0x00000000
2026-09-25T19:20:47.911Z -INFO vmware-vmx.exe 13448 [ws@4413 threadName="vmx"] hostCPUID level 0000000d, 9: 0x00000000 0x00000000 0x00000000 0x00000000
2026-09-25T19:20:47.911Z -INFO vmware-vmx.exe 13448 [ws@4413 threadName="vmx"] hostCPUID level 0000000d, a: 0x00000000 0x00000000 0x00000000 0x00000000
2026-09-25T19:20:47.911Z -INFO vmware-vmx.exe 13448 [ws@4413 threadName="vmx"] hostCPUID level 0000000d, b: 0x00000010 0x00000000 0x00000001 0x00000000
2026-09-25T19:20:47.911Z -INFO vmware-vmx.exe 13448 [ws@4413 threadName="vmx"] hostCPUID level 0000000d, c: 0x00000018 0x00000000 0x00000001 0x00000000
2026-09-25T19:20:47.911Z -INFO vmware-vmx.exe 13448 [ws@4413 threadName="vmx"] hostCPUID level 0000000e, 0: 0x00000000 0x00000000 0x00000000 0x00000000
2026-09-25T19:20:47.911Z -INFO vmware-vmx.exe 13448 [ws@4413 threadName="vmx"] hostCPUID level 0000000f, 0: 0x00000000 0x00000000 0x00000000 0x00000000
2026-09-25T19:20:47.911Z -INFO vmware-vmx.exe 13448 [ws@4413 threadName="vmx"] hostCPUID level 0000000f, 1: 0x00000000 0x00000000 0x00000000 0x00000000
2026-09-25T19:20:47.911Z -INFO vmware-vmx.exe 13448 [ws@4413 threadName="vmx"] hostCPUID level 00000010, 0: 0x00000000 0x00000000 0x00000000 0x00000000
2026-09-25T19:20:47.911Z -INFO vmware-vmx.exe 13448 [ws@4413 threadName="vmx"] hostCPUID level 00000010, 1: 0x00000000 0x00000000 0x00000000 0x00000000
2026-09-25T19:20:47.911Z -INFO vmware-vmx.exe 13448 [ws@4413 threadName="vmx"] hostCPUID level 00000010, 2: 0x00000000 0x00000000 0x00000000 0x00000000
2026-09-25T19:20:47.911Z -INFO vmware-vmx.exe 13448 [ws@4413 threadName="vmx"] hostCPUID level 00000010, 3: 0x00000000 0x00000000 0x00000000 0x00000000
2026-09-25T19:20:47.911Z -INFO vmware-vmx.exe 13448 [ws@4413 threadName="vmx"] hostCPUID level 00000011, 0: 0x00000000 0x00000000 0x00000000 0x00000000
2026-09-25T19:20:47.911Z -INFO vmware-vmx.exe 13448 [ws@4413 threadName="vmx"] hostCPUID level 00000012, 0: 0x00000000 0x00000000 0x00000000 0x00000000
2026-09-25T19:20:47.911Z -INFO vmware-vmx.exe 13448 [ws@4413 threadName="vmx"] hostCPUID level 00000012, 1: 0x00000000 0x00000000 0x00000000 0x00000000
2026-09-25T19:20:47.911Z -INFO vmware-vmx.exe 13448 [ws@4413 threadName="vmx"] hostCPUID level 00000012, 2: 0x00000000 0x00000000 0x00000000 0x00000000
2026-09-25T19:20:47.911Z -INFO vmware-vmx.exe 13448 [ws@4413 threadName="vmx"] hostCPUID level 00000012, 3: 0x00000000 0x00000000 0x00000000 0x00000000
2026-09-25T19:20:47.911Z -INFO vmware-vmx.exe 13448 [ws@4413 threadName="vmx"] hostCPUID level 00000013, 0: 0x00000000 0x00000000 0x00000000 0x00000000
2026-09-25T19:20:47.911Z -INFO vmware-vmx.exe 13448 [ws@4413 threadName="vmx"] hostCPUID level 00000014, 0: 0x00000001 0x0000005f 0x00000007 0x00000000
2026-09-25T19:20:47.911Z -INFO vmware-vmx.exe 13448 [ws@4413 threadName="vmx"] hostCPUID level 00000014, 1: 0x02490002 0x003f003f 0x00000000 0x00000000
2026-09-25T19:20:47.911Z -INFO vmware-vmx.exe 13448 [ws@4413 threadName="vmx"] hostCPUID level 00000015, 0: 0x00000002 0x00000082 0x0249f000 0x00000000
2026-09-25T19:20:47.911Z -INFO vmware-vmx.exe 13448 [ws@4413 threadName="vmx"] hostCPUID level 00000016, 0: 0x00000000 0x00000000 0x00000000 0x00000000
2026-09-25T19:20:47.911Z -INFO vmware-vmx.exe 13448 [ws@4413 threadName="vmx"] hostCPUID level 00000017, 0: 0x00000000 0x00000000 0x00000000 0x00000000
2026-09-25T19:20:47.911Z -INFO vmware-vmx.exe 13448 [ws@4413 threadName="vmx"] hostCPUID level 00000018, 0: 0x00000000 0x00000000 0x00000000 0x00000000
2026-09-25T19:20:47.911Z -INFO vmware-vmx.exe 13448 [ws@4413 threadName="vmx"] hostCPUID level 00000019, 0: 0x00000000 0x00000000 0x00000000 0x00000000
2026-09-25T19:20:47.911Z -INFO vmware-vmx.exe 13448 [ws@4413 threadName="vmx"] hostCPUID level 0000001a, 0: 0x40000001 0x00000000 0x00000000 0x00000000
2026-09-25T19:20:47.911Z -INFO vmware-vmx.exe 13448 [ws@4413 threadName="vmx"] hostCPUID level 0000001b, 0: 0x00000000 0x00000000 0x00000000 0x00000000
2026-09-25T19:20:47.911Z -INFO vmware-vmx.exe 13448 [ws@4413 threadName="vmx"] hostCPUID level 0000001c, 0: 0x4000000b 0x00000007 0x00000007 0x00000000
2026-09-25T19:20:47.911Z -INFO vmware-vmx.exe 13448 [ws@4413 threadName="vmx"] hostCPUID level 0000001d, 0: 0x00000000 0x00000000 0x00000000 0x00000000
2026-09-25T19:20:47.911Z -INFO vmware-vmx.exe 13448 [ws@4413 threadName="vmx"] hostCPUID level 0000001e, 0: 0x00000000 0x00000000 0x00000000 0x00000000
2026-09-25T19:20:47.911Z -INFO vmware-vmx.exe 13448 [ws@4413 threadName="vmx"] hostCPUID level 0000001f, 0: 0x00000001 0x00000002 0x00000100 0x00000000
2026-09-25T19:20:47.911Z -INFO vmware-vmx.exe 13448 [ws@4413 threadName="vmx"] hostCPUID level 0000001f, 1: 0x00000006 0x0000000c 0x00000201 0x00000000
2026-09-25T19:20:47.911Z -INFO vmware-vmx.exe 13448 [ws@4413 threadName="vmx"] hostCPUID level 0000001f, 2: 0x00000000 0x00000000 0x00000002 0x00000000
2026-09-25T19:20:47.911Z -INFO vmware-vmx.exe 13448 [ws@4413 threadName="vmx"] hostCPUID level 00000020, 0: 0x00000000 0x00000001 0x00000000 0x00000000
2026-09-25T19:20:47.911Z -INFO vmware-vmx.exe 13448 [ws@4413 threadName="vmx"] hostCPUID level 40000000, 0: 0x4000000c 0x7263694d 0x666f736f 0x76482074
2026-09-25T19:20:47.911Z -INFO vmware-vmx.exe 13448 [ws@4413 threadName="vmx"] hostCPUID level 40000001, 0: 0x31237648 0x00000000 0x00000000 0x00000000
2026-09-25T19:20:47.911Z -INFO vmware-vmx.exe 13448 [ws@4413 threadName="vmx"] hostCPUID level 40000002, 0: 0x000065f4 0x000a0000 0x00000009 0x000024e4
2026-09-25T19:20:47.911Z -INFO vmware-vmx.exe 13448 [ws@4413 threadName="vmx"] hostCPUID level 40000003, 0: 0x00003fff 0x002bb9ff 0x00000262 0x75fefbf6
2026-09-25T19:20:47.911Z -INFO vmware-vmx.exe 13448 [ws@4413 threadName="vmx"] hostCPUID level 40000004, 0: 0x00960e14 0x00000000 0x0000002e 0x00000000
2026-09-25T19:20:47.911Z -INFO vmware-vmx.exe 13448 [ws@4413 threadName="vmx"] hostCPUID level 40000005, 0: 0x00000800 0x00000800 0x000008b8 0x00000000
2026-09-25T19:20:47.911Z -INFO vmware-vmx.exe 13448 [ws@4413 threadName="vmx"] hostCPUID level 40000006, 0: 0x098200af 0x00000027 0x00000000 0x00000000
2026-09-25T19:20:47.911Z -INFO vmware-vmx.exe 13448 [ws@4413 threadName="vmx"] hostCPUID level 40000007, 0: 0x80000007 0x0000000b 0x00000000 0x00000000
2026-09-25T19:20:47.911Z -INFO vmware-vmx.exe 13448 [ws@4413 threadName="vmx"] hostCPUID level 40000008, 0: 0x00000000 0x00000000 0x00000000 0x00000000
2026-09-25T19:20:47.911Z -INFO vmware-vmx.exe 13448 [ws@4413 threadName="vmx"] hostCPUID level 40000009, 0: 0x00000000 0x00000000 0x00000000 0x00000000
2026-09-25T19:20:47.911Z -INFO vmware-vmx.exe 13448 [ws@4413 threadName="vmx"] hostCPUID level 4000000a, 0: 0x00000000 0x00000000 0x00000000 0x00000000
2026-09-25T19:20:47.911Z -INFO vmware-vmx.exe 13448 [ws@4413 threadName="vmx"] hostCPUID level 4000000b, 0: 0x00000000 0x00000000 0x00000000 0x00000000
2026-09-25T19:20:47.911Z -INFO vmware-vmx.exe 13448 [ws@4413 threadName="vmx"] hostCPUID level 4000000c, 0: 0x00000000 0x00000000 0x00000000 0x00000000
2026-09-25T19:20:47.911Z -INFO vmware-vmx.exe 13448 [ws@4413 threadName="vmx"] hostCPUID level 80000000, 0: 0x80000008 0x00000000 0x00000000 0x00000000
2026-09-25T19:20:47.911Z -INFO vmware-vmx.exe 13448 [ws@4413 threadName="vmx"] hostCPUID level 80000001, 0: 0x00000000 0x00000000 0x00000121 0x2c100800
2026-09-25T19:20:47.911Z -INFO vmware-vmx.exe 13448 [ws@4413 threadName="vmx"] hostCPUID level 80000002, 0: 0x68743231 0x6e654720 0x746e4920 0x52286c65
2026-09-25T19:20:47.911Z -INFO vmware-vmx.exe 13448 [ws@4413 threadName="vmx"] hostCPUID level 80000003, 0: 0x6f432029 0x54286572 0x6920294d 0x32312d35
2026-09-25T19:20:47.911Z -INFO vmware-vmx.exe 13448 [ws@4413 threadName="vmx"] hostCPUID level 80000004, 0: 0x48303534 0x00000000 0x00000000 0x00000000
2026-09-25T19:20:47.911Z -INFO vmware-vmx.exe 13448 [ws@4413 threadName="vmx"] hostCPUID level 80000005, 0: 0x00000000 0x00000000 0x00000000 0x00000000
2026-09-25T19:20:47.911Z -INFO vmware-vmx.exe 13448 [ws@4413 threadName="vmx"] hostCPUID level 80000006, 0: 0x00000000 0x00000000 0x05007040 0x00000000
2026-09-25T19:20:47.911Z -INFO vmware-vmx.exe 13448 [ws@4413 threadName="vmx"] hostCPUID level 80000007, 0: 0x00000000 0x00000000 0x00000000 0x00000100
2026-09-25T19:20:47.911Z -INFO vmware-vmx.exe 13448 [ws@4413 threadName="vmx"] hostCPUID level 80000008, 0: 0x00003027 0x00000000 0x00000000 0x00000000
2026-09-25T19:20:47.911Z -INFO vmware-vmx.exe 13448 [ws@4413 threadName="vmx"] CPUID differences from hostCPUID.
2026-09-25T19:20:47.911Z -INFO vmware-vmx.exe 13448 [ws@4413 threadName="vmx"] CPUID[2] level 00000006, 0: 0x009f8ff3 0x00000002 0x00000409 0x00010003
2026-09-25T19:20:47.911Z -INFO vmware-vmx.exe 13448 [ws@4413 threadName="vmx"] CPUID[3] level 00000006, 0: 0x009f8ff3 0x00000002 0x00000409 0x00010003
2026-09-25T19:20:47.911Z -INFO vmware-vmx.exe 13448 [ws@4413 threadName="vmx"] CPUID[4] level 00000006, 0: 0x009f8ff3 0x00000002 0x00000409 0x00020003
2026-09-25T19:20:47.911Z -INFO vmware-vmx.exe 13448 [ws@4413 threadName="vmx"] CPUID[5] level 00000006, 0: 0x009f8ff3 0x00000002 0x00000409 0x00020003
2026-09-25T19:20:47.911Z -INFO vmware-vmx.exe 13448 [ws@4413 threadName="vmx"] CPUID[6] level 00000006, 0: 0x009f8ff3 0x00000002 0x00000409 0x00030003
2026-09-25T19:20:47.911Z -INFO vmware-vmx.exe 13448 [ws@4413 threadName="vmx"] CPUID[7] level 00000006, 0: 0x009f8ff3 0x00000002 0x00000409 0x00030003
2026-09-25T19:20:47.911Z -INFO vmware-vmx.exe 13448 [ws@4413 threadName="vmx"] CPUID[8] level 00000004, 0: 0x7c004121 0x01c0003f 0x0000003f 0x00000000
2026-09-25T19:20:47.911Z -INFO vmware-vmx.exe 13448 [ws@4413 threadName="vmx"] CPUID[8] level 00000004, 1: 0x7c004122 0x01c0003f 0x0000007f 0x00000000
2026-09-25T19:20:47.911Z -INFO vmware-vmx.exe 13448 [ws@4413 threadName="vmx"] CPUID[8] level 00000004, 2: 0x7c01c143 0x03c0003f 0x000007ff 0x00000000
2026-09-25T19:20:47.911Z -INFO vmware-vmx.exe 13448 [ws@4413 threadName="vmx"] CPUID[8] level 00000006, 0: 0x009f8ff3 0x00000002 0x00000409 0x00050003
2026-09-25T19:20:47.911Z -INFO vmware-vmx.exe 13448 [ws@4413 threadName="vmx"] CPUID[8] level 00000014, 0: 0x00000001 0x0000005f 0x80000007 0x00000000
2026-09-25T19:20:47.911Z -INFO vmware-vmx.exe 13448 [ws@4413 threadName="vmx"] CPUID[8] level 0000001a, 0: 0x20000001 0x00000000 0x00000000 0x00000000
2026-09-25T19:20:47.911Z -INFO vmware-vmx.exe 13448 [ws@4413 threadName="vmx"] CPUID[9] level 00000004, 0: 0x7c004121 0x01c0003f 0x0000003f 0x00000000
2026-09-25T19:20:47.911Z -INFO vmware-vmx.exe 13448 [ws@4413 threadName="vmx"] CPUID[9] level 00000004, 1: 0x7c004122 0x01c0003f 0x0000007f 0x00000000
2026-09-25T19:20:47.911Z -INFO vmware-vmx.exe 13448 [ws@4413 threadName="vmx"] CPUID[9] level 00000004, 2: 0x7c01c143 0x03c0003f 0x000007ff 0x00000000
2026-09-25T19:20:47.911Z -INFO vmware-vmx.exe 13448 [ws@4413 threadName="vmx"] CPUID[9] level 00000006, 0: 0x009f8ff3 0x00000002 0x00000409 0x00050003
2026-09-25T19:20:47.911Z -INFO vmware-vmx.exe 13448 [ws@4413 threadName="vmx"] CPUID[9] level 00000014, 0: 0x00000001 0x0000005f 0x80000007 0x00000000
2026-09-25T19:20:47.911Z -INFO vmware-vmx.exe 13448 [ws@4413 threadName="vmx"] CPUID[9] level 0000001a, 0: 0x20000001 0x00000000 0x00000000 0x00000000
2026-09-25T19:20:47.911Z -INFO vmware-vmx.exe 13448 [ws@4413 threadName="vmx"] CPUID[10] level 00000004, 0: 0x7c004121 0x01c0003f 0x0000003f 0x00000000
2026-09-25T19:20:47.911Z -INFO vmware-vmx.exe 13448 [ws@4413 threadName="vmx"] CPUID[10] level 00000004, 1: 0x7c004122 0x01c0003f 0x0000007f 0x00000000
2026-09-25T19:20:47.911Z -INFO vmware-vmx.exe 13448 [ws@4413 threadName="vmx"] CPUID[10] level 00000004, 2: 0x7c01c143 0x03c0003f 0x000007ff 0x00000000
2026-09-25T19:20:47.911Z -INFO vmware-vmx.exe 13448 [ws@4413 threadName="vmx"] CPUID[10] level 00000006, 0: 0x009f8ff3 0x00000002 0x00000409 0x00050003
2026-09-25T19:20:47.911Z -INFO vmware-vmx.exe 13448 [ws@4413 threadName="vmx"] CPUID[10] level 00000014, 0: 0x00000001 0x0000005f 0x80000007 0x00000000
2026-09-25T19:20:47.911Z -INFO vmware-vmx.exe 13448 [ws@4413 threadName="vmx"] CPUID[10] level 0000001a, 0: 0x20000001 0x00000000 0x00000000 0x00000000
2026-09-25T19:20:47.911Z -INFO vmware-vmx.exe 13448 [ws@4413 threadName="vmx"] CPUID[11] level 00000004, 0: 0x7c004121 0x01c0003f 0x0000003f 0x00000000
2026-09-25T19:20:47.911Z -INFO vmware-vmx.exe 13448 [ws@4413 threadName="vmx"] CPUID[11] level 00000004, 1: 0x7c004122 0x01c0003f 0x0000007f 0x00000000
2026-09-25T19:20:47.911Z -INFO vmware-vmx.exe 13448 [ws@4413 threadName="vmx"] CPUID[11] level 00000004, 2: 0x7c01c143 0x03c0003f 0x000007ff 0x00000000
2026-09-25T19:20:47.911Z -INFO vmware-vmx.exe 13448 [ws@4413 threadName="vmx"] CPUID[11] level 00000006, 0: 0x009f8ff3 0x00000002 0x00000409 0x00050003
2026-09-25T19:20:47.911Z -INFO vmware-vmx.exe 13448 [ws@4413 threadName="vmx"] CPUID[11] level 00000014, 0: 0x00000001 0x0000005f 0x80000007 0x00000000
2026-09-25T19:20:47.911Z -INFO vmware-vmx.exe 13448 [ws@4413 threadName="vmx"] CPUID[11] level 0000001a, 0: 0x20000001 0x00000000 0x00000000 0x00000000
2026-09-25T19:20:47.911Z -INFO vmware-vmx.exe 13448 [ws@4413 threadName="vmx"] Physical APIC IDs: 0-1,8-9,16-17,24-25,40,42,44,46
2026-09-25T19:20:47.911Z -INFO vmware-vmx.exe 13448 [ws@4413 threadName="vmx"] Physical X2APIC IDs: 0-1,8-9,16-17,24-25,40,42,44,46
2026-09-25T19:20:47.911Z -INFO vmware-vmx.exe 13448 [ws@4413 threadName="vmx"] Common: MSR       0x3a =                0x5
2026-09-25T19:20:47.911Z -INFO vmware-vmx.exe 13448 [ws@4413 threadName="vmx"] Common: MSR      0x480 =  0x1d8100000000001
2026-09-25T19:20:47.911Z -INFO vmware-vmx.exe 13448 [ws@4413 threadName="vmx"] Common: MSR      0x481 =       0x3f00000016
2026-09-25T19:20:47.911Z -INFO vmware-vmx.exe 13448 [ws@4413 threadName="vmx"] Common: MSR      0x482 = 0xf7f9fffe2401e5f2
2026-09-25T19:20:47.911Z -INFO vmware-vmx.exe 13448 [ws@4413 threadName="vmx"] Common: MSR      0x483 = 0x143fffff00036fff
2026-09-25T19:20:47.911Z -INFO vmware-vmx.exe 13448 [ws@4413 threadName="vmx"] Common: MSR      0x484 =   0x30f3ff000011ff
2026-09-25T19:20:47.911Z -INFO vmware-vmx.exe 13448 [ws@4413 threadName="vmx"] Common: MSR      0x485 =               0x60
2026-09-25T19:20:47.911Z -INFO vmware-vmx.exe 13448 [ws@4413 threadName="vmx"] Common: MSR      0x486 =         0x80000021
2026-09-25T19:20:47.911Z -INFO vmware-vmx.exe 13448 [ws@4413 threadName="vmx"] Common: MSR      0x487 =         0xffffffff
2026-09-25T19:20:47.911Z -INFO vmware-vmx.exe 13448 [ws@4413 threadName="vmx"] Common: MSR      0x488 =             0x2000
2026-09-25T19:20:47.911Z -INFO vmware-vmx.exe 13448 [ws@4413 threadName="vmx"] Common: MSR      0x489 =           0xb72fff
2026-09-25T19:20:47.911Z -INFO vmware-vmx.exe 13448 [ws@4413 threadName="vmx"] Common: MSR      0x48a =               0x2a
2026-09-25T19:20:47.911Z -INFO vmware-vmx.exe 13448 [ws@4413 threadName="vmx"] Common: MSR      0x48b =  0x65018ae00000000
2026-09-25T19:20:47.911Z -INFO vmware-vmx.exe 13448 [ws@4413 threadName="vmx"] Common: MSR      0x48c =      0xf0106f34041
2026-09-25T19:20:47.911Z -INFO vmware-vmx.exe 13448 [ws@4413 threadName="vmx"] Common: MSR      0x48d =       0x3f00000016
2026-09-25T19:20:47.911Z -INFO vmware-vmx.exe 13448 [ws@4413 threadName="vmx"] Common: MSR      0x48e = 0xf7f9fffe240065f2
2026-09-25T19:20:47.911Z -INFO vmware-vmx.exe 13448 [ws@4413 threadName="vmx"] Common: MSR      0x48f = 0x143fffff00036ffb
2026-09-25T19:20:47.911Z -INFO vmware-vmx.exe 13448 [ws@4413 threadName="vmx"] Common: MSR      0x490 =   0x30f3ff000011fb
2026-09-25T19:20:47.911Z -INFO vmware-vmx.exe 13448 [ws@4413 threadName="vmx"] Common: MSR      0x491 =                  0
2026-09-25T19:20:47.911Z -INFO vmware-vmx.exe 13448 [ws@4413 threadName="vmx"] Common: MSR      0x492 =                  0
2026-09-25T19:20:47.911Z -INFO vmware-vmx.exe 13448 [ws@4413 threadName="vmx"] Common: MSR      0x493 =                  0
2026-09-25T19:20:47.911Z -INFO vmware-vmx.exe 13448 [ws@4413 threadName="vmx"] Common: MSR 0xc0010114 =                  0
2026-09-25T19:20:47.911Z -INFO vmware-vmx.exe 13448 [ws@4413 threadName="vmx"] Common: MSR       0xce =         0x80000000
2026-09-25T19:20:47.911Z -INFO vmware-vmx.exe 13448 [ws@4413 threadName="vmx"] Common: MSR      0x10a =              0x16f
2026-09-25T19:20:47.911Z -INFO vmware-vmx.exe 13448 [ws@4413 threadName="vmx"] Common: MSR      0x122 =                  0
2026-09-25T19:20:47.911Z -INFO vmware-vmx.exe 13448 [ws@4413 threadName="vmx"] Common: MSR      0x123 =                  0
2026-09-25T19:20:47.911Z -INFO vmware-vmx.exe 13448 [ws@4413 threadName="vmx"] TSC Hz estimates: vmmon 4294963296, remembered 0, osReported 0. Using 2496000272 Hz.
2026-09-25T19:20:47.911Z -INFO vmware-vmx.exe 13448 [ws@4413 threadName="vmx"] PTSC: RefClockToPTSC 0 @ 10000000Hz -> 0 @ 2496000272Hz
2026-09-25T19:20:47.911Z -INFO vmware-vmx.exe 13448 [ws@4413 threadName="vmx"] PTSC: RefClockToPTSC ((x * 4187593570) >> 24) + -50543759639964
2026-09-25T19:20:47.911Z -INFO vmware-vmx.exe 13448 [ws@4413 threadName="vmx"] PTSC: tscOffset 0
2026-09-25T19:20:47.911Z -INFO vmware-vmx.exe 13448 [ws@4413 threadName="vmx"] PTSC: using user-level reference clock
2026-09-25T19:20:47.911Z -INFO vmware-vmx.exe 13448 [ws@4413 threadName="vmx"] PTSC: hardware TSCs are synchronized.
2026-09-25T19:20:47.911Z -INFO vmware-vmx.exe 13448 [ws@4413 threadName="vmx"] PTSC: hardware TSCs may have been adjusted by the host.
2026-09-25T19:20:47.911Z -INFO vmware-vmx.exe 13448 [ws@4413 threadName="vmx"] PTSC: current PTSC=128544
2026-09-25T19:20:47.929Z -INFO vmware-vmx.exe 13448 [ws@4413 threadName="vmx"] WQPoolAllocPoll : pollIx = 3, signalHandle = 940
2026-09-25T19:20:47.990Z -INFO vmware-vmx.exe 13448 [ws@4413 threadName="vmx"] ConfigVMX_Load: Loaded C:\Users\Aleja\OneDrive\Documentos\Virtual Machines\m1\m1.vmx in 522 us
2026-09-25T19:20:47.995Z -INFO vmware-vmx.exe 13448 [ws@4413 threadName="vmx"] ConfigCheck: No rules file found. Checks are disabled.
2026-09-25T19:20:47.995Z -INFO vmware-vmx.exe 13448 [ws@4413 threadName="vmx"] changing directory to C:\Users\Aleja\OneDrive\Documentos\Virtual Machines\m1\.
2026-09-25T19:20:47.995Z -INFO vmware-vmx.exe 13448 [ws@4413 threadName="vmx"] Config file: C:\Users\Aleja\OneDrive\Documentos\Virtual Machines\m1\m1.vmx
2026-09-25T19:20:47.995Z -INFO vmware-vmx.exe 13448 [ws@4413 threadName="vmx"] Vix: [mainDispatch.c:4172]: VMAutomation_ReportPowerOpFinished: statevar=1, newAppState=1873, success=1 additionalError=0
2026-09-25T19:20:47.995Z -INFO vmware-vmx.exe 13448 [ws@4413 threadName="vmx"] Vix: [mainDispatch.c:4172]: VMAutomation_ReportPowerOpFinished: statevar=2, newAppState=1878, success=1 additionalError=0
2026-09-25T19:20:47.995Z -INFO vmware-vmx.exe 13448 [ws@4413 threadName="vmx"] LogRotation: Rotating to a new log file (keepOld 3) took 0.000088 seconds.
2026-09-25T19:20:47.995Z -NOTICE vmware-vmx.exe 13448 [ws@4413 threadName="vmx"] LogVMXReplace: Successful switching from temporary to permanent log file took 0.003265 seconds.
2026-09-25T19:20:48.002Z -INFO vmware-vmx.exe 13448 [ws@4413 threadName="vmx"] distroName is 'ubuntu'
2026-09-25T19:20:48.026Z -NOTICE vmware-vmx.exe 13448 [ws@4413 threadName="vmx"] ConfigDB: Setting floppy0.clientDevice = "FALSE"
2026-09-25T19:20:48.028Z -WARNING vmware-vmx.exe 13448 [ws@4413 threadName="vmx"] PowerOn
2026-09-25T19:20:48.028Z -INFO vmware-vmx.exe 13448 [ws@4413 threadName="vmx"] VMX_PowerOn: VMX build 24995812, UI build 24995812
2026-09-25T19:20:48.028Z -INFO vmware-vmx.exe 13448 [ws@4413 threadName="vmx"] HostWin32: WIN32 NUMA node 0, CPU mask 0x0000000000000fff
2026-09-25T19:20:48.038Z -INFO vmware-vmx.exe 13448 [ws@4413 threadName="vmx"] Vix: [mainDispatch.c:4172]: VMAutomation_ReportPowerOpFinished: statevar=0, newAppState=1871, success=1 additionalError=0
2026-09-25T19:20:48.038Z -NOTICE vmware-vmx.exe 13448 [ws@4413 threadName="vmx"] ConfigDB: Setting vmxstats.filename = "m1.scoreboard"
2026-09-25T19:20:48.045Z -INFO vmware-vmx.exe 13448 [ws@4413 threadName="vmx"] STATSFILE: StatsFile 'C:\Users\Aleja\OneDrive\Documentos\Virtual Machines\m1\m1.scoreboard' created
2026-09-25T19:20:48.045Z -INFO vmware-vmx.exe 13448 [ws@4413 threadName="vmx"] HOST Windows version 10.0, build 26200, platform 2, ""
2026-09-25T19:20:48.045Z -INFO vmware-vmx.exe 13448 [ws@4413 threadName="vmx"] DICT --- GLOBAL SETTINGS C:\ProgramData\VMware\VMware Workstation\settings.ini
2026-09-25T19:20:48.045Z -INFO vmware-vmx.exe 13448 [ws@4413 threadName="vmx"] DICT          printers.enabled = "FALSE"
2026-09-25T19:20:48.045Z -INFO vmware-vmx.exe 13448 [ws@4413 threadName="vmx"] DICT --- NON PERSISTENT (null)
2026-09-25T19:20:48.045Z -INFO vmware-vmx.exe 13448 [ws@4413 threadName="vmx"] DICT --- USER PREFERENCES C:\Users\Aleja\AppData\Roaming\VMware\preferences.ini
2026-09-25T19:20:48.045Z -INFO vmware-vmx.exe 13448 [ws@4413 threadName="vmx"] DICT   pref.lastUpdateCheckSec = "1790363984"
2026-09-25T19:20:48.045Z -INFO vmware-vmx.exe 13448 [ws@4413 threadName="vmx"] DICT pref.keyboardAndMouse.vmHotKey.enabled = "FALSE"
2026-09-25T19:20:48.045Z -INFO vmware-vmx.exe 13448 [ws@4413 threadName="vmx"] DICT pref.keyboardAndMouse.vmHotKey.count = "0"
2026-09-25T19:20:48.045Z -INFO vmware-vmx.exe 13448 [ws@4413 threadName="vmx"] DICT pref.ws.session.window.count = "1"
2026-09-25T19:20:48.045Z -INFO vmware-vmx.exe 13448 [ws@4413 threadName="vmx"] DICT pref.ws.session.window0.tab.count = "2"
2026-09-25T19:20:48.045Z -INFO vmware-vmx.exe 13448 [ws@4413 threadName="vmx"] DICT pref.ws.session.window0.tab0.cnxType = "vmdb"
2026-09-25T19:20:48.045Z -INFO vmware-vmx.exe 13448 [ws@4413 threadName="vmx"] DICT pref.ws.session.window0.sidebar = "FALSE"
2026-09-25T19:20:48.045Z -INFO vmware-vmx.exe 13448 [ws@4413 threadName="vmx"] DICT pref.ws.session.window0.sidebar.width = "200"
2026-09-25T19:20:48.045Z -INFO vmware-vmx.exe 13448 [ws@4413 threadName="vmx"] DICT pref.ws.session.window0.statusBar = "TRUE"
2026-09-25T19:20:48.045Z -INFO vmware-vmx.exe 13448 [ws@4413 threadName="vmx"] DICT pref.ws.session.window0.tabs = "TRUE"
2026-09-25T19:20:48.045Z -INFO vmware-vmx.exe 13448 [ws@4413 threadName="vmx"] DICT pref.ws.session.window0.thumbnailBar = "FALSE"
2026-09-25T19:20:48.045Z -INFO vmware-vmx.exe 13448 [ws@4413 threadName="vmx"] DICT pref.ws.session.window0.thumbnailBar.size = "100"
2026-09-25T19:20:48.045Z -INFO vmware-vmx.exe 13448 [ws@4413 threadName="vmx"] DICT pref.ws.session.window0.thumbnailBar.view = "opened-vms"
2026-09-25T19:20:48.045Z -INFO vmware-vmx.exe 13448 [ws@4413 threadName="vmx"] DICT pref.ws.session.window0.placement.left = "127"
2026-09-25T19:20:48.045Z -INFO vmware-vmx.exe 13448 [ws@4413 threadName="vmx"] DICT pref.ws.session.window0.placement.top = "0"
2026-09-25T19:20:48.045Z -INFO vmware-vmx.exe 13448 [ws@4413 threadName="vmx"] DICT pref.ws.session.window0.placement.right = "1627"
2026-09-25T19:20:48.045Z -INFO vmware-vmx.exe 13448 [ws@4413 threadName="vmx"] DICT pref.ws.session.window0.placement.bottom = "1028"
2026-09-25T19:20:48.045Z -INFO vmware-vmx.exe 13448 [ws@4413 threadName="vmx"] DICT pref.ws.session.window0.maximized = "TRUE"
2026-09-25T19:20:48.045Z -INFO vmware-vmx.exe 13448 [ws@4413 threadName="vmx"] DICT         vmWizard.guestKey = "ubuntu-64"
2026-09-25T19:20:48.045Z -INFO vmware-vmx.exe 13448 [ws@4413 threadName="vmx"] DICT vmWizard.installMediaType = "iso"
2026-09-25T19:20:48.045Z -INFO vmware-vmx.exe 13448 [ws@4413 threadName="vmx"] DICT vmWizard.isoLocationMRU.count = "3"
2026-09-25T19:20:48.045Z -INFO vmware-vmx.exe 13448 [ws@4413 threadName="vmx"] DICT vmWizard.isoLocationMRU0.location = "C:\ubuntu-24.04.4-desktop-amd64.iso"
2026-09-25T19:20:48.045Z -INFO vmware-vmx.exe 13448 [ws@4413 threadName="vmx"] DICT pref.ws.session.window0.tab1.cnxType = "vmdb"
2026-09-25T19:20:48.045Z -INFO vmware-vmx.exe 13448 [ws@4413 threadName="vmx"] DICT vmWizard.isoLocationMRU1.location = "C:\ubuntu-24.04.4-live-server-amd64.iso"
2026-09-25T19:20:48.045Z -INFO vmware-vmx.exe 13448 [ws@4413 threadName="vmx"] DICT vmWizard.isoLocationMRU2.location = "C:\Users\Aleja\Downloads\ubuntu-24.04.3-desktop-amd64.iso"
2026-09-25T19:20:48.045Z -INFO vmware-vmx.exe 13448 [ws@4413 threadName="vmx"] DICT             hints.hideAll = "FALSE"
2026-09-25T19:20:48.045Z -INFO vmware-vmx.exe 13448 [ws@4413 threadName="vmx"] DICT hint.loader.mitigations.wsAndFusion = "FALSE"
2026-09-25T19:20:48.045Z -INFO vmware-vmx.exe 13448 [ws@4413 threadName="vmx"] DICT  hint.vmui.showAllUSBDevs = "FALSE"
2026-09-25T19:20:48.045Z -INFO vmware-vmx.exe 13448 [ws@4413 threadName="vmx"] DICT pref.updatesVersionIgnore.numItems = "1"
2026-09-25T19:20:48.045Z -INFO vmware-vmx.exe 13448 [ws@4413 threadName="vmx"] DICT pref.updatesVersionIgnore0.key = <not printed>
2026-09-25T19:20:48.045Z -INFO vmware-vmx.exe 13448 [ws@4413 threadName="vmx"] DICT pref.updatesVersionIgnore0.value = "bb61d294-c7fd-4b93-bdb3-48a9b5b74f44"
2026-09-25T19:20:48.045Z -INFO vmware-vmx.exe 13448 [ws@4413 threadName="vmx"] DICT pref.ws.session.window0.tab2.cnxType = "vmdb"
2026-09-25T19:20:48.045Z -INFO vmware-vmx.exe 13448 [ws@4413 threadName="vmx"] DICT pref.ws.session.window0.tab0.dest = ""
2026-09-25T19:20:48.045Z -INFO vmware-vmx.exe 13448 [ws@4413 threadName="vmx"] DICT pref.ws.session.window0.tab0.file = ""
2026-09-25T19:20:48.045Z -INFO vmware-vmx.exe 13448 [ws@4413 threadName="vmx"] DICT pref.ws.session.window0.tab0.type = "home"
2026-09-25T19:20:48.045Z -INFO vmware-vmx.exe 13448 [ws@4413 threadName="vmx"] DICT pref.ws.session.window0.tab0.focused = "FALSE"
2026-09-25T19:20:48.045Z -INFO vmware-vmx.exe 13448 [ws@4413 threadName="vmx"] DICT pref.ws.session.window0.tab1.dest = ""
2026-09-25T19:20:48.045Z -INFO vmware-vmx.exe 13448 [ws@4413 threadName="vmx"] DICT pref.ws.session.window0.tab1.file = "C:\Users\Aleja\OneDrive\Documentos\Virtual Machines\m1\m1.vmx"
2026-09-25T19:20:48.045Z -INFO vmware-vmx.exe 13448 [ws@4413 threadName="vmx"] DICT pref.ws.session.window0.tab1.type = "vm"
2026-09-25T19:20:48.045Z -INFO vmware-vmx.exe 13448 [ws@4413 threadName="vmx"] DICT pref.ws.session.window0.tab1.focused = "TRUE"
2026-09-25T19:20:48.045Z -INFO vmware-vmx.exe 13448 [ws@4413 threadName="vmx"] DICT --- USER DEFAULTS C:\Users\Aleja\AppData\Roaming\VMware\config.ini
2026-09-25T19:20:48.045Z -INFO vmware-vmx.exe 13448 [ws@4413 threadName="vmx"] DICT --- HOST DEFAULTS C:\ProgramData\VMware\VMware Workstation\config.ini
2026-09-25T19:20:48.045Z -INFO vmware-vmx.exe 13448 [ws@4413 threadName="vmx"] DICT         authd.client.port = "902"
2026-09-25T19:20:48.045Z -INFO vmware-vmx.exe 13448 [ws@4413 threadName="vmx"] DICT           authd.proxy.nfc = "vmware-hostd:ha-nfc"
2026-09-25T19:20:48.045Z -INFO vmware-vmx.exe 13448 [ws@4413 threadName="vmx"] DICT installerDefaults.autoSoftwareUpdateEnabled = "yes"
2026-09-25T19:20:48.045Z -INFO vmware-vmx.exe 13448 [ws@4413 threadName="vmx"] DICT installerDefaults.autoSoftwareUpdateEnabled.epoch = "1801"
2026-09-25T19:20:48.045Z -INFO vmware-vmx.exe 13448 [ws@4413 threadName="vmx"] DICT installerDefaults.componentDownloadEnabled = "yes"
2026-09-25T19:20:48.045Z -INFO vmware-vmx.exe 13448 [ws@4413 threadName="vmx"] DICT installerDefaults.dataCollectionEnabled = "yes"
2026-09-25T19:20:48.045Z -INFO vmware-vmx.exe 13448 [ws@4413 threadName="vmx"] DICT installerDefaults.dataCollectionEnabled.epoch = "1801"
2026-09-25T19:20:48.045Z -INFO vmware-vmx.exe 13448 [ws@4413 threadName="vmx"] DICT --- SITE DEFAULTS C:\ProgramData\VMware\VMware Workstation\config.ini
2026-09-25T19:20:48.045Z -INFO vmware-vmx.exe 13448 [ws@4413 threadName="vmx"] DICT         authd.client.port = "902"
2026-09-25T19:20:48.045Z -INFO vmware-vmx.exe 13448 [ws@4413 threadName="vmx"] DICT           authd.proxy.nfc = "vmware-hostd:ha-nfc"
2026-09-25T19:20:48.045Z -INFO vmware-vmx.exe 13448 [ws@4413 threadName="vmx"] DICT installerDefaults.autoSoftwareUpdateEnabled = "yes"
2026-09-25T19:20:48.045Z -INFO vmware-vmx.exe 13448 [ws@4413 threadName="vmx"] DICT installerDefaults.autoSoftwareUpdateEnabled.epoch = "1801"
2026-09-25T19:20:48.045Z -INFO vmware-vmx.exe 13448 [ws@4413 threadName="vmx"] DICT installerDefaults.componentDownloadEnabled = "yes"
2026-09-25T19:20:48.045Z -INFO vmware-vmx.exe 13448 [ws@4413 threadName="vmx"] DICT installerDefaults.dataCollectionEnabled = "yes"
2026-09-25T19:20:48.045Z -INFO vmware-vmx.exe 13448 [ws@4413 threadName="vmx"] DICT installerDefaults.dataCollectionEnabled.epoch = "1801"
2026-09-25T19:20:48.045Z -INFO vmware-vmx.exe 13448 [ws@4413 threadName="vmx"] DICT --- NONPERSISTENT
2026-09-25T19:20:48.045Z -INFO vmware-vmx.exe 13448 [ws@4413 threadName="vmx"] DICT            vmx.stdio.keep = "TRUE"
2026-09-25T19:20:48.045Z -INFO vmware-vmx.exe 13448 [ws@4413 threadName="vmx"] DICT --- COMMAND LINE
2026-09-25T19:20:48.045Z -INFO vmware-vmx.exe 13448 [ws@4413 threadName="vmx"] DICT            vmx.stdio.keep = "TRUE"
2026-09-25T19:20:48.045Z -INFO vmware-vmx.exe 13448 [ws@4413 threadName="vmx"] DICT --- RECORDING
2026-09-25T19:20:48.045Z -INFO vmware-vmx.exe 13448 [ws@4413 threadName="vmx"] DICT            vmx.stdio.keep = "TRUE"
2026-09-25T19:20:48.045Z -INFO vmware-vmx.exe 13448 [ws@4413 threadName="vmx"] DICT --- CONFIGURATION C:\Users\Aleja\OneDrive\Documentos\Virtual Machines\m1\m1.vmx 
2026-09-25T19:20:48.045Z -INFO vmware-vmx.exe 13448 [ws@4413 threadName="vmx"] DICT            config.version = "8"
2026-09-25T19:20:48.045Z -INFO vmware-vmx.exe 13448 [ws@4413 threadName="vmx"] DICT         virtualHW.version = "22"
2026-09-25T19:20:48.045Z -INFO vmware-vmx.exe 13448 [ws@4413 threadName="vmx"] DICT              mks.enable3d = "TRUE"
2026-09-25T19:20:48.045Z -INFO vmware-vmx.exe 13448 [ws@4413 threadName="vmx"] DICT        pciBridge0.present = "TRUE"
2026-09-25T19:20:48.045Z -INFO vmware-vmx.exe 13448 [ws@4413 threadName="vmx"] DICT        pciBridge4.present = "TRUE"
2026-09-25T19:20:48.045Z -INFO vmware-vmx.exe 13448 [ws@4413 threadName="vmx"] DICT     pciBridge4.virtualDev = "pcieRootPort"
2026-09-25T19:20:48.045Z -INFO vmware-vmx.exe 13448 [ws@4413 threadName="vmx"] DICT      pciBridge4.functions = "8"
2026-09-25T19:20:48.045Z -INFO vmware-vmx.exe 13448 [ws@4413 threadName="vmx"] DICT        pciBridge5.present = "TRUE"
2026-09-25T19:20:48.045Z -INFO vmware-vmx.exe 13448 [ws@4413 threadName="vmx"] DICT     pciBridge5.virtualDev = "pcieRootPort"
2026-09-25T19:20:48.045Z -INFO vmware-vmx.exe 13448 [ws@4413 threadName="vmx"] DICT      pciBridge5.functions = "8"
2026-09-25T19:20:48.045Z -INFO vmware-vmx.exe 13448 [ws@4413 threadName="vmx"] DICT        pciBridge6.present = "TRUE"
2026-09-25T19:20:48.045Z -INFO vmware-vmx.exe 13448 [ws@4413 threadName="vmx"] DICT     pciBridge6.virtualDev = "pcieRootPort"
2026-09-25T19:20:48.045Z -INFO vmware-vmx.exe 13448 [ws@4413 threadName="vmx"] DICT      pciBridge6.functions = "8"
2026-09-25T19:20:48.045Z -INFO vmware-vmx.exe 13448 [ws@4413 threadName="vmx"] DICT        pciBridge7.present = "TRUE"
2026-09-25T19:20:48.045Z -INFO vmware-vmx.exe 13448 [ws@4413 threadName="vmx"] DICT     pciBridge7.virtualDev = "pcieRootPort"
2026-09-25T19:20:48.045Z -INFO vmware-vmx.exe 13448 [ws@4413 threadName="vmx"] DICT      pciBridge7.functions = "8"
2026-09-25T19:20:48.045Z -INFO vmware-vmx.exe 13448 [ws@4413 threadName="vmx"] DICT             vmci0.present = "TRUE"
2026-09-25T19:20:48.045Z -INFO vmware-vmx.exe 13448 [ws@4413 threadName="vmx"] DICT             hpet0.present = "TRUE"
2026-09-25T19:20:48.045Z -INFO vmware-vmx.exe 13448 [ws@4413 threadName="vmx"] DICT                     nvram = "m1.nvram"
2026-09-25T19:20:48.045Z -INFO vmware-vmx.exe 13448 [ws@4413 threadName="vmx"] DICT virtualHW.productCompatibility = "hosted"
2026-09-25T19:20:48.045Z -INFO vmware-vmx.exe 13448 [ws@4413 threadName="vmx"] DICT        powerType.powerOff = "soft"
2026-09-25T19:20:48.045Z -INFO vmware-vmx.exe 13448 [ws@4413 threadName="vmx"] DICT         powerType.powerOn = "soft"
2026-09-25T19:20:48.047Z -INFO vmware-vmx.exe 13448 [ws@4413 threadName="vmx"] DICT         powerType.suspend = "soft"
2026-09-25T19:20:48.047Z -INFO vmware-vmx.exe 13448 [ws@4413 threadName="vmx"] DICT           powerType.reset = "soft"
2026-09-25T19:20:48.047Z -INFO vmware-vmx.exe 13448 [ws@4413 threadName="vmx"] DICT               displayName = "m1"
2026-09-25T19:20:48.047Z -INFO vmware-vmx.exe 13448 [ws@4413 threadName="vmx"] DICT                   guestOS = "ubuntu-64"
2026-09-25T19:20:48.047Z -INFO vmware-vmx.exe 13448 [ws@4413 threadName="vmx"] DICT            tools.syncTime = "FALSE"
2026-09-25T19:20:48.047Z -INFO vmware-vmx.exe 13448 [ws@4413 threadName="vmx"] DICT          sound.autoDetect = "TRUE"
2026-09-25T19:20:48.047Z -INFO vmware-vmx.exe 13448 [ws@4413 threadName="vmx"] DICT            sound.fileName = "-1"
2026-09-25T19:20:48.047Z -INFO vmware-vmx.exe 13448 [ws@4413 threadName="vmx"] DICT             sound.present = "TRUE"
2026-09-25T19:20:48.047Z -INFO vmware-vmx.exe 13448 [ws@4413 threadName="vmx"] DICT                  numvcpus = "12"
2026-09-25T19:20:48.047Z -INFO vmware-vmx.exe 13448 [ws@4413 threadName="vmx"] DICT      cpuid.coresPerSocket = "3"
2026-09-25T19:20:48.047Z -INFO vmware-vmx.exe 13448 [ws@4413 threadName="vmx"] DICT               vcpu.hotadd = "TRUE"
2026-09-25T19:20:48.047Z -INFO vmware-vmx.exe 13448 [ws@4413 threadName="vmx"] DICT                   memsize = "3568"
2026-09-25T19:20:48.047Z -INFO vmware-vmx.exe 13448 [ws@4413 threadName="vmx"] DICT                mem.hotadd = "TRUE"
2026-09-25T19:20:48.047Z -INFO vmware-vmx.exe 13448 [ws@4413 threadName="vmx"] DICT          scsi0.virtualDev = "lsilogic"
2026-09-25T19:20:48.047Z -INFO vmware-vmx.exe 13448 [ws@4413 threadName="vmx"] DICT             scsi0.present = "TRUE"
2026-09-25T19:20:48.047Z -INFO vmware-vmx.exe 13448 [ws@4413 threadName="vmx"] DICT             sata0.present = "TRUE"
2026-09-25T19:20:48.047Z -INFO vmware-vmx.exe 13448 [ws@4413 threadName="vmx"] DICT          scsi0:0.fileName = "m1.vmdk"
2026-09-25T19:20:48.047Z -INFO vmware-vmx.exe 13448 [ws@4413 threadName="vmx"] DICT           scsi0:0.present = "TRUE"
2026-09-25T19:20:48.047Z -INFO vmware-vmx.exe 13448 [ws@4413 threadName="vmx"] DICT        sata0:0.deviceType = "cdrom-image"
2026-09-25T19:20:48.047Z -INFO vmware-vmx.exe 13448 [ws@4413 threadName="vmx"] DICT          sata0:0.fileName = "autoinst.iso"
2026-09-25T19:20:48.047Z -INFO vmware-vmx.exe 13448 [ws@4413 threadName="vmx"] DICT           sata0:0.present = "TRUE"
2026-09-25T19:20:48.047Z -INFO vmware-vmx.exe 13448 [ws@4413 threadName="vmx"] DICT        sata0:1.deviceType = "cdrom-image"
2026-09-25T19:20:48.047Z -INFO vmware-vmx.exe 13448 [ws@4413 threadName="vmx"] DICT          sata0:1.fileName = "C:\ubuntu-24.04.4-desktop-amd64.iso"
2026-09-25T19:20:48.047Z -INFO vmware-vmx.exe 13448 [ws@4413 threadName="vmx"] DICT           sata0:1.present = "TRUE"
2026-09-25T19:20:48.047Z -INFO vmware-vmx.exe 13448 [ws@4413 threadName="vmx"] DICT               usb.present = "TRUE"
2026-09-25T19:20:48.047Z -INFO vmware-vmx.exe 13448 [ws@4413 threadName="vmx"] DICT              ehci.present = "TRUE"
2026-09-25T19:20:48.047Z -INFO vmware-vmx.exe 13448 [ws@4413 threadName="vmx"] DICT     svga.graphicsMemoryKB = "8388608"
2026-09-25T19:20:48.047Z -INFO vmware-vmx.exe 13448 [ws@4413 threadName="vmx"] DICT  ethernet0.connectionType = "nat"
2026-09-25T19:20:48.047Z -INFO vmware-vmx.exe 13448 [ws@4413 threadName="vmx"] DICT     ethernet0.addressType = "generated"
2026-09-25T19:20:48.047Z -INFO vmware-vmx.exe 13448 [ws@4413 threadName="vmx"] DICT      ethernet0.virtualDev = "e1000"
2026-09-25T19:20:48.047Z -INFO vmware-vmx.exe 13448 [ws@4413 threadName="vmx"] DICT          floppy0.fileType = "file"
2026-09-25T19:20:48.047Z -INFO vmware-vmx.exe 13448 [ws@4413 threadName="vmx"] DICT          floppy0.fileName = "autoinst.flp"
2026-09-25T19:20:48.047Z -INFO vmware-vmx.exe 13448 [ws@4413 threadName="vmx"] DICT         ethernet0.present = "TRUE"
2026-09-25T19:20:48.047Z -INFO vmware-vmx.exe 13448 [ws@4413 threadName="vmx"] DICT        extendedConfigFile = "m1.vmxf"
2026-09-25T19:20:48.047Z -INFO vmware-vmx.exe 13448 [ws@4413 threadName="vmx"] DICT      floppy0.clientDevice = "FALSE"
2026-09-25T19:20:48.047Z -INFO vmware-vmx.exe 13448 [ws@4413 threadName="vmx"] DICT         vmxstats.filename = "m1.scoreboard"
2026-09-25T19:20:48.047Z -INFO vmware-vmx.exe 13448 [ws@4413 threadName="vmx"] DICT --- USER DEFAULTS C:\Users\Aleja\AppData\Roaming\VMware\config.ini 
2026-09-25T19:20:48.047Z -INFO vmware-vmx.exe 13448 [ws@4413 threadName="vmx"] DICT --- HOST DEFAULTS C:\ProgramData\VMware\VMware Workstation\config.ini 
2026-09-25T19:20:48.047Z -INFO vmware-vmx.exe 13448 [ws@4413 threadName="vmx"] DICT         authd.client.port = "902"
2026-09-25T19:20:48.047Z -INFO vmware-vmx.exe 13448 [ws@4413 threadName="vmx"] DICT           authd.proxy.nfc = "vmware-hostd:ha-nfc"
2026-09-25T19:20:48.047Z -INFO vmware-vmx.exe 13448 [ws@4413 threadName="vmx"] DICT installerDefaults.autoSoftwareUpdateEnabled = "yes"
2026-09-25T19:20:48.047Z -INFO vmware-vmx.exe 13448 [ws@4413 threadName="vmx"] DICT installerDefaults.autoSoftwareUpdateEnabled.epoch = "1801"
2026-09-25T19:20:48.047Z -INFO vmware-vmx.exe 13448 [ws@4413 threadName="vmx"] DICT installerDefaults.componentDownloadEnabled = "yes"
2026-09-25T19:20:48.047Z -INFO vmware-vmx.exe 13448 [ws@4413 threadName="vmx"] DICT installerDefaults.dataCollectionEnabled = "yes"
2026-09-25T19:20:48.047Z -INFO vmware-vmx.exe 13448 [ws@4413 threadName="vmx"] DICT installerDefaults.dataCollectionEnabled.epoch = "1801"
2026-09-25T19:20:48.047Z -INFO vmware-vmx.exe 13448 [ws@4413 threadName="vmx"] DICT --- SITE DEFAULTS C:\ProgramData\VMware\VMware Workstation\config.ini 
2026-09-25T19:20:48.047Z -INFO vmware-vmx.exe 13448 [ws@4413 threadName="vmx"] DICT         authd.client.port = "902"
2026-09-25T19:20:48.047Z -INFO vmware-vmx.exe 13448 [ws@4413 threadName="vmx"] DICT           authd.proxy.nfc = "vmware-hostd:ha-nfc"
2026-09-25T19:20:48.047Z -INFO vmware-vmx.exe 13448 [ws@4413 threadName="vmx"] DICT installerDefaults.autoSoftwareUpdateEnabled = "yes"
2026-09-25T19:20:48.047Z -INFO vmware-vmx.exe 13448 [ws@4413 threadName="vmx"] DICT installerDefaults.autoSoftwareUpdateEnabled.epoch = "1801"
2026-09-25T19:20:48.047Z -INFO vmware-vmx.exe 13448 [ws@4413 threadName="vmx"] DICT installerDefaults.componentDownloadEnabled = "yes"
2026-09-25T19:20:48.047Z -INFO vmware-vmx.exe 13448 [ws@4413 threadName="vmx"] DICT installerDefaults.dataCollectionEnabled = "yes"
2026-09-25T19:20:48.047Z -INFO vmware-vmx.exe 13448 [ws@4413 threadName="vmx"] DICT installerDefaults.dataCollectionEnabled.epoch = "1801"
2026-09-25T19:20:48.047Z -INFO vmware-vmx.exe 13448 [ws@4413 threadName="vmx"] DICT --- GLOBAL SETTINGS C:\ProgramData\VMware\VMware Workstation\settings.ini 
2026-09-25T19:20:48.047Z -INFO vmware-vmx.exe 13448 [ws@4413 threadName="vmx"] DICT          printers.enabled = "FALSE"
2026-09-25T19:20:48.047Z -INFO vmware-vmx.exe 13448 [ws@4413 threadName="vmx"] Powering on guestOS 'ubuntu-64' using the configuration for 'ubuntu-64'.
2026-09-25T19:20:48.047Z -INFO vmware-vmx.exe 13448 [ws@4413 threadName="vmx"] ToolsISO: open of C:\Program Files (x86)\VMware\VMware Workstation\isoimages_manifest.txt.sig failed: Could not find the file
2026-09-25T19:20:48.047Z -INFO vmware-vmx.exe 13448 [ws@4413 threadName="vmx"] ToolsISO: Unable to read signature file 'C:\Program Files (x86)\VMware\VMware Workstation\isoimages_manifest.txt.sig', ignoring.
2026-09-25T19:20:48.050Z -INFO vmware-vmx.exe 13448 [ws@4413 threadName="vmx"] ToolsISO: Updated cached value for imageName to 'linux.iso'.
2026-09-25T19:20:48.050Z -INFO vmware-vmx.exe 13448 [ws@4413 threadName="vmx"] ToolsISO: Selected Tools ISO 'linux.iso' for 'ubuntu-64' guest.
2026-09-25T19:20:48.050Z -INFO vmware-vmx.exe 13448 [ws@4413 threadName="vmx"] Vix: [mainDispatch.c:4172]: VMAutomation_ReportPowerOpFinished: statevar=1, newAppState=1873, success=1 additionalError=0
2026-09-25T19:20:48.050Z -INFO vmware-vmx.exe 13448 [ws@4413 threadName="vmx"] DEVSWAP: GuestOS does not require LSI adapter swap.
2026-09-25T19:20:48.050Z -INFO vmware-vmx.exe 13448 [ws@4413 threadName="vmx"] Win32U_GetFileAttributes: GetFileAttributesExW("C:\Users\Aleja\OneDrive\Documentos\Virtual Machines\m1\m1.nvram", ...) failed, error: 2
2026-09-25T19:20:48.052Z -INFO vmware-vmx.exe 13448 [ws@4413 threadName="vmx"] Monitor Mode: ULM
2026-09-25T19:20:48.052Z -INFO vmware-vmx.exe 13448 [ws@4413 threadName="vmx"] MsgHint: msg.loader.mitigations.wsAndFusion
2026-09-25T19:20:48.052Z +INFO vmware-vmx.exe 13448 [ws@4413 threadName="vmx"] You are running this virtual machine with side channel mitigations enabled. Side channel mitigations provide enhanced security but also lower performance.
2026-09-25T19:20:48.052Z +INFO vmware-vmx.exe 13448 [ws@4413 threadName="vmx"] 
2026-09-25T19:20:48.052Z +INFO vmware-vmx.exe 13448 [ws@4413 threadName="vmx"] To disable mitigations, change the side channel mitigations setting in the advanced panel of the virtual machine settings. Refer to VMware KB article 79832 at https://kb.vmware.com/s/article/79832 for more details.
2026-09-25T19:20:48.052Z +INFO vmware-vmx.exe 13448 [ws@4413 threadName="vmx"] ---------------------------------------
2026-09-25T19:20:48.073Z -INFO vmware-vmx.exe 13448 [ws@4413 threadName="vmx"] FeatureCompat: No EVC masks.
2026-09-25T19:20:48.084Z -INFO vmware-vmx.exe 13448 [ws@4413 threadName="vmx"] OvhdMem_PowerOn: initial admission: paged  3826908 nonpaged    39223 anonymous    14714
2026-09-25T19:20:48.084Z -INFO vmware-vmx.exe 13448 [ws@4413 threadName="vmx"] VMMEM: Initial Reservation: 15159MB (MainMem=3568MB)
2026-09-25T19:20:48.084Z -INFO vmware-vmx.exe 13448 [ws@4413 threadName="vmx"] numa: Hot-add is enabled and vNUMA hot-add is disabled, forcing UMA.
2026-09-25T19:20:48.084Z -INFO vmware-vmx.exe 13448 [ws@4413 threadName="vmx"] llc: maximum vcpus per LLC: 1
2026-09-25T19:20:48.084Z -INFO vmware-vmx.exe 13448 [ws@4413 threadName="vmx"] llc: vLLC size: 3
2026-09-25T19:20:48.097Z -INFO vmware-vmx.exe 13448 [ws@4413 threadName="vmx"] MemSched_PowerOn: balloon minGuestSize 209715 (80% of min required size 262144)
2026-09-25T19:20:48.097Z -INFO vmware-vmx.exe 13448 [ws@4413 threadName="vmx"] MemSched: reserved mem (in MB) min 128 max 6184 recommended 6184
2026-09-25T19:20:48.097Z -INFO vmware-vmx.exe 13448 [ws@4413 threadName="vmx"] MemSched: pg 3826908 np 39223 anon 14714 mem 913408
2026-09-25T19:20:48.467Z -INFO vmware-vmx.exe 13448 [ws@4413 threadName="vmx"] MemSched: numvm 1 locked pages: num 0 max 1406201
2026-09-25T19:20:48.467Z -INFO vmware-vmx.exe 13448 [ws@4413 threadName="vmx"] MemSched: locked Page Limit: host 1414393 config 1583104
2026-09-25T19:20:48.467Z -INFO vmware-vmx.exe 13448 [ws@4413 threadName="vmx"] MemSched: minmempct 50 minalloc 0 admitted 1
2026-09-25T19:20:48.467Z -NOTICE vmware-vmx.exe 13448 [ws@4413 threadName="vmx"] PowerOnTiming: Module MemSched took 373067 us
2026-09-25T19:20:48.467Z -INFO vmware-vmx.exe 13448 [ws@4413 threadName="PowerNotifyThread"] VTHREAD 17140 "PowerNotifyThread"
2026-09-25T19:20:48.467Z -INFO vmware-vmx.exe 13448 [ws@4413 threadName="PowerNotifyThread"] PowerNotify thread is alive.
2026-09-25T19:20:48.467Z -INFO vmware-vmx.exe 13448 [ws@4413 threadName="vmx"] LICENSE: Running unlicensed VMX (VMware Workstation)
2026-09-25T19:20:48.467Z -INFO vmware-vmx.exe 13448 [ws@4413 threadName="vthread-12188"] VTHREAD 12188 "vthread-12188"
2026-09-25T19:20:48.467Z -INFO vmware-vmx.exe 13448 [ws@4413 threadName="vmx"] Win32U_GetFileAttributes: GetFileAttributesExW("C:\Users\Aleja\OneDrive\Documentos\Virtual Machines\m1\m1.vmpl", ...) failed, error: 2
2026-09-25T19:20:48.467Z -INFO vmware-vmx.exe 13448 [ws@4413 threadName="vmx"] PolicyVMXFindPolicyKey: policy file does not exist.
2026-09-25T19:20:48.474Z -INFO vmware-vmx.exe 13448 [ws@4413 threadName="vmx"] Win32U_GetFileAttributes: GetFileAttributesExW("C:\Users\Aleja\OneDrive\Documentos\Virtual Machines\m1\m1.vmpl", ...) failed, error: 2
2026-09-25T19:20:48.474Z -INFO vmware-vmx.exe 13448 [ws@4413 threadName="vmx"] PolicyVMXFindPolicyKey: policy file does not exist.
2026-09-25T19:20:48.474Z -INFO vmware-vmx.exe 13448 [ws@4413 threadName="vmx"] Host PA size: 39 bits. Guest PA size: 45 bits.
2026-09-25T19:20:48.474Z -INFO vmware-vmx.exe 13448 [ws@4413 threadName="vmx"] ToolsISO: Refreshing imageName for 'ubuntu-64' (refreshCount=1, lastCount=1).
2026-09-25T19:20:48.474Z -INFO vmware-vmx.exe 13448 [ws@4413 threadName="vmx"] ToolsISO: open of C:\Program Files (x86)\VMware\VMware Workstation\isoimages_manifest.txt.sig failed: Could not find the file
2026-09-25T19:20:48.474Z -INFO vmware-vmx.exe 13448 [ws@4413 threadName="vmx"] ToolsISO: Unable to read signature file 'C:\Program Files (x86)\VMware\VMware Workstation\isoimages_manifest.txt.sig', ignoring.
2026-09-25T19:20:48.474Z -INFO vmware-vmx.exe 13448 [ws@4413 threadName="vmx"] ToolsISO: Updated cached value for imageName to 'linux.iso'.
2026-09-25T19:20:48.474Z -INFO vmware-vmx.exe 13448 [ws@4413 threadName="vmx"] ToolsISO: Selected Tools ISO 'linux.iso' for 'ubuntu-64' guest.
2026-09-25T19:20:48.474Z -INFO vmware-vmx.exe 13448 [ws@4413 threadName="deviceThread"] VTHREAD 7560 "deviceThread"
2026-09-25T19:20:48.474Z -INFO vmware-vmx.exe 13448 [ws@4413 threadName="deviceThread"] Device thread is alive
2026-09-25T19:20:48.474Z -INFO vmware-vmx.exe 13448 [ws@4413 threadName="vmx"] Host VT-x Capabilities:
2026-09-25T19:20:48.474Z -INFO vmware-vmx.exe 13448 [ws@4413 threadName="vmx"] Basic VMX Information (0x01d8100000000001)
2026-09-25T19:20:48.474Z -INFO vmware-vmx.exe 13448 [ws@4413 threadName="vmx"]   VMCS revision ID                           1
2026-09-25T19:20:48.474Z -INFO vmware-vmx.exe 13448 [ws@4413 threadName="vmx"]   VMCS region length                      4096
2026-09-25T19:20:48.474Z -INFO vmware-vmx.exe 13448 [ws@4413 threadName="vmx"]   VMX physical-address width           natural
2026-09-25T19:20:48.474Z -INFO vmware-vmx.exe 13448 [ws@4413 threadName="vmx"]   SMM dual-monitor mode                     no
2026-09-25T19:20:48.474Z -INFO vmware-vmx.exe 13448 [ws@4413 threadName="vmx"]   VMCS memory type                          WB
2026-09-25T19:20:48.474Z -INFO vmware-vmx.exe 13448 [ws@4413 threadName="vmx"]   Advanced INS/OUTS info                   yes
2026-09-25T19:20:48.474Z -INFO vmware-vmx.exe 13448 [ws@4413 threadName="vmx"]   True VMX MSRs                            yes
2026-09-25T19:20:48.474Z -INFO vmware-vmx.exe 13448 [ws@4413 threadName="vmx"]   Exception Injection ignores error code   yes
2026-09-25T19:20:48.474Z -INFO vmware-vmx.exe 13448 [ws@4413 threadName="vmx"] True Pin-Based VM-Execution Controls (0x0000003f00000016)
2026-09-25T19:20:48.474Z -INFO vmware-vmx.exe 13448 [ws@4413 threadName="vmx"]   External-interrupt exiting               {0,1}
2026-09-25T19:20:48.474Z -INFO vmware-vmx.exe 13448 [ws@4413 threadName="vmx"]   NMI exiting                              {0,1}
2026-09-25T19:20:48.474Z -INFO vmware-vmx.exe 13448 [ws@4413 threadName="vmx"]   Virtual NMIs                             {0,1}
2026-09-25T19:20:48.474Z -INFO vmware-vmx.exe 13448 [ws@4413 threadName="vmx"]   Activate VMX-preemption timer            { 0 }
2026-09-25T19:20:48.474Z -INFO vmware-vmx.exe 13448 [ws@4413 threadName="vmx"]   Process posted interrupts                { 0 }
2026-09-25T19:20:48.474Z -INFO vmware-vmx.exe 13448 [ws@4413 threadName="vmx"] True Primary Processor-Based VM-Execution Controls (0xf7f9fffe240065f2)
2026-09-25T19:20:48.474Z -INFO vmware-vmx.exe 13448 [ws@4413 threadName="vmx"]   Interrupt-window exiting                 {0,1}
2026-09-25T19:20:48.474Z -INFO vmware-vmx.exe 13448 [ws@4413 threadName="vmx"]   Use TSC offsetting                       {0,1}
2026-09-25T19:20:48.474Z -INFO vmware-vmx.exe 13448 [ws@4413 threadName="vmx"]   HLT exiting                              { 1 }
2026-09-25T19:20:48.474Z -INFO vmware-vmx.exe 13448 [ws@4413 threadName="vmx"]   INVLPG exiting                           {0,1}
2026-09-25T19:20:48.474Z -INFO vmware-vmx.exe 13448 [ws@4413 threadName="vmx"]   MWAIT exiting                            { 1 }
2026-09-25T19:20:48.474Z -INFO vmware-vmx.exe 13448 [ws@4413 threadName="vmx"]   RDPMC exiting                            {0,1}
2026-09-25T19:20:48.474Z -INFO vmware-vmx.exe 13448 [ws@4413 threadName="vmx"]   RDTSC exiting                            {0,1}
2026-09-25T19:20:48.474Z -INFO vmware-vmx.exe 13448 [ws@4413 threadName="vmx"]   CR3-load exiting                         {0,1}
2026-09-25T19:20:48.474Z -INFO vmware-vmx.exe 13448 [ws@4413 threadName="vmx"]   CR3-store exiting                        {0,1}
2026-09-25T19:20:48.474Z -INFO vmware-vmx.exe 13448 [ws@4413 threadName="vmx"]   Activate tertiary controls               { 0 }
2026-09-25T19:20:48.474Z -INFO vmware-vmx.exe 13448 [ws@4413 threadName="vmx"]   CR8-load exiting                         {0,1}
2026-09-25T19:20:48.474Z -INFO vmware-vmx.exe 13448 [ws@4413 threadName="vmx"]   CR8-store exiting                        {0,1}
2026-09-25T19:20:48.474Z -INFO vmware-vmx.exe 13448 [ws@4413 threadName="vmx"]   Use TPR shadow                           {0,1}
2026-09-25T19:20:48.474Z -INFO vmware-vmx.exe 13448 [ws@4413 threadName="vmx"]   NMI-window exiting                       {0,1}
2026-09-25T19:20:48.474Z -INFO vmware-vmx.exe 13448 [ws@4413 threadName="vmx"]   MOV-DR exiting                           {0,1}
2026-09-25T19:20:48.474Z -INFO vmware-vmx.exe 13448 [ws@4413 threadName="vmx"]   Unconditional I/O exiting                {0,1}
2026-09-25T19:20:48.474Z -INFO vmware-vmx.exe 13448 [ws@4413 threadName="vmx"]   Use I/O bitmaps                          {0,1}
2026-09-25T19:20:48.474Z -INFO vmware-vmx.exe 13448 [ws@4413 threadName="vmx"]   Monitor trap flag                        { 0 }
2026-09-25T19:20:48.474Z -INFO vmware-vmx.exe 13448 [ws@4413 threadName="vmx"]   Use MSR bitmaps                          {0,1}
2026-09-25T19:20:48.474Z -INFO vmware-vmx.exe 13448 [ws@4413 threadName="vmx"]   MONITOR exiting                          { 1 }
2026-09-25T19:20:48.474Z -INFO vmware-vmx.exe 13448 [ws@4413 threadName="vmx"]   PAUSE exiting                            {0,1}
2026-09-25T19:20:48.474Z -INFO vmware-vmx.exe 13448 [ws@4413 threadName="vmx"]   Activate secondary controls              {0,1}
2026-09-25T19:20:48.474Z -INFO vmware-vmx.exe 13448 [ws@4413 threadName="vmx"] Secondary Processor-Based VM-Execution Controls (0x065018ae00000000)
2026-09-25T19:20:48.474Z -INFO vmware-vmx.exe 13448 [ws@4413 threadName="vmx"]   Virtualize APIC accesses                 { 0 }
2026-09-25T19:20:48.474Z -INFO vmware-vmx.exe 13448 [ws@4413 threadName="vmx"]   Enable EPT                               {0,1}
2026-09-25T19:20:48.474Z -INFO vmware-vmx.exe 13448 [ws@4413 threadName="vmx"]   Descriptor-table exiting                 {0,1}
2026-09-25T19:20:48.474Z -INFO vmware-vmx.exe 13448 [ws@4413 threadName="vmx"]   Enable RDTSCP                            {0,1}
2026-09-25T19:20:48.474Z -INFO vmware-vmx.exe 13448 [ws@4413 threadName="vmx"]   Virtualize x2APIC mode                   { 0 }
2026-09-25T19:20:48.474Z -INFO vmware-vmx.exe 13448 [ws@4413 threadName="vmx"]   Enable VPID                              {0,1}
2026-09-25T19:20:48.474Z -INFO vmware-vmx.exe 13448 [ws@4413 threadName="vmx"]   WBINVD exiting                           { 0 }
2026-09-25T19:20:48.474Z -INFO vmware-vmx.exe 13448 [ws@4413 threadName="vmx"]   Unrestricted guest                       {0,1}
2026-09-25T19:20:48.474Z -INFO vmware-vmx.exe 13448 [ws@4413 threadName="vmx"]   APIC-register virtualization             { 0 }
2026-09-25T19:20:48.474Z -INFO vmware-vmx.exe 13448 [ws@4413 threadName="vmx"]   Virtual-interrupt delivery               { 0 }
2026-09-25T19:20:48.474Z -INFO vmware-vmx.exe 13448 [ws@4413 threadName="vmx"]   PAUSE-loop exiting                       { 0 }
2026-09-25T19:20:48.474Z -INFO vmware-vmx.exe 13448 [ws@4413 threadName="vmx"]   RDRAND exiting                           {0,1}
2026-09-25T19:20:48.474Z -INFO vmware-vmx.exe 13448 [ws@4413 threadName="vmx"]   Enable INVPCID                           {0,1}
2026-09-25T19:20:48.474Z -INFO vmware-vmx.exe 13448 [ws@4413 threadName="vmx"]   Enable VM Functions                      { 0 }
2026-09-25T19:20:48.474Z -INFO vmware-vmx.exe 13448 [ws@4413 threadName="vmx"]   Use VMCS shadowing                       { 0 }
2026-09-25T19:20:48.474Z -INFO vmware-vmx.exe 13448 [ws@4413 threadName="vmx"]   ENCLS exiting                            { 0 }
2026-09-25T19:20:48.474Z -INFO vmware-vmx.exe 13448 [ws@4413 threadName="vmx"]   RDSEED exiting                           { 0 }
2026-09-25T19:20:48.474Z -INFO vmware-vmx.exe 13448 [ws@4413 threadName="vmx"]   Enable PML                               { 0 }
2026-09-25T19:20:48.474Z -INFO vmware-vmx.exe 13448 [ws@4413 threadName="vmx"]   EPT-violation #VE                        { 0 }
2026-09-25T19:20:48.474Z -INFO vmware-vmx.exe 13448 [ws@4413 threadName="vmx"]   Conceal VMX from PT                      { 0 }
2026-09-25T19:20:48.474Z -INFO vmware-vmx.exe 13448 [ws@4413 threadName="vmx"]   Enable XSAVES/XRSTORS                    {0,1}
2026-09-25T19:20:48.474Z -INFO vmware-vmx.exe 13448 [ws@4413 threadName="vmx"]   PASID translation                        { 0 }
2026-09-25T19:20:48.474Z -INFO vmware-vmx.exe 13448 [ws@4413 threadName="vmx"]   Mode-based execute control for EPT       {0,1}
2026-09-25T19:20:48.474Z -INFO vmware-vmx.exe 13448 [ws@4413 threadName="vmx"]   Sub-page write permissions for EPT       { 0 }
2026-09-25T19:20:48.474Z -INFO vmware-vmx.exe 13448 [ws@4413 threadName="vmx"]   PT uses guest physical addresses         { 0 }
2026-09-25T19:20:48.474Z -INFO vmware-vmx.exe 13448 [ws@4413 threadName="vmx"]   Use TSC scaling                          {0,1}
2026-09-25T19:20:48.474Z -INFO vmware-vmx.exe 13448 [ws@4413 threadName="vmx"]   Enable UMWAIT and TPAUSE                 {0,1}
2026-09-25T19:20:48.474Z -INFO vmware-vmx.exe 13448 [ws@4413 threadName="vmx"]   Enable ENCLV in VMX non-root mode        { 0 }
2026-09-25T19:20:48.474Z -INFO vmware-vmx.exe 13448 [ws@4413 threadName="vmx"]   Enable EPC Virtualization Extensions     { 0 }
2026-09-25T19:20:48.474Z -INFO vmware-vmx.exe 13448 [ws@4413 threadName="vmx"]   Bus lock exiting                         { 0 }
2026-09-25T19:20:48.474Z -INFO vmware-vmx.exe 13448 [ws@4413 threadName="vmx"]   Notification VM exits                    { 0 }
2026-09-25T19:20:48.474Z -INFO vmware-vmx.exe 13448 [ws@4413 threadName="vmx"] Tertiary Processor-Based VM-Execution Controls (0x0000000000000000)
2026-09-25T19:20:48.474Z -INFO vmware-vmx.exe 13448 [ws@4413 threadName="vmx"]   LOADIWKEY exiting                          no
2026-09-25T19:20:48.474Z -INFO vmware-vmx.exe 13448 [ws@4413 threadName="vmx"]   Enable HLAT                                no
2026-09-25T19:20:48.474Z -INFO vmware-vmx.exe 13448 [ws@4413 threadName="vmx"]   Enable Paging-Write                        no
2026-09-25T19:20:48.474Z -INFO vmware-vmx.exe 13448 [ws@4413 threadName="vmx"]   Enable Guest Paging Verification           no
2026-09-25T19:20:48.474Z -INFO vmware-vmx.exe 13448 [ws@4413 threadName="vmx"]   Enable IPI Virtualization                  no
2026-09-25T19:20:48.474Z -INFO vmware-vmx.exe 13448 [ws@4413 threadName="vmx"]   TD shared bit position for 5-level EPT     no
2026-09-25T19:20:48.474Z -INFO vmware-vmx.exe 13448 [ws@4413 threadName="vmx"]   Enable RDMSRLIST/WRMSRLIST                 no
2026-09-25T19:20:48.474Z -INFO vmware-vmx.exe 13448 [ws@4413 threadName="vmx"]   Enable Virtual MSR_SPEC_CTRL               no
2026-09-25T19:20:48.474Z -INFO vmware-vmx.exe 13448 [ws@4413 threadName="vmx"] True VM-Exit Controls (0x143fffff00036ffb)
2026-09-25T19:20:48.474Z -INFO vmware-vmx.exe 13448 [ws@4413 threadName="vmx"]   Save debug controls                      {0,1}
2026-09-25T19:20:48.474Z -INFO vmware-vmx.exe 13448 [ws@4413 threadName="vmx"]   Host address-space size                  { 1 }
2026-09-25T19:20:48.474Z -INFO vmware-vmx.exe 13448 [ws@4413 threadName="vmx"]   Load IA32_PERF_GLOBAL_CTRL               {0,1}
2026-09-25T19:20:48.474Z -INFO vmware-vmx.exe 13448 [ws@4413 threadName="vmx"]   Acknowledge interrupt on exit            {0,1}
2026-09-25T19:20:48.474Z -INFO vmware-vmx.exe 13448 [ws@4413 threadName="vmx"]   Save IA32_PAT                            {0,1}
2026-09-25T19:20:48.474Z -INFO vmware-vmx.exe 13448 [ws@4413 threadName="vmx"]   Load IA32_PAT                            {0,1}
2026-09-25T19:20:48.474Z -INFO vmware-vmx.exe 13448 [ws@4413 threadName="vmx"]   Save IA32_EFER                           {0,1}
2026-09-25T19:20:48.474Z -INFO vmware-vmx.exe 13448 [ws@4413 threadName="vmx"]   Load IA32_EFER                           {0,1}
2026-09-25T19:20:48.474Z -INFO vmware-vmx.exe 13448 [ws@4413 threadName="vmx"]   Save VMX-preemption timer                { 0 }
2026-09-25T19:20:48.474Z -INFO vmware-vmx.exe 13448 [ws@4413 threadName="vmx"]   Clear IA32_BNDCFGS                       { 0 }
2026-09-25T19:20:48.474Z -INFO vmware-vmx.exe 13448 [ws@4413 threadName="vmx"]   Conceal VMX from processor trace         { 0 }
2026-09-25T19:20:48.474Z -INFO vmware-vmx.exe 13448 [ws@4413 threadName="vmx"]   Clear IA32_RTIT MSR                      { 0 }
2026-09-25T19:20:48.474Z -INFO vmware-vmx.exe 13448 [ws@4413 threadName="vmx"]   Clear IA32_LBR_CTL MSR                   {0,1}
2026-09-25T19:20:48.474Z -INFO vmware-vmx.exe 13448 [ws@4413 threadName="vmx"]   Clear user-interrupt notification vector { 0 }
2026-09-25T19:20:48.474Z -INFO vmware-vmx.exe 13448 [ws@4413 threadName="vmx"]   Load CET state                           {0,1}
2026-09-25T19:20:48.474Z -INFO vmware-vmx.exe 13448 [ws@4413 threadName="vmx"]   Load PKRS                                { 0 }
2026-09-25T19:20:48.474Z -INFO vmware-vmx.exe 13448 [ws@4413 threadName="vmx"]   Save IA32_PERF_GLOBAL_CTRL               { 0 }
2026-09-25T19:20:48.474Z -INFO vmware-vmx.exe 13448 [ws@4413 threadName="vmx"]   Use Secondary VM-Exit Controls           { 0 }
2026-09-25T19:20:48.474Z -INFO vmware-vmx.exe 13448 [ws@4413 threadName="vmx"] Secondary VM-Exit Controls (0x0000000000000000)
2026-09-25T19:20:48.474Z -INFO vmware-vmx.exe 13448 [ws@4413 threadName="vmx"]   Fractured Shadow-Stack Update Reporting    no
2026-09-25T19:20:48.474Z -INFO vmware-vmx.exe 13448 [ws@4413 threadName="vmx"] True VM-Entry Controls (0x0030f3ff000011fb)
2026-09-25T19:20:48.474Z -INFO vmware-vmx.exe 13448 [ws@4413 threadName="vmx"]   Load debug controls                      {0,1}
2026-09-25T19:20:48.474Z -INFO vmware-vmx.exe 13448 [ws@4413 threadName="vmx"]   IA-32e mode guest                        {0,1}
2026-09-25T19:20:48.474Z -INFO vmware-vmx.exe 13448 [ws@4413 threadName="vmx"]   Entry to SMM                             { 0 }
2026-09-25T19:20:48.474Z -INFO vmware-vmx.exe 13448 [ws@4413 threadName="vmx"]   Deactivate dual-monitor mode             { 0 }
2026-09-25T19:20:48.474Z -INFO vmware-vmx.exe 13448 [ws@4413 threadName="vmx"]   Load IA32_PERF_GLOBAL_CTRL               {0,1}
2026-09-25T19:20:48.474Z -INFO vmware-vmx.exe 13448 [ws@4413 threadName="vmx"]   Load IA32_PAT                            {0,1}
2026-09-25T19:20:48.474Z -INFO vmware-vmx.exe 13448 [ws@4413 threadName="vmx"]   Load IA32_EFER                           {0,1}
2026-09-25T19:20:48.474Z -INFO vmware-vmx.exe 13448 [ws@4413 threadName="vmx"]   Load IA32_BNDCFGS                        { 0 }
2026-09-25T19:20:48.474Z -INFO vmware-vmx.exe 13448 [ws@4413 threadName="vmx"]   Conceal VMX from processor trace         { 0 }
2026-09-25T19:20:48.474Z -INFO vmware-vmx.exe 13448 [ws@4413 threadName="vmx"]   Load IA32_RTIT MSR                       { 0 }
2026-09-25T19:20:48.474Z -INFO vmware-vmx.exe 13448 [ws@4413 threadName="vmx"]   Load user-interrupt notification vector  { 0 }
2026-09-25T19:20:48.474Z -INFO vmware-vmx.exe 13448 [ws@4413 threadName="vmx"]   Load CET state                           {0,1}
2026-09-25T19:20:48.474Z -INFO vmware-vmx.exe 13448 [ws@4413 threadName="vmx"]   Load IA32_LBR_CTL MSR                    {0,1}
2026-09-25T19:20:48.474Z -INFO vmware-vmx.exe 13448 [ws@4413 threadName="vmx"]   Load PKRS                                { 0 }
2026-09-25T19:20:48.474Z -INFO vmware-vmx.exe 13448 [ws@4413 threadName="vmx"] VPID and EPT Capabilities (0x00000f0106f34041)
2026-09-25T19:20:48.474Z -INFO vmware-vmx.exe 13448 [ws@4413 threadName="vmx"]   R=0/W=0/X=1                               yes
2026-09-25T19:20:48.474Z -INFO vmware-vmx.exe 13448 [ws@4413 threadName="vmx"]   Page-walk length 3                        yes
2026-09-25T19:20:48.474Z -INFO vmware-vmx.exe 13448 [ws@4413 threadName="vmx"]   EPT memory type WB                        yes
2026-09-25T19:20:48.474Z -INFO vmware-vmx.exe 13448 [ws@4413 threadName="vmx"]   2MB super-page                            yes
2026-09-25T19:20:48.474Z -INFO vmware-vmx.exe 13448 [ws@4413 threadName="vmx"]   1GB super-page                            yes
2026-09-25T19:20:48.474Z -INFO vmware-vmx.exe 13448 [ws@4413 threadName="vmx"]   INVEPT support                            yes
2026-09-25T19:20:48.474Z -INFO vmware-vmx.exe 13448 [ws@4413 threadName="vmx"]   Access & Dirty Bits                       yes
2026-09-25T19:20:48.474Z -INFO vmware-vmx.exe 13448 [ws@4413 threadName="vmx"]   Advanced VM exit information for EPT violations   yes
2026-09-25T19:20:48.474Z -INFO vmware-vmx.exe 13448 [ws@4413 threadName="vmx"]   Supervisor shadow-stack control           yes
2026-09-25T19:20:48.474Z -INFO vmware-vmx.exe 13448 [ws@4413 threadName="vmx"]   Type 1 INVEPT                             yes
2026-09-25T19:20:48.474Z -INFO vmware-vmx.exe 13448 [ws@4413 threadName="vmx"]   Type 2 INVEPT                             yes
2026-09-25T19:20:48.474Z -INFO vmware-vmx.exe 13448 [ws@4413 threadName="vmx"]   INVVPID support                           yes
2026-09-25T19:20:48.474Z -INFO vmware-vmx.exe 13448 [ws@4413 threadName="vmx"]   Type 0 INVVPID                            yes
2026-09-25T19:20:48.474Z -INFO vmware-vmx.exe 13448 [ws@4413 threadName="vmx"]   Type 1 INVVPID                            yes
2026-09-25T19:20:48.474Z -INFO vmware-vmx.exe 13448 [ws@4413 threadName="vmx"]   Type 2 INVVPID                            yes
2026-09-25T19:20:48.474Z -INFO vmware-vmx.exe 13448 [ws@4413 threadName="vmx"]   Type 3 INVVPID                            yes
2026-09-25T19:20:48.474Z -INFO vmware-vmx.exe 13448 [ws@4413 threadName="vmx"] Miscellaneous VMX Data (0x0000000000000060)
2026-09-25T19:20:48.474Z -INFO vmware-vmx.exe 13448 [ws@4413 threadName="vmx"]   TSC to preemption timer ratio      0
2026-09-25T19:20:48.474Z -INFO vmware-vmx.exe 13448 [ws@4413 threadName="vmx"]   VM-Exit saves EFER.LMA           yes
2026-09-25T19:20:48.474Z -INFO vmware-vmx.exe 13448 [ws@4413 threadName="vmx"]   Activity State HLT               yes
2026-09-25T19:20:48.474Z -INFO vmware-vmx.exe 13448 [ws@4413 threadName="vmx"]   Activity State shutdown           no
2026-09-25T19:20:48.474Z -INFO vmware-vmx.exe 13448 [ws@4413 threadName="vmx"]   Activity State wait-for-SIPI      no
2026-09-25T19:20:48.474Z -INFO vmware-vmx.exe 13448 [ws@4413 threadName="vmx"]   Processor trace in VMX            no
2026-09-25T19:20:48.474Z -INFO vmware-vmx.exe 13448 [ws@4413 threadName="vmx"]   RDMSR SMBASE MSR in SMM           no
2026-09-25T19:20:48.474Z -INFO vmware-vmx.exe 13448 [ws@4413 threadName="vmx"]   CR3 targets supported              0
2026-09-25T19:20:48.474Z -INFO vmware-vmx.exe 13448 [ws@4413 threadName="vmx"]   Maximum MSR list size            512
2026-09-25T19:20:48.474Z -INFO vmware-vmx.exe 13448 [ws@4413 threadName="vmx"]   VMXOFF holdoff of SMIs            no
2026-09-25T19:20:48.474Z -INFO vmware-vmx.exe 13448 [ws@4413 threadName="vmx"]   Allow all VMWRITEs                no
2026-09-25T19:20:48.474Z -INFO vmware-vmx.exe 13448 [ws@4413 threadName="vmx"]   Allow zero instruction length     no
2026-09-25T19:20:48.474Z -INFO vmware-vmx.exe 13448 [ws@4413 threadName="vmx"]   MSEG revision ID                   0
2026-09-25T19:20:48.474Z -INFO vmware-vmx.exe 13448 [ws@4413 threadName="vmx"] VMX-Fixed Bits in CR0 (0x0000000080000021/0x00000000ffffffff)
2026-09-25T19:20:48.474Z -INFO vmware-vmx.exe 13448 [ws@4413 threadName="vmx"]   Fixed to 0        0xffffffff00000000
2026-09-25T19:20:48.474Z -INFO vmware-vmx.exe 13448 [ws@4413 threadName="vmx"]   Fixed to 1        0x0000000080000021
2026-09-25T19:20:48.474Z -INFO vmware-vmx.exe 13448 [ws@4413 threadName="vmx"]   Variable          0x000000007fffffde
2026-09-25T19:20:48.474Z -INFO vmware-vmx.exe 13448 [ws@4413 threadName="vmx"] VMX-Fixed Bits in CR4 (0x0000000000002000/0x0000000000b72fff)
2026-09-25T19:20:48.474Z -INFO vmware-vmx.exe 13448 [ws@4413 threadName="vmx"]   Fixed to 0        0xffffffffff48d000
2026-09-25T19:20:48.474Z -INFO vmware-vmx.exe 13448 [ws@4413 threadName="vmx"]   Fixed to 1        0x0000000000002000
2026-09-25T19:20:48.474Z -INFO vmware-vmx.exe 13448 [ws@4413 threadName="vmx"]   Variable          0x0000000000b70fff
2026-09-25T19:20:48.474Z -INFO vmware-vmx.exe 13448 [ws@4413 threadName="vmx"] VMCS Enumeration (0x000000000000002a)
2026-09-25T19:20:48.474Z -INFO vmware-vmx.exe 13448 [ws@4413 threadName="vmx"]   Highest index                   0x15
2026-09-25T19:20:48.474Z -INFO vmware-vmx.exe 13448 [ws@4413 threadName="vmx"] VM Functions (0x0000000000000000)
2026-09-25T19:20:48.474Z -INFO vmware-vmx.exe 13448 [ws@4413 threadName="vmx"] KHZEstimate 2496000
2026-09-25T19:20:48.474Z -INFO vmware-vmx.exe 13448 [ws@4413 threadName="vmx"] MHZEstimate 2496
2026-09-25T19:20:48.474Z -INFO vmware-vmx.exe 13448 [ws@4413 threadName="vmx"] NumVCPUs 12
2026-09-25T19:20:48.474Z -INFO vmware-vmx.exe 13448 [ws@4413 threadName="vmx"] UUID: Writing uuid.bios value: '56 4d 88 2a 49 0e 21 bf-7a 80 62 7e d2 4c 8b d8'
2026-09-25T19:20:48.474Z -NOTICE vmware-vmx.exe 13448 [ws@4413 threadName="vmx"] ConfigDB: Setting uuid.bios = "56 4d 88 2a 49 0e 21 bf-7a 80 62 7e d2 4c 8b d8"
2026-09-25T19:20:48.474Z -INFO vmware-vmx.exe 13448 [ws@4413 threadName="vmx"] UUID: Writing uuid.location value: '56 4d 88 2a 49 0e 21 bf-7a 80 62 7e d2 4c 8b d8'
2026-09-25T19:20:48.474Z -NOTICE vmware-vmx.exe 13448 [ws@4413 threadName="vmx"] ConfigDB: Setting uuid.location = "56 4d 88 2a 49 0e 21 bf-7a 80 62 7e d2 4c 8b d8"
2026-09-25T19:20:48.482Z -INFO vmware-vmx.exe 13448 [ws@4413 threadName="vmx"] AIOGNRC: numThreads=17 ide=0, scsi=1, passthru=0
2026-09-25T19:20:48.482Z -INFO vmware-vmx.exe 13448 [ws@4413 threadName="vmx"] WORKER: Creating new group with maxThreads=17 (17)
2026-09-25T19:20:48.487Z -INFO vmware-vmx.exe 13448 [ws@4413 threadName="vmx"] WORKER: Creating new group with maxThreads=1 (18)
2026-09-25T19:20:48.487Z -INFO vmware-vmx.exe 13448 [ws@4413 threadName="vmx"] MainMem: CPT Host WZ=0 PF=3568 D=0
2026-09-25T19:20:48.487Z -INFO vmware-vmx.exe 13448 [ws@4413 threadName="vmx"] MainMem: CPT PLS=1 PLR=1 BS=1 BlkP=32 Mult=4 W=50
2026-09-25T19:20:48.490Z -INFO vmware-vmx.exe 13448 [ws@4413 threadName="vmx"] MainMem: Opened paging file, 'C:\Users\Aleja\OneDrive\Documentos\Virtual Machines\m1\564d882a-490e-21bf-7a80-627ed24c8bd8.vmem'.
2026-09-25T19:20:48.490Z -INFO vmware-vmx.exe 13448 [ws@4413 threadName="vmx"] MStat: Creating Stat vm.uptime
2026-09-25T19:20:48.490Z -INFO vmware-vmx.exe 13448 [ws@4413 threadName="vmx"] MStat: Creating Stat vm.suspendTime
2026-09-25T19:20:48.490Z -INFO vmware-vmx.exe 13448 [ws@4413 threadName="vmx"] MStat: Creating Stat vm.powerOnTimeStamp
2026-09-25T19:20:48.490Z -INFO vmware-vmx.exe 13448 [ws@4413 threadName="aioCompletion"] VTHREAD 11068 "aioCompletion"
2026-09-25T19:20:48.490Z -INFO vmware-vmx.exe 13448 [ws@4413 threadName="vmx"] VMXAIOMGR: Using: simple=Compl
2026-09-25T19:20:48.498Z -INFO vmware-vmx.exe 13448 [ws@4413 threadName="vmx"] WORKER: Creating new group with maxThreads=1 (19)
2026-09-25T19:20:48.503Z -INFO vmware-vmx.exe 13448 [ws@4413 threadName="vmx"] WORKER: Creating new group with maxThreads=1 (20)
2026-09-25T19:20:48.503Z -INFO vmware-vmx.exe 13448 [ws@4413 threadName="vmx"] WORKER: Creating new group with maxThreads=14 (34)
2026-09-25T19:20:48.505Z -INFO vmware-vmx.exe 13448 [ws@4413 threadName="vmx"] FeatureCompat: No VM masks.
2026-09-25T19:20:48.505Z -INFO vmware-vmx.exe 13448 [ws@4413 threadName="vmx"] TimeTracker host to guest rate conversion 1454059935 @ 2496000272Hz -> 0 @ 2496000272Hz
2026-09-25T19:20:48.505Z -INFO vmware-vmx.exe 13448 [ws@4413 threadName="vmx"] TimeTracker host to guest rate conversion ((x * 2147483648) >> 31) + -1454059935
2026-09-25T19:20:48.505Z -INFO vmware-vmx.exe 13448 [ws@4413 threadName="vmx"] Disabling TSC scaling since host does not support it.
2026-09-25T19:20:48.505Z -INFO vmware-vmx.exe 13448 [ws@4413 threadName="vmx"] TSC offsetting enabled.
2026-09-25T19:20:48.505Z -INFO vmware-vmx.exe 13448 [ws@4413 threadName="vmx"] timeTracker.globalProgressMaxAllowanceMS: 2000
2026-09-25T19:20:48.505Z -INFO vmware-vmx.exe 13448 [ws@4413 threadName="vmx"] timeTracker.globalProgressToAllowanceNS: 1000
2026-09-25T19:20:48.505Z -INFO vmware-vmx.exe 13448 [ws@4413 threadName="vmx"] MKS PowerOn
2026-09-25T19:20:48.506Z -INFO vmware-vmx.exe 13448 [ws@4413 threadName="mks"] VTHREAD 19732 "mks"
2026-09-25T19:20:48.506Z -INFO vmware-vmx.exe 13448 [ws@4413 threadName="mks"] MKS thread is alive
2026-09-25T19:20:48.506Z -INFO vmware-vmx.exe 13448 [ws@4413 threadName="svga"] VTHREAD 8308 "svga"
2026-09-25T19:20:48.506Z -INFO vmware-vmx.exe 13448 [ws@4413 threadName="svga"] SVGA thread is alive
2026-09-25T19:20:48.508Z -INFO vmware-vmx.exe 13448 [ws@4413 threadName="mks"] MKS: SSE2=1, SSSE3=1, SSE4_1=1
2026-09-25T19:20:48.508Z -INFO vmware-vmx.exe 13448 [ws@4413 threadName="mouse"] VTHREAD 12412 "mouse"
2026-09-25T19:20:48.508Z -INFO vmware-vmx.exe 13448 [ws@4413 threadName="mks"] MKS-HookKeyboard: RegQueryValueEx(LowLevelHooksTimeout) failed: The system cannot find the file specified (2)
2026-09-25T19:20:48.508Z -INFO vmware-vmx.exe 13448 [ws@4413 threadName="kbh"] VTHREAD 19000 "kbh"
2026-09-25T19:20:48.510Z -INFO vmware-vmx.exe 13448 [ws@4413 threadName="mks"] MKSWin32: Registering top level window (0x209f4) to receive session change notification.
2026-09-25T19:20:48.513Z -INFO vmware-vmx.exe 13448 [ws@4413 threadName="mks"] MKSWin32: Disabled power throttling.
2026-09-25T19:20:48.513Z -INFO vmware-vmx.exe 13448 [ws@4413 threadName="mks"] Current Display Settings:
2026-09-25T19:20:48.513Z -INFO vmware-vmx.exe 13448 [ws@4413 threadName="mks"]    Display: 0 size: 1920x1080  position: (0, 0) name: \\.\DISPLAY1  
2026-09-25T19:20:48.513Z -INFO vmware-vmx.exe 13448 [ws@4413 threadName="mks"] MKSWin32: MIL: 0x4000
2026-09-25T19:20:48.513Z -INFO vmware-vmx.exe 13448 [ws@4413 threadName="mks"] MKSRenderMain: PowerOn allowed BasicOps ISB DX12 DX11 DX11Basic VK 
2026-09-25T19:20:48.513Z -INFO vmware-vmx.exe 13448 [ws@4413 threadName="mks"] MKSRenderMain: ISB enabled by config
2026-09-25T19:20:48.513Z -INFO vmware-vmx.exe 13448 [ws@4413 threadName="mks"] MKSRenderMain: Collecting RenderOps caps from ISB
2026-09-25T19:20:48.513Z -INFO vmware-vmx.exe 13448 [ws@4413 threadName="mks"] MKSRenderMain: Starting ISB
2026-09-25T19:20:48.513Z -INFO vmware-vmx.exe 13448 [ws@4413 threadName="mks"] ISBRendererComm: ISBRendererComm DataChannel size=4294967296
2026-09-25T19:20:48.542Z -INFO vmware-vmx.exe 13448 [ws@4413 threadName="mks"] LocalMKS: MKS_UUID=52 58 d2 73 ac 49 27 10-da 37 91 db 3f 4d 8d 13
2026-09-25T19:20:48.544Z -INFO vmware-vmx.exe 13448 [ws@4413 threadName="mks"] LogRotation: Rotating to a new log file (keepOld 3) took 0.000074 seconds.
2026-09-25T19:20:48.544Z -INFO vmware-vmx.exe 13448 [ws@4413 threadName="mks"] ISBRendererComm: mksSandbox command-line: C:\Program Files (x86)\VMware\VMware Workstation\x64\mksSandbox.exe --pipeInfo \\.\pipe\vmware\mksSandbox\mksSandbox-52 d4 7e 8b 49 ce 58 77-3b cf 3a 49 28 0e f1 6a
2026-09-25T19:20:48.746Z -INFO vmware-vmx.exe 13448 [ws@4413 threadName="mks"] ISBRendererComm: Spawned process with handle 1228
2026-09-25T19:20:48.746Z -INFO vmware-vmx.exe 13448 [ws@4413 threadName="mks"] ISBRendererComm: Waiting for mksSandbox state 1...
2026-09-25T19:20:49.755Z -INFO vmware-vmx.exe 13448 [ws@4413 threadName="mks"] ISBRendererComm: Sandbox Renderer: VKRenderer
2026-09-25T19:20:49.755Z -INFO vmware-vmx.exe 13448 [ws@4413 threadName="mks"] MKS: Renderer adapter luid = 0x1177B
2026-09-25T19:20:49.761Z -INFO vmware-vmx.exe 13448 [ws@4413 threadName="mks"] MKSRenderMain: Started ISB (VK)
2026-09-25T19:20:49.761Z -INFO vmware-vmx.exe 13448 [ws@4413 threadName="mks"] MKSRenderMain: Found Full Renderer: ISBRenderer (VKRenderer)
2026-09-25T19:20:49.761Z -INFO vmware-vmx.exe 13448 [ws@4413 threadName="mks"] MKSRenderMain: maxTextureSize=32768
2026-09-25T19:20:49.762Z -INFO vmware-vmx.exe 13448 [ws@4413 threadName="mks"] KHBKL: Unable to parse keystring at: ''
2026-09-25T19:20:49.762Z -INFO vmware-vmx.exe 13448 [ws@4413 threadName="mks"] MKSRemoteMgr: Set default display name: m1
2026-09-25T19:20:49.762Z -INFO vmware-vmx.exe 13448 [ws@4413 threadName="mks"] MKSRemoteMgr: Loading VNC Configuration from VM config file
2026-09-25T19:20:49.762Z -INFO vmware-vmx.exe 13448 [ws@4413 threadName="mks"] MKSRemoteMgr: Using default VNC keymap table "us"
2026-09-25T19:20:49.762Z -NOTICE vmware-vmx.exe 13448 [ws@4413 threadName="vmx"] PowerOnTiming: Module MKS took 1256658 us
2026-09-25T19:20:49.762Z -INFO vmware-vmx.exe 13448 [ws@4413 threadName="vmx"] VLANCE: send cluster threshold is 80, size = 2 recalcInterval is 20000 us
2026-09-25T19:20:49.762Z -INFO vmware-vmx.exe 13448 [ws@4413 threadName="vmx"] VMXNET: send cluster threshold is 80, size = 2 recalcInterval is 20000 ticks, dontClusterSize is 128
2026-09-25T19:20:49.763Z -INFO vmware-vmx.exe 13448 [ws@4413 threadName="vmx"] Chipset version: 0x17
2026-09-25T19:20:49.766Z -INFO vmware-vmx.exe 13448 [ws@4413 threadName="vmx"] SOUNDLIB: Creating the Wave sound backend.
2026-09-25T19:20:49.776Z -NOTICE vmware-vmx.exe 13448 [ws@4413 threadName="vmx"] ConfigDB: Setting pciBridge0.pciSlotNumber = "17"
2026-09-25T19:20:49.777Z -NOTICE vmware-vmx.exe 13448 [ws@4413 threadName="vmx"] ConfigDB: Setting pciBridge4.pciSlotNumber = "21"
2026-09-25T19:20:49.777Z -NOTICE vmware-vmx.exe 13448 [ws@4413 threadName="vmx"] ConfigDB: Setting pciBridge5.pciSlotNumber = "22"
2026-09-25T19:20:49.777Z -NOTICE vmware-vmx.exe 13448 [ws@4413 threadName="vmx"] ConfigDB: Setting pciBridge6.pciSlotNumber = "23"
2026-09-25T19:20:49.777Z -NOTICE vmware-vmx.exe 13448 [ws@4413 threadName="vmx"] ConfigDB: Setting pciBridge7.pciSlotNumber = "24"
2026-09-25T19:20:49.777Z -NOTICE vmware-vmx.exe 13448 [ws@4413 threadName="vmx"] ConfigDB: Setting scsi0.pciSlotNumber = "16"
2026-09-25T19:20:49.777Z -NOTICE vmware-vmx.exe 13448 [ws@4413 threadName="vmx"] ConfigDB: Setting usb.pciSlotNumber = "32"
2026-09-25T19:20:49.778Z -NOTICE vmware-vmx.exe 13448 [ws@4413 threadName="vmx"] ConfigDB: Setting ethernet0.pciSlotNumber = "33"
2026-09-25T19:20:49.778Z -NOTICE vmware-vmx.exe 13448 [ws@4413 threadName="vmx"] ConfigDB: Setting sound.pciSlotNumber = "34"
2026-09-25T19:20:49.778Z -NOTICE vmware-vmx.exe 13448 [ws@4413 threadName="vmx"] ConfigDB: Setting ehci.pciSlotNumber = "35"
2026-09-25T19:20:49.778Z -NOTICE vmware-vmx.exe 13448 [ws@4413 threadName="vmx"] ConfigDB: Setting sata0.pciSlotNumber = "36"
2026-09-25T19:20:49.798Z -INFO vmware-vmx.exe 13448 [ws@4413 threadName="vmx"] MigrateBusMemPrealloc: BusMem preallocation begins.
2026-09-25T19:20:49.798Z -INFO vmware-vmx.exe 13448 [ws@4413 threadName="vmx"] MigrateBusMemPrealloc: BusMem preallocation completes.
2026-09-25T19:20:49.799Z -NOTICE vmware-vmx.exe 13448 [ws@4413 threadName="vmx"] ConfigDB: Setting scsi0:0.redo = ""
2026-09-25T19:20:49.799Z -INFO vmware-vmx.exe 13448 [ws@4413 threadName="vmx"] DISK: OPEN scsi0:0 'C:\Users\Aleja\OneDrive\Documentos\Virtual Machines\m1\m1.vmdk' persistente R[]
2026-09-25T19:20:49.820Z -INFO vmware-vmx.exe 13448 [ws@4413 threadName="vmx"] DiskGetGeometry: Reading of disk partition table
2026-09-25T19:20:49.820Z -INFO vmware-vmx.exe 13448 [ws@4413 threadName="vmx"] DISK: Disk 'C:\Users\Aleja\OneDrive\Documentos\Virtual Machines\m1\m1.vmdk' has UUID '60 00 c2 93 a5 71 58 55-2e 26 f8 6c aa 88 55 97'
2026-09-25T19:20:49.820Z -INFO vmware-vmx.exe 13448 [ws@4413 threadName="vmx"] DISK: OPEN 'C:\Users\Aleja\OneDrive\Documentos\Virtual Machines\m1\m1.vmdk' Geo (5221/255/63) BIOS Geo (0/0/0)
2026-09-25T19:20:49.826Z -INFO vmware-vmx.exe 13448 [ws@4413 threadName="vmx"] DISKUTILWIN32: DiskUtilW32IsATASSDDevice: Failed to send ATA IDENTIFY command to the target device.
2026-09-25T19:20:49.826Z -INFO vmware-vmx.exe 13448 [ws@4413 threadName="vmx"] DISKUTILWIN32: DiskUtilW32IsScsiSSDDevice: Reported rotation rate = 1
2026-09-25T19:20:49.830Z -INFO vmware-vmx.exe 13448 [ws@4413 threadName="vmx"] DISKUTILWIN32: DiskUtilW32IsATASSDDevice: Failed to send ATA IDENTIFY command to the target device.
2026-09-25T19:20:49.830Z -INFO vmware-vmx.exe 13448 [ws@4413 threadName="vmx"] DISKUTILWIN32: DiskUtilW32IsScsiSSDDevice: Reported rotation rate = 1
2026-09-25T19:20:49.836Z -INFO vmware-vmx.exe 13448 [ws@4413 threadName="vmx"] DISKUTILWIN32: DiskUtilW32IsATASSDDevice: Failed to send ATA IDENTIFY command to the target device.
2026-09-25T19:20:49.836Z -INFO vmware-vmx.exe 13448 [ws@4413 threadName="vmx"] DISKUTILWIN32: DiskUtilW32IsScsiSSDDevice: Reported rotation rate = 1
2026-09-25T19:20:49.840Z -INFO vmware-vmx.exe 13448 [ws@4413 threadName="vmx"] DISKUTILWIN32: DiskUtilW32IsATASSDDevice: Failed to send ATA IDENTIFY command to the target device.
2026-09-25T19:20:49.840Z -INFO vmware-vmx.exe 13448 [ws@4413 threadName="vmx"] DISKUTILWIN32: DiskUtilW32IsScsiSSDDevice: Reported rotation rate = 1
2026-09-25T19:20:49.844Z -INFO vmware-vmx.exe 13448 [ws@4413 threadName="vmx"] DISKUTILWIN32: DiskUtilW32IsATASSDDevice: Failed to send ATA IDENTIFY command to the target device.
2026-09-25T19:20:49.844Z -INFO vmware-vmx.exe 13448 [ws@4413 threadName="vmx"] DISKUTILWIN32: DiskUtilW32IsScsiSSDDevice: Reported rotation rate = 1
2026-09-25T19:20:49.847Z -INFO vmware-vmx.exe 13448 [ws@4413 threadName="vmx"] DISKUTILWIN32: DiskUtilW32IsATASSDDevice: Failed to send ATA IDENTIFY command to the target device.
2026-09-25T19:20:49.847Z -INFO vmware-vmx.exe 13448 [ws@4413 threadName="vmx"] DISKUTILWIN32: DiskUtilW32IsScsiSSDDevice: Reported rotation rate = 1
2026-09-25T19:20:49.852Z -INFO vmware-vmx.exe 13448 [ws@4413 threadName="vmx"] DISKUTILWIN32: DiskUtilW32IsATASSDDevice: Failed to send ATA IDENTIFY command to the target device.
2026-09-25T19:20:49.852Z -INFO vmware-vmx.exe 13448 [ws@4413 threadName="vmx"] DISKUTILWIN32: DiskUtilW32IsScsiSSDDevice: Reported rotation rate = 1
2026-09-25T19:20:49.857Z -INFO vmware-vmx.exe 13448 [ws@4413 threadName="vmx"] DISKUTILWIN32: DiskUtilW32IsATASSDDevice: Failed to send ATA IDENTIFY command to the target device.
2026-09-25T19:20:49.857Z -INFO vmware-vmx.exe 13448 [ws@4413 threadName="vmx"] DISKUTILWIN32: DiskUtilW32IsScsiSSDDevice: Reported rotation rate = 1
2026-09-25T19:20:49.860Z -INFO vmware-vmx.exe 13448 [ws@4413 threadName="vmx"] DISKUTILWIN32: DiskUtilW32IsATASSDDevice: Failed to send ATA IDENTIFY command to the target device.
2026-09-25T19:20:49.860Z -INFO vmware-vmx.exe 13448 [ws@4413 threadName="vmx"] DISKUTILWIN32: DiskUtilW32IsScsiSSDDevice: Reported rotation rate = 1
2026-09-25T19:20:49.863Z -INFO vmware-vmx.exe 13448 [ws@4413 threadName="vmx"] DISKUTILWIN32: DiskUtilW32IsATASSDDevice: Failed to send ATA IDENTIFY command to the target device.
2026-09-25T19:20:49.863Z -INFO vmware-vmx.exe 13448 [ws@4413 threadName="vmx"] DISKUTILWIN32: DiskUtilW32IsScsiSSDDevice: Reported rotation rate = 1
2026-09-25T19:20:49.868Z -INFO vmware-vmx.exe 13448 [ws@4413 threadName="vmx"] DISKUTILWIN32: DiskUtilW32IsATASSDDevice: Failed to send ATA IDENTIFY command to the target device.
2026-09-25T19:20:49.868Z -INFO vmware-vmx.exe 13448 [ws@4413 threadName="vmx"] DISKUTILWIN32: DiskUtilW32IsScsiSSDDevice: Reported rotation rate = 1
2026-09-25T19:20:49.869Z -INFO vmware-vmx.exe 13448 [ws@4413 threadName="vmx"] DISK: DiskConfigureVirtualSSD:  Disk 'scsi0:0' identified as Virtual SSD device.
2026-09-25T19:20:49.872Z -INFO vmware-vmx.exe 13448 [ws@4413 threadName="vmx"] DISK: Opening disks took 74 ms.
2026-09-25T19:20:49.873Z -INFO vmware-vmx.exe 13448 [ws@4413 threadName="vmx"] USBArbLib: USBArbLib initialized successfully, retryIntervalStart(5), retryIntervalMax(120), arbSocketName(\\.\pipe\vmware-usbarbpipe), useLocking(yes), tryUpgrading(no).
2026-09-25T19:20:49.873Z -INFO vmware-vmx.exe 13448 [ws@4413 threadName="vmx"] UsbEnum: Initializing UsbEnum library, disableLocking(no), allowBootableHid(yes).
2026-09-25T19:20:49.873Z -INFO vmware-vmx.exe 13448 [ws@4413 threadName="vmx"] USB: Initializing 'Virtual Hub' backend
2026-09-25T19:20:49.873Z -INFO vmware-vmx.exe 13448 [ws@4413 threadName="vmx"] USB: Initializing 'Generic' backend
2026-09-25T19:20:49.873Z -WARNING vmware-vmx.exe 13448 [ws@4413 threadName="vmx"] USBArbLib: OUT SET_AUTO_CONNECT: Not connected to arbitrator, autoconnect(0) for client 'm1', connectState(1).
2026-09-25T19:20:49.873Z -INFO vmware-vmx.exe 13448 [ws@4413 threadName="vmx"] USB: Initializing 'Virtual HID' backend
2026-09-25T19:20:49.874Z -INFO vmware-vmx.exe 13448 [ws@4413 threadName="sensorThread"] VTHREAD 20080 "sensorThread"
2026-09-25T19:20:49.874Z -INFO vmware-vmx.exe 13448 [ws@4413 threadName="vmx"] USB: Initializing 'Remote Device' backend
2026-09-25T19:20:49.874Z -INFO vmware-vmx.exe 13448 [ws@4413 threadName="vmx"] RemoteUSBVMX: Retrieved hostId [03 6f 5f 53 d0 eb ed 11-8c 92 08 8f c3 ef 35 0f].
2026-09-25T19:20:49.874Z -INFO vmware-vmx.exe 13448 [ws@4413 threadName="vmx"] RemoteUSBVMX: Protocol version min:15 current:19
2026-09-25T19:20:49.874Z -INFO vmware-vmx.exe 13448 [ws@4413 threadName="vmx"] RemoteUSBVMX: no delay setting is TRUE.
2026-09-25T19:20:49.874Z -INFO vmware-vmx.exe 13448 [ws@4413 threadName="vmx"] USB: Initializing 'Virtual Mass Storage' backend
2026-09-25T19:20:49.874Z -INFO vmware-vmx.exe 13448 [ws@4413 threadName="vmx"] USB: Initializing 'Virtual CCID' backend
2026-09-25T19:20:49.878Z -INFO vmware-vmx.exe 13448 [ws@4413 threadName="vmx"] USB-CCID: Could not establish context: SCARD_E_NO_SERVICE(0x8010001d).
2026-09-25T19:20:49.878Z -INFO vmware-vmx.exe 13448 [ws@4413 threadName="vmx"] USB-CCID: Could not establish context: SCARD_E_NO_SERVICE(0x8010001d).
2026-09-25T19:20:49.878Z -INFO vmware-vmx.exe 13448 [ws@4413 threadName="usbCCIDEnumCards"] VTHREAD 12916 "usbCCIDEnumCards"
2026-09-25T19:20:49.878Z -INFO vmware-vmx.exe 13448 [ws@4413 threadName="usbCCIDEnumCards"] USB-CCID: Card enum thread created.
2026-09-25T19:20:49.878Z -INFO vmware-vmx.exe 13448 [ws@4413 threadName="vmx"] USB: Initializing 'Virtual Video' backend
2026-09-25T19:20:49.887Z -INFO vmware-vmx.exe 13448 [ws@4413 threadName="vmx"] Win32U_GetFileAttributes: GetFileAttributesExW("C:\Users\Aleja\OneDrive\Documentos\Virtual Machines\m1\m1.nvram", ...) failed, error: 2
2026-09-25T19:20:49.888Z -INFO vmware-vmx.exe 13448 [ws@4413 threadName="vmx"] USBGW: Skipping disk backing for path(C:\Users\Aleja\OneDrive\Documentos\Virtual Machines\m1\m1.vmx).
2026-09-25T19:20:49.889Z -INFO vmware-vmx.exe 13448 [ws@4413 threadName="vmx"] USBGW: Skipping disk backing for path(C:\Users\Aleja\OneDrive\Documentos\Virtual Machines\m1\m1.vmdk).
2026-09-25T19:20:49.891Z -INFO vmware-vmx.exe 13448 [ws@4413 threadName="vmx"] USBGW: Skipping disk backing for path(C:\Users\Aleja\OneDrive\Documentos\Virtual Machines\m1\m1.vmsd).
2026-09-25T19:20:49.891Z -INFO vmware-vmx.exe 13448 [ws@4413 threadName="vmx"] OBJLIB-FILEBE : FileBEOpen: can't open 'm1.nvram' : Could not find the file (393218).
2026-09-25T19:20:49.891Z -INFO vmware-vmx.exe 13448 [ws@4413 threadName="vmx"] OBJLIB-FILEBE : FileBEOpen: can't open 'm1.nvram' : Could not find the file (393218).
2026-09-25T19:20:49.891Z -WARNING vmware-vmx.exe 13448 [ws@4413 threadName="vmx"] NVRAMMGR: No valid NVRAM file found, will create default NVRAM.
2026-09-25T19:20:49.892Z -INFO vmware-vmx.exe 13448 [ws@4413 threadName="usbCCIDEnumCards"] USB-CCID: Could not establish context: SCARD_E_NO_SERVICE(0x8010001d).
2026-09-25T19:20:49.894Z -WARNING vmware-vmx.exe 13448 [ws@4413 threadName="vmx"] Device vide configured to use lock chains but base supportin workerlib is disabled
2026-09-25T19:20:49.894Z -INFO vmware-vmx.exe 13448 [ws@4413 threadName="vmx"] SCSI: scsi0: intr coalescing: on period=50msec cifTh=4 iopsTh=2000 hlt=0
2026-09-25T19:20:49.894Z -WARNING vmware-vmx.exe 13448 [ws@4413 threadName="vmx"] Device SCSI0 configured to use lock chains but base supportin workerlib is disabled
2026-09-25T19:20:49.894Z -INFO vmware-vmx.exe 13448 [ws@4413 threadName="vmx"] SCSI0: UNTAGGED commands will be converted to ORDER tags.
2026-09-25T19:20:49.894Z -INFO vmware-vmx.exe 13448 [ws@4413 threadName="vmx"] SCSI DEVICE (scsi0:0): Computed value of scsi0:0.useBounceBuffers: default
2026-09-25T19:20:49.894Z -INFO vmware-vmx.exe 13448 [ws@4413 threadName="vmx"] DISKUTIL: scsi0:0 : capacity=83886080 logical sector size=512
2026-09-25T19:20:49.894Z -INFO vmware-vmx.exe 13448 [ws@4413 threadName="vmx"] DISKUTIL: scsi0:0 : geometry=5221/255/63
2026-09-25T19:20:49.895Z -INFO vmware-vmx.exe 13448 [ws@4413 threadName="vmx"] SVGA-GFB: Config settings: autodetect=1, numDisplays=1, maxWidth=2560, maxHeight=1600
2026-09-25T19:20:49.895Z -INFO vmware-vmx.exe 13448 [ws@4413 threadName="vmx"] SVGA-GFB: Desired maximum display topology: wh(6688, 5016)
2026-09-25T19:20:49.895Z -INFO vmware-vmx.exe 13448 [ws@4413 threadName="vmx"] SVGA-GFB: Autodetected target framebuffer size = 268435456
2026-09-25T19:20:49.895Z -INFO vmware-vmx.exe 13448 [ws@4413 threadName="vmx"] SVGA-GFB: Autodetected target primary size = 268435456
2026-09-25T19:20:49.895Z -INFO vmware-vmx.exe 13448 [ws@4413 threadName="vmx"] SVGA-GFB: Using Initial       gfbSize = 134217728
2026-09-25T19:20:49.895Z -INFO vmware-vmx.exe 13448 [ws@4413 threadName="vmx"] SVGA-GFB: MaxPrimaryMem      register = 268435456
2026-09-25T19:20:49.895Z -INFO vmware-vmx.exe 13448 [ws@4413 threadName="vmx"] SVGA-GFB: Max wh(6688, 5016), number of displays: 10
2026-09-25T19:20:49.895Z -INFO vmware-vmx.exe 13448 [ws@4413 threadName="vmx"] SVGA-GFB: Allocated gfbSize=134217728
2026-09-25T19:20:49.895Z -NOTICE vmware-vmx.exe 13448 [ws@4413 threadName="vmx"] ConfigDB: Setting svga.vramSize = "268435456"
2026-09-25T19:20:49.895Z -NOTICE vmware-vmx.exe 13448 [ws@4413 threadName="vmx"] ConfigDB: Setting vmotion.checkpointFBSize = "134217728"
2026-09-25T19:20:49.895Z -NOTICE vmware-vmx.exe 13448 [ws@4413 threadName="vmx"] ConfigDB: Setting vmotion.checkpointSVGAPrimarySize = "268435456"
2026-09-25T19:20:49.895Z -INFO vmware-vmx.exe 13448 [ws@4413 threadName="vmx"] SVGA: SVGA DeviceLabel: svga2
2026-09-25T19:20:49.895Z -NOTICE vmware-vmx.exe 13448 [ws@4413 threadName="vmx"] ConfigDB: Setting vmotion.svga.mobMaxSize = "1073741824"
2026-09-25T19:20:49.895Z -NOTICE vmware-vmx.exe 13448 [ws@4413 threadName="vmx"] ConfigDB: Setting vmotion.svga.graphicsMemoryKB = "8388608"
2026-09-25T19:20:49.895Z -INFO vmware-vmx.exe 13448 [ws@4413 threadName="vmx"] SVGA: mobMaxSize=1073741824
2026-09-25T19:20:49.895Z -INFO vmware-vmx.exe 13448 [ws@4413 threadName="vmx"] SVGA: graphicsMemoryKB=8388608
2026-09-25T19:20:49.895Z -INFO vmware-vmx.exe 13448 [ws@4413 threadName="vmx"] SVGA: FIFO capabilities 0x0000077f
2026-09-25T19:20:49.895Z -INFO vmware-vmx.exe 13448 [ws@4413 threadName="vmx"] SVGAFeature renderer (before clamping) svga.supports3D bool 1
2026-09-25T19:20:49.895Z -INFO vmware-vmx.exe 13448 [ws@4413 threadName="vmx"] SVGAFeature renderer (before clamping) svga.baseCapsLevel num 11
2026-09-25T19:20:49.895Z -INFO vmware-vmx.exe 13448 [ws@4413 threadName="vmx"] SVGAFeature renderer (before clamping) svga.maxPointSize num 2047
2026-09-25T19:20:49.895Z -INFO vmware-vmx.exe 13448 [ws@4413 threadName="vmx"] SVGAFeature renderer (before clamping) svga.maxTextureSize num 32768
2026-09-25T19:20:49.895Z -INFO vmware-vmx.exe 13448 [ws@4413 threadName="vmx"] SVGAFeature renderer (before clamping) svga.maxVolumeExtent num 16384
2026-09-25T19:20:49.895Z -INFO vmware-vmx.exe 13448 [ws@4413 threadName="vmx"] SVGAFeature renderer (before clamping) svga.maxTextureAnisotropy num 16
2026-09-25T19:20:49.897Z -INFO vmware-vmx.exe 13448 [ws@4413 threadName="vmx"] SVGAFeature renderer (before clamping) svga.lineStipple bool 1
2026-09-25T19:20:49.897Z -INFO vmware-vmx.exe 13448 [ws@4413 threadName="vmx"] SVGAFeature renderer (before clamping) svga.dxMaxConstantBuffers num 15
2026-09-25T19:20:49.897Z -INFO vmware-vmx.exe 13448 [ws@4413 threadName="vmx"] SVGAFeature renderer (before clamping) svga.dxProvokingVertex bool 1
2026-09-25T19:20:49.897Z -INFO vmware-vmx.exe 13448 [ws@4413 threadName="vmx"] SVGAFeature renderer (before clamping) svga.sm41 bool 1
2026-09-25T19:20:49.897Z -INFO vmware-vmx.exe 13448 [ws@4413 threadName="vmx"] SVGAFeature renderer (before clamping) svga.multisample2x bool 1
2026-09-25T19:20:49.897Z -INFO vmware-vmx.exe 13448 [ws@4413 threadName="vmx"] SVGAFeature renderer (before clamping) svga.multisample4x bool 1
2026-09-25T19:20:49.897Z -INFO vmware-vmx.exe 13448 [ws@4413 threadName="vmx"] SVGAFeature renderer (before clamping) svga.msFullQuality bool 1
2026-09-25T19:20:49.897Z -INFO vmware-vmx.exe 13448 [ws@4413 threadName="vmx"] SVGAFeature renderer (before clamping) svga.logicOps bool 1
2026-09-25T19:20:49.897Z -INFO vmware-vmx.exe 13448 [ws@4413 threadName="vmx"] SVGAFeature renderer (before clamping) svga.bc67 num 9
2026-09-25T19:20:49.897Z -INFO vmware-vmx.exe 13448 [ws@4413 threadName="vmx"] SVGAFeature renderer (before clamping) svga.sm5 bool 1
2026-09-25T19:20:49.897Z -INFO vmware-vmx.exe 13448 [ws@4413 threadName="vmx"] SVGAFeature renderer (before clamping) svga.multisample8x bool 1
2026-09-25T19:20:49.897Z -INFO vmware-vmx.exe 13448 [ws@4413 threadName="vmx"] SVGAFeature renderer (before clamping) svga.logicBlendOps bool 1
2026-09-25T19:20:49.897Z -INFO vmware-vmx.exe 13448 [ws@4413 threadName="vmx"] SVGAFeature renderer (before clamping) svga.maxForcedSampleCount num 16
2026-09-25T19:20:49.897Z -INFO vmware-vmx.exe 13448 [ws@4413 threadName="vmx"] SVGAFeature renderer (before clamping) svga.gl43 bool 1
2026-09-25T19:20:49.897Z -INFO vmware-vmx.exe 13448 [ws@4413 threadName="vmx"] SVGAFeature renderer (after  clamping) svga.supports3D bool 1
2026-09-25T19:20:49.897Z -INFO vmware-vmx.exe 13448 [ws@4413 threadName="vmx"] SVGAFeature renderer (after  clamping) svga.baseCapsLevel num 9
2026-09-25T19:20:49.897Z -INFO vmware-vmx.exe 13448 [ws@4413 threadName="vmx"] SVGAFeature renderer (after  clamping) svga.maxPointSize num 189
2026-09-25T19:20:49.897Z -INFO vmware-vmx.exe 13448 [ws@4413 threadName="vmx"] SVGAFeature renderer (after  clamping) svga.maxTextureSize num 32768
2026-09-25T19:20:49.897Z -INFO vmware-vmx.exe 13448 [ws@4413 threadName="vmx"] SVGAFeature renderer (after  clamping) svga.maxVolumeExtent num 16384
2026-09-25T19:20:49.897Z -INFO vmware-vmx.exe 13448 [ws@4413 threadName="vmx"] SVGAFeature renderer (after  clamping) svga.maxTextureAnisotropy num 16
2026-09-25T19:20:49.897Z -INFO vmware-vmx.exe 13448 [ws@4413 threadName="vmx"] SVGAFeature renderer (after  clamping) svga.lineStipple bool 1
2026-09-25T19:20:49.897Z -INFO vmware-vmx.exe 13448 [ws@4413 threadName="vmx"] SVGAFeature renderer (after  clamping) svga.dxMaxConstantBuffers num 15
2026-09-25T19:20:49.897Z -INFO vmware-vmx.exe 13448 [ws@4413 threadName="vmx"] SVGAFeature renderer (after  clamping) svga.dxProvokingVertex bool 1
2026-09-25T19:20:49.897Z -INFO vmware-vmx.exe 13448 [ws@4413 threadName="vmx"] SVGAFeature renderer (after  clamping) svga.sm41 bool 1
2026-09-25T19:20:49.897Z -INFO vmware-vmx.exe 13448 [ws@4413 threadName="vmx"] SVGAFeature renderer (after  clamping) svga.multisample2x bool 1
2026-09-25T19:20:49.897Z -INFO vmware-vmx.exe 13448 [ws@4413 threadName="vmx"] SVGAFeature renderer (after  clamping) svga.multisample4x bool 1
2026-09-25T19:20:49.897Z -INFO vmware-vmx.exe 13448 [ws@4413 threadName="vmx"] SVGAFeature renderer (after  clamping) svga.msFullQuality bool 1
2026-09-25T19:20:49.897Z -INFO vmware-vmx.exe 13448 [ws@4413 threadName="vmx"] SVGAFeature renderer (after  clamping) svga.logicOps bool 1
2026-09-25T19:20:49.897Z -INFO vmware-vmx.exe 13448 [ws@4413 threadName="vmx"] SVGAFeature renderer (after  clamping) svga.bc67 num 9
2026-09-25T19:20:49.897Z -INFO vmware-vmx.exe 13448 [ws@4413 threadName="vmx"] SVGAFeature renderer (after  clamping) svga.sm5 bool 1
2026-09-25T19:20:49.897Z -INFO vmware-vmx.exe 13448 [ws@4413 threadName="vmx"] SVGAFeature renderer (after  clamping) svga.multisample8x bool 1
2026-09-25T19:20:49.897Z -INFO vmware-vmx.exe 13448 [ws@4413 threadName="vmx"] SVGAFeature renderer (after  clamping) svga.logicBlendOps bool 1
2026-09-25T19:20:49.897Z -INFO vmware-vmx.exe 13448 [ws@4413 threadName="vmx"] SVGAFeature renderer (after  clamping) svga.maxForcedSampleCount num 16
2026-09-25T19:20:49.897Z -INFO vmware-vmx.exe 13448 [ws@4413 threadName="vmx"] SVGAFeature renderer (after  clamping) svga.gl43 bool 1
2026-09-25T19:20:49.897Z -INFO vmware-vmx.exe 13448 [ws@4413 threadName="vmx"] SVGAFeature    host id: 0
2026-09-25T19:20:49.897Z -INFO vmware-vmx.exe 13448 [ws@4413 threadName="vmx"] SVGAFeature    host svga.supports3D bool 1
2026-09-25T19:20:49.897Z -INFO vmware-vmx.exe 13448 [ws@4413 threadName="vmx"] SVGAFeature    host svga.baseCapsLevel num 9
2026-09-25T19:20:49.897Z -INFO vmware-vmx.exe 13448 [ws@4413 threadName="vmx"] SVGAFeature    host svga.maxPointSize num 189
2026-09-25T19:20:49.897Z -INFO vmware-vmx.exe 13448 [ws@4413 threadName="vmx"] SVGAFeature    host svga.maxTextureSize num 32768
2026-09-25T19:20:49.897Z -INFO vmware-vmx.exe 13448 [ws@4413 threadName="vmx"] SVGAFeature    host svga.maxVolumeExtent num 16384
2026-09-25T19:20:49.897Z -INFO vmware-vmx.exe 13448 [ws@4413 threadName="vmx"] SVGAFeature    host svga.maxTextureAnisotropy num 16
2026-09-25T19:20:49.897Z -INFO vmware-vmx.exe 13448 [ws@4413 threadName="vmx"] SVGAFeature    host svga.lineStipple bool 1
2026-09-25T19:20:49.897Z -INFO vmware-vmx.exe 13448 [ws@4413 threadName="vmx"] SVGAFeature    host svga.dxMaxConstantBuffers num 15
2026-09-25T19:20:49.897Z -INFO vmware-vmx.exe 13448 [ws@4413 threadName="vmx"] SVGAFeature    host svga.dxProvokingVertex bool 1
2026-09-25T19:20:49.897Z -INFO vmware-vmx.exe 13448 [ws@4413 threadName="vmx"] SVGAFeature    host svga.sm41 bool 1
2026-09-25T19:20:49.897Z -INFO vmware-vmx.exe 13448 [ws@4413 threadName="vmx"] SVGAFeature    host svga.multisample2x bool 1
2026-09-25T19:20:49.897Z -INFO vmware-vmx.exe 13448 [ws@4413 threadName="vmx"] SVGAFeature    host svga.multisample4x bool 1
2026-09-25T19:20:49.897Z -INFO vmware-vmx.exe 13448 [ws@4413 threadName="vmx"] SVGAFeature    host svga.msFullQuality bool 1
2026-09-25T19:20:49.897Z -INFO vmware-vmx.exe 13448 [ws@4413 threadName="vmx"] SVGAFeature    host svga.logicOps bool 1
2026-09-25T19:20:49.897Z -INFO vmware-vmx.exe 13448 [ws@4413 threadName="vmx"] SVGAFeature    host svga.bc67 num 9
2026-09-25T19:20:49.897Z -INFO vmware-vmx.exe 13448 [ws@4413 threadName="vmx"] SVGAFeature    host svga.sm5 bool 1
2026-09-25T19:20:49.897Z -INFO vmware-vmx.exe 13448 [ws@4413 threadName="vmx"] SVGAFeature    host svga.multisample8x bool 1
2026-09-25T19:20:49.897Z -INFO vmware-vmx.exe 13448 [ws@4413 threadName="vmx"] SVGAFeature    host svga.logicBlendOps bool 1
2026-09-25T19:20:49.897Z -INFO vmware-vmx.exe 13448 [ws@4413 threadName="vmx"] SVGAFeature    host svga.maxForcedSampleCount num 16
2026-09-25T19:20:49.897Z -INFO vmware-vmx.exe 13448 [ws@4413 threadName="vmx"] SVGAFeature    host svga.gl43 bool 1
2026-09-25T19:20:49.897Z -INFO vmware-vmx.exe 13448 [ws@4413 threadName="vmx"] SVGAFeature evcHost id: 0
2026-09-25T19:20:49.897Z -INFO vmware-vmx.exe 13448 [ws@4413 threadName="vmx"] SVGAFeature evcHost svga.supports3D bool 1
2026-09-25T19:20:49.897Z -INFO vmware-vmx.exe 13448 [ws@4413 threadName="vmx"] SVGAFeature evcHost svga.baseCapsLevel num 9
2026-09-25T19:20:49.897Z -INFO vmware-vmx.exe 13448 [ws@4413 threadName="vmx"] SVGAFeature evcHost svga.maxPointSize num 189
2026-09-25T19:20:49.897Z -INFO vmware-vmx.exe 13448 [ws@4413 threadName="vmx"] SVGAFeature evcHost svga.maxTextureSize num 32768
2026-09-25T19:20:49.897Z -INFO vmware-vmx.exe 13448 [ws@4413 threadName="vmx"] SVGAFeature evcHost svga.maxVolumeExtent num 16384
2026-09-25T19:20:49.897Z -INFO vmware-vmx.exe 13448 [ws@4413 threadName="vmx"] SVGAFeature evcHost svga.maxTextureAnisotropy num 16
2026-09-25T19:20:49.897Z -INFO vmware-vmx.exe 13448 [ws@4413 threadName="vmx"] SVGAFeature evcHost svga.lineStipple bool 1
2026-09-25T19:20:49.897Z -INFO vmware-vmx.exe 13448 [ws@4413 threadName="vmx"] SVGAFeature evcHost svga.dxMaxConstantBuffers num 15
2026-09-25T19:20:49.897Z -INFO vmware-vmx.exe 13448 [ws@4413 threadName="vmx"] SVGAFeature evcHost svga.dxProvokingVertex bool 1
2026-09-25T19:20:49.897Z -INFO vmware-vmx.exe 13448 [ws@4413 threadName="vmx"] SVGAFeature evcHost svga.sm41 bool 1
2026-09-25T19:20:49.897Z -INFO vmware-vmx.exe 13448 [ws@4413 threadName="vmx"] SVGAFeature evcHost svga.multisample2x bool 1
2026-09-25T19:20:49.897Z -INFO vmware-vmx.exe 13448 [ws@4413 threadName="vmx"] SVGAFeature evcHost svga.multisample4x bool 1
2026-09-25T19:20:49.897Z -INFO vmware-vmx.exe 13448 [ws@4413 threadName="vmx"] SVGAFeature evcHost svga.msFullQuality bool 1
2026-09-25T19:20:49.897Z -INFO vmware-vmx.exe 13448 [ws@4413 threadName="vmx"] SVGAFeature evcHost svga.logicOps bool 1
2026-09-25T19:20:49.897Z -INFO vmware-vmx.exe 13448 [ws@4413 threadName="vmx"] SVGAFeature evcHost svga.bc67 num 9
2026-09-25T19:20:49.897Z -INFO vmware-vmx.exe 13448 [ws@4413 threadName="vmx"] SVGAFeature evcHost svga.sm5 bool 1
2026-09-25T19:20:49.897Z -INFO vmware-vmx.exe 13448 [ws@4413 threadName="vmx"] SVGAFeature evcHost svga.multisample8x bool 1
2026-09-25T19:20:49.897Z -INFO vmware-vmx.exe 13448 [ws@4413 threadName="vmx"] SVGAFeature evcHost svga.logicBlendOps bool 1
2026-09-25T19:20:49.897Z -INFO vmware-vmx.exe 13448 [ws@4413 threadName="vmx"] SVGAFeature evcHost svga.maxForcedSampleCount num 16
2026-09-25T19:20:49.897Z -INFO vmware-vmx.exe 13448 [ws@4413 threadName="vmx"] SVGAFeature evcHost svga.gl43 bool 1
2026-09-25T19:20:49.897Z -INFO vmware-vmx.exe 13448 [ws@4413 threadName="vmx"] SVGA3dClamp: Renderer Provides     BC67Level:     9 (    9,     9)
2026-09-25T19:20:49.897Z -INFO vmware-vmx.exe 13448 [ws@4413 threadName="vmx"] SVGA3dClamp: Renderer Provides BaseCapsLevel:     9 (    9,     9)
2026-09-25T19:20:49.898Z -INFO vmware-vmx.exe 13448 [ws@4413 threadName="vmx"] SVGA3dClamp: Renderer Provides    ClampLevel:     7 (    7,    10)
2026-09-25T19:20:49.898Z -INFO vmware-vmx.exe 13448 [ws@4413 threadName="vmx"] SVGA3dCaps: host, at power on (3d enabled)
2026-09-25T19:20:49.898Z -INFO vmware-vmx.exe 13448 [ws@4413 threadName="vmx"]   cap[  0]: 0x00000001 (3D)
2026-09-25T19:20:49.898Z -INFO vmware-vmx.exe 13448 [ws@4413 threadName="vmx"]   cap[  1]: 0x00000008 (MAX_LIGHTS)
2026-09-25T19:20:49.898Z -INFO vmware-vmx.exe 13448 [ws@4413 threadName="vmx"]   cap[  2]: 0x00000008 (MAX_TEXTURES)
2026-09-25T19:20:49.898Z -INFO vmware-vmx.exe 13448 [ws@4413 threadName="vmx"]   cap[  3]: 0x00000008 (MAX_CLIP_PLANES)
2026-09-25T19:20:49.898Z -INFO vmware-vmx.exe 13448 [ws@4413 threadName="vmx"]   cap[  4]: 0x00000007 (VERTEX_SHADER_VERSION)
2026-09-25T19:20:49.898Z -INFO vmware-vmx.exe 13448 [ws@4413 threadName="vmx"]   cap[  5]: 0x00000001 (VERTEX_SHADER)
2026-09-25T19:20:49.898Z -INFO vmware-vmx.exe 13448 [ws@4413 threadName="vmx"]   cap[  6]: 0x0000000d (FRAGMENT_SHADER_VERSION)
2026-09-25T19:20:49.898Z -INFO vmware-vmx.exe 13448 [ws@4413 threadName="vmx"]   cap[  7]: 0x00000001 (FRAGMENT_SHADER)
2026-09-25T19:20:49.898Z -INFO vmware-vmx.exe 13448 [ws@4413 threadName="vmx"]   cap[  8]: 0x00000008 (MAX_RENDER_TARGETS)
2026-09-25T19:20:49.898Z -INFO vmware-vmx.exe 13448 [ws@4413 threadName="vmx"]   cap[  9]: 0x00000001 (S23E8_TEXTURES)
2026-09-25T19:20:49.898Z -INFO vmware-vmx.exe 13448 [ws@4413 threadName="vmx"]   cap[ 10]: 0x00000001 (S10E5_TEXTURES)
2026-09-25T19:20:49.898Z -INFO vmware-vmx.exe 13448 [ws@4413 threadName="vmx"]   cap[ 11]: 0x00000004 (MAX_FIXED_VERTEXBLEND)
2026-09-25T19:20:49.898Z -INFO vmware-vmx.exe 13448 [ws@4413 threadName="vmx"]   cap[ 12]: 0x00000001 (D16_BUFFER_FORMAT)
2026-09-25T19:20:49.898Z -INFO vmware-vmx.exe 13448 [ws@4413 threadName="vmx"]   cap[ 13]: 0x00000001 (D24S8_BUFFER_FORMAT)
2026-09-25T19:20:49.898Z -INFO vmware-vmx.exe 13448 [ws@4413 threadName="vmx"]   cap[ 14]: 0x00000001 (D24X8_BUFFER_FORMAT)
2026-09-25T19:20:49.898Z -INFO vmware-vmx.exe 13448 [ws@4413 threadName="vmx"]   cap[ 15]: 0x00000001 (QUERY_TYPES)
2026-09-25T19:20:49.898Z -INFO vmware-vmx.exe 13448 [ws@4413 threadName="vmx"]   cap[ 16]: 0x00000001 (TEXTURE_GRADIENT_SAMPLING)
2026-09-25T19:20:49.898Z -INFO vmware-vmx.exe 13448 [ws@4413 threadName="vmx"]   cap[ 17]: 189.000000 (MAX_POINT_SIZE)
2026-09-25T19:20:49.898Z -INFO vmware-vmx.exe 13448 [ws@4413 threadName="vmx"]   cap[ 18]: 0x00000014 (MAX_SHADER_TEXTURES)
2026-09-25T19:20:49.898Z -INFO vmware-vmx.exe 13448 [ws@4413 threadName="vmx"]   cap[ 19]: 0x00008000 (MAX_TEXTURE_WIDTH)
2026-09-25T19:20:49.898Z -INFO vmware-vmx.exe 13448 [ws@4413 threadName="vmx"]   cap[ 20]: 0x00008000 (MAX_TEXTURE_HEIGHT)
2026-09-25T19:20:49.898Z -INFO vmware-vmx.exe 13448 [ws@4413 threadName="vmx"]   cap[ 21]: 0x00004000 (MAX_VOLUME_EXTENT)
2026-09-25T19:20:49.898Z -INFO vmware-vmx.exe 13448 [ws@4413 threadName="vmx"]   cap[ 22]: 0x00008000 (MAX_TEXTURE_REPEAT)
2026-09-25T19:20:49.898Z -INFO vmware-vmx.exe 13448 [ws@4413 threadName="vmx"]   cap[ 23]: 0x00008000 (MAX_TEXTURE_ASPECT_RATIO)
2026-09-25T19:20:49.898Z -INFO vmware-vmx.exe 13448 [ws@4413 threadName="vmx"]   cap[ 24]: 0x00000010 (MAX_TEXTURE_ANISOTROPY)
2026-09-25T19:20:49.898Z -INFO vmware-vmx.exe 13448 [ws@4413 threadName="vmx"]   cap[ 25]: 0x001fffff (MAX_PRIMITIVE_COUNT)
2026-09-25T19:20:49.898Z -INFO vmware-vmx.exe 13448 [ws@4413 threadName="vmx"]   cap[ 26]: 0x000fffff (MAX_VERTEX_INDEX)
2026-09-25T19:20:49.898Z -INFO vmware-vmx.exe 13448 [ws@4413 threadName="vmx"]   cap[ 27]: 0x0000ffff (MAX_VERTEX_SHADER_INSTRUCTIONS)
2026-09-25T19:20:49.898Z -INFO vmware-vmx.exe 13448 [ws@4413 threadName="vmx"]   cap[ 28]: 0x0000ffff (MAX_FRAGMENT_SHADER_INSTRUCTIONS)
2026-09-25T19:20:49.898Z -INFO vmware-vmx.exe 13448 [ws@4413 threadName="vmx"]   cap[ 29]: 0x00000020 (MAX_VERTEX_SHADER_TEMPS)
2026-09-25T19:20:49.898Z -INFO vmware-vmx.exe 13448 [ws@4413 threadName="vmx"]   cap[ 30]: 0x00000020 (MAX_FRAGMENT_SHADER_TEMPS)
2026-09-25T19:20:49.898Z -INFO vmware-vmx.exe 13448 [ws@4413 threadName="vmx"]   cap[ 31]: 0x03ffffff (TEXTURE_OPS)
2026-09-25T19:20:49.898Z -INFO vmware-vmx.exe 13448 [ws@4413 threadName="vmx"]   cap[ 32]: 0x0018ec1f (SURFACEFMT_X8R8G8B8)
2026-09-25T19:20:49.898Z -INFO vmware-vmx.exe 13448 [ws@4413 threadName="vmx"]   cap[ 33]: 0x0018e11f (SURFACEFMT_A8R8G8B8)
2026-09-25T19:20:49.898Z -INFO vmware-vmx.exe 13448 [ws@4413 threadName="vmx"]   cap[ 34]: 0x0008601f (SURFACEFMT_A2R10G10B10)
2026-09-25T19:20:49.898Z -INFO vmware-vmx.exe 13448 [ws@4413 threadName="vmx"]   cap[ 35]: 0x0008601f (SURFACEFMT_X1R5G5B5)
2026-09-25T19:20:49.898Z -INFO vmware-vmx.exe 13448 [ws@4413 threadName="vmx"]   cap[ 36]: 0x0008611f (SURFACEFMT_A1R5G5B5)
2026-09-25T19:20:49.898Z -INFO vmware-vmx.exe 13448 [ws@4413 threadName="vmx"]   cap[ 37]: 0x0000611f (SURFACEFMT_A4R4G4B4)
2026-09-25T19:20:49.898Z -INFO vmware-vmx.exe 13448 [ws@4413 threadName="vmx"]   cap[ 38]: 0x0018ec1f (SURFACEFMT_R5G6B5)
2026-09-25T19:20:49.898Z -INFO vmware-vmx.exe 13448 [ws@4413 threadName="vmx"]   cap[ 39]: 0x0000601f (SURFACEFMT_LUMINANCE16)
2026-09-25T19:20:49.898Z -INFO vmware-vmx.exe 13448 [ws@4413 threadName="vmx"]   cap[ 40]: 0x00006007 (SURFACEFMT_LUMINANCE8_ALPHA8)
2026-09-25T19:20:49.898Z -INFO vmware-vmx.exe 13448 [ws@4413 threadName="vmx"]   cap[ 41]: 0x0000601f (SURFACEFMT_ALPHA8)
2026-09-25T19:20:49.898Z -INFO vmware-vmx.exe 13448 [ws@4413 threadName="vmx"]   cap[ 42]: 0x0000601f (SURFACEFMT_LUMINANCE8)
2026-09-25T19:20:49.898Z -INFO vmware-vmx.exe 13448 [ws@4413 threadName="vmx"]   cap[ 43]: 0x000040c5 (SURFACEFMT_Z_D16)
2026-09-25T19:20:49.898Z -INFO vmware-vmx.exe 13448 [ws@4413 threadName="vmx"]   cap[ 44]: 0x000040c5 (SURFACEFMT_Z_D24S8)
2026-09-25T19:20:49.898Z -INFO vmware-vmx.exe 13448 [ws@4413 threadName="vmx"]   cap[ 45]: 0x000040c5 (SURFACEFMT_Z_D24X8)
2026-09-25T19:20:49.898Z -INFO vmware-vmx.exe 13448 [ws@4413 threadName="vmx"]   cap[ 46]: 0x0000e005 (SURFACEFMT_DXT1)
2026-09-25T19:20:49.898Z -INFO vmware-vmx.exe 13448 [ws@4413 threadName="vmx"]   cap[ 47]: 0x0000e005 (SURFACEFMT_DXT2)
2026-09-25T19:20:49.898Z -INFO vmware-vmx.exe 13448 [ws@4413 threadName="vmx"]   cap[ 48]: 0x0000e005 (SURFACEFMT_DXT3)
2026-09-25T19:20:49.898Z -INFO vmware-vmx.exe 13448 [ws@4413 threadName="vmx"]   cap[ 49]: 0x0000e005 (SURFACEFMT_DXT4)
2026-09-25T19:20:49.898Z -INFO vmware-vmx.exe 13448 [ws@4413 threadName="vmx"]   cap[ 50]: 0x0000e005 (SURFACEFMT_DXT5)
2026-09-25T19:20:49.898Z -INFO vmware-vmx.exe 13448 [ws@4413 threadName="vmx"]   cap[ 51]: 0x00014005 (SURFACEFMT_BUMPX8L8V8U8)
2026-09-25T19:20:49.898Z -INFO vmware-vmx.exe 13448 [ws@4413 threadName="vmx"]   cap[ 52]: 0x00014007 (SURFACEFMT_A2W10V10U10)
2026-09-25T19:20:49.898Z -INFO vmware-vmx.exe 13448 [ws@4413 threadName="vmx"]   cap[ 53]: 0x00014007 (SURFACEFMT_BUMPU8V8)
2026-09-25T19:20:49.898Z -INFO vmware-vmx.exe 13448 [ws@4413 threadName="vmx"]   cap[ 54]: 0x00014005 (SURFACEFMT_Q8W8V8U8)
2026-09-25T19:20:49.898Z -INFO vmware-vmx.exe 13448 [ws@4413 threadName="vmx"]   cap[ 55]: 0x00014001 (SURFACEFMT_CxV8U8)
2026-09-25T19:20:49.898Z -INFO vmware-vmx.exe 13448 [ws@4413 threadName="vmx"]   cap[ 56]: 0x0080601f (SURFACEFMT_R_S10E5)
2026-09-25T19:20:49.898Z -INFO vmware-vmx.exe 13448 [ws@4413 threadName="vmx"]   cap[ 57]: 0x0080601f (SURFACEFMT_R_S23E8)
2026-09-25T19:20:49.898Z -INFO vmware-vmx.exe 13448 [ws@4413 threadName="vmx"]   cap[ 58]: 0x0080601f (SURFACEFMT_RG_S10E5)
2026-09-25T19:20:49.898Z -INFO vmware-vmx.exe 13448 [ws@4413 threadName="vmx"]   cap[ 59]: 0x0080601f (SURFACEFMT_RG_S23E8)
2026-09-25T19:20:49.898Z -INFO vmware-vmx.exe 13448 [ws@4413 threadName="vmx"]   cap[ 60]: 0x0080601f (SURFACEFMT_ARGB_S10E5)
2026-09-25T19:20:49.898Z -INFO vmware-vmx.exe 13448 [ws@4413 threadName="vmx"]   cap[ 61]: 0x0080601f (SURFACEFMT_ARGB_S23E8)
2026-09-25T19:20:49.898Z -INFO vmware-vmx.exe 13448 [ws@4413 threadName="vmx"]   cap[ 62]: 0x00000000 (MISSING62)
2026-09-25T19:20:49.898Z -INFO vmware-vmx.exe 13448 [ws@4413 threadName="vmx"]   cap[ 63]: 0x00000004 (MAX_VERTEX_SHADER_TEXTURES)
2026-09-25T19:20:49.898Z -INFO vmware-vmx.exe 13448 [ws@4413 threadName="vmx"]   cap[ 64]: 0x00000008 (MAX_SIMULTANEOUS_RENDER_TARGETS)
2026-09-25T19:20:49.898Z -INFO vmware-vmx.exe 13448 [ws@4413 threadName="vmx"]   cap[ 65]: 0x00014007 (SURFACEFMT_V16U16)
2026-09-25T19:20:49.898Z -INFO vmware-vmx.exe 13448 [ws@4413 threadName="vmx"]   cap[ 66]: 0x0000601f (SURFACEFMT_G16R16)
2026-09-25T19:20:49.898Z -INFO vmware-vmx.exe 13448 [ws@4413 threadName="vmx"]   cap[ 67]: 0x0000601f (SURFACEFMT_A16B16G16R16)
2026-09-25T19:20:49.898Z -INFO vmware-vmx.exe 13448 [ws@4413 threadName="vmx"]   cap[ 68]: 0x01246000 (SURFACEFMT_UYVY)
2026-09-25T19:20:49.898Z -INFO vmware-vmx.exe 13448 [ws@4413 threadName="vmx"]   cap[ 69]: 0x01246000 (SURFACEFMT_YUY2)
2026-09-25T19:20:49.898Z -INFO vmware-vmx.exe 13448 [ws@4413 threadName="vmx"]   cap[ 70]: 0x00000000 (DEAD4)
2026-09-25T19:20:49.898Z -INFO vmware-vmx.exe 13448 [ws@4413 threadName="vmx"]   cap[ 71]: 0x00000000 (DEAD5)
2026-09-25T19:20:49.898Z -INFO vmware-vmx.exe 13448 [ws@4413 threadName="vmx"]   cap[ 72]: 0x00000000 (DEAD7)
2026-09-25T19:20:49.898Z -INFO vmware-vmx.exe 13448 [ws@4413 threadName="vmx"]   cap[ 73]: 0x00000000 (DEAD6)
2026-09-25T19:20:49.898Z -INFO vmware-vmx.exe 13448 [ws@4413 threadName="vmx"]   cap[ 74]: 0x00000001 (AUTOGENMIPMAPS)
2026-09-25T19:20:49.898Z -INFO vmware-vmx.exe 13448 [ws@4413 threadName="vmx"]   cap[ 75]: 0x01246000 (SURFACEFMT_NV12)
2026-09-25T19:20:49.899Z -INFO vmware-vmx.exe 13448 [ws@4413 threadName="vmx"]   cap[ 76]: 0x00000000 (DEAD10)
2026-09-25T19:20:49.899Z -INFO vmware-vmx.exe 13448 [ws@4413 threadName="vmx"]   cap[ 77]: 0x00000100 (MAX_CONTEXT_IDS)
2026-09-25T19:20:49.899Z -INFO vmware-vmx.exe 13448 [ws@4413 threadName="vmx"]   cap[ 78]: 0x00008000 (MAX_SURFACE_IDS)
2026-09-25T19:20:49.899Z -INFO vmware-vmx.exe 13448 [ws@4413 threadName="vmx"]   cap[ 79]: 0x000040c5 (SURFACEFMT_Z_DF16)
2026-09-25T19:20:49.899Z -INFO vmware-vmx.exe 13448 [ws@4413 threadName="vmx"]   cap[ 80]: 0x000040c5 (SURFACEFMT_Z_DF24)
2026-09-25T19:20:49.899Z -INFO vmware-vmx.exe 13448 [ws@4413 threadName="vmx"]   cap[ 81]: 0x000040c5 (SURFACEFMT_Z_D24S8_INT)
2026-09-25T19:20:49.899Z -INFO vmware-vmx.exe 13448 [ws@4413 threadName="vmx"]   cap[ 82]: 0x00006005 (SURFACEFMT_ATI1)
2026-09-25T19:20:49.899Z -INFO vmware-vmx.exe 13448 [ws@4413 threadName="vmx"]   cap[ 83]: 0x00006005 (SURFACEFMT_ATI2)
2026-09-25T19:20:49.899Z -INFO vmware-vmx.exe 13448 [ws@4413 threadName="vmx"]   cap[ 84]: 0x00000000 (DEAD1)
2026-09-25T19:20:49.899Z -INFO vmware-vmx.exe 13448 [ws@4413 threadName="vmx"]   cap[ 85]: 0x00000000 (DEAD8)
2026-09-25T19:20:49.899Z -INFO vmware-vmx.exe 13448 [ws@4413 threadName="vmx"]   cap[ 86]: 0x00000000 (DEAD9)
2026-09-25T19:20:49.899Z -INFO vmware-vmx.exe 13448 [ws@4413 threadName="vmx"]   cap[ 87]: 0x00000001 (LINE_AA)
2026-09-25T19:20:49.899Z -INFO vmware-vmx.exe 13448 [ws@4413 threadName="vmx"]   cap[ 88]: 0x00000001 (LINE_STIPPLE)
2026-09-25T19:20:49.899Z -INFO vmware-vmx.exe 13448 [ws@4413 threadName="vmx"]   cap[ 89]:  10.000000 (MAX_LINE_WIDTH)
2026-09-25T19:20:49.899Z -INFO vmware-vmx.exe 13448 [ws@4413 threadName="vmx"]   cap[ 90]:  10.000000 (MAX_AA_LINE_WIDTH)
2026-09-25T19:20:49.899Z -INFO vmware-vmx.exe 13448 [ws@4413 threadName="vmx"]   cap[ 91]: 0x01246000 (SURFACEFMT_YV12)
2026-09-25T19:20:49.899Z -INFO vmware-vmx.exe 13448 [ws@4413 threadName="vmx"]   cap[ 92]: 0x00000000 (DEAD3)
2026-09-25T19:20:49.899Z -INFO vmware-vmx.exe 13448 [ws@4413 threadName="vmx"]   cap[ 93]: 0x00000001 (TS_COLOR_KEY)
2026-09-25T19:20:49.899Z -INFO vmware-vmx.exe 13448 [ws@4413 threadName="vmx"]   cap[ 94]: 0x00000000 (DEAD2)
2026-09-25T19:20:49.899Z -INFO vmware-vmx.exe 13448 [ws@4413 threadName="vmx"]   cap[ 95]: 0x00000001 (DXCONTEXT)
2026-09-25T19:20:49.899Z -INFO vmware-vmx.exe 13448 [ws@4413 threadName="vmx"]   cap[ 96]: 0x00000000 (DEAD11)
2026-09-25T19:20:49.899Z -INFO vmware-vmx.exe 13448 [ws@4413 threadName="vmx"]   cap[ 97]: 0x00000010 (DX_MAX_VERTEXBUFFERS)
2026-09-25T19:20:49.899Z -INFO vmware-vmx.exe 13448 [ws@4413 threadName="vmx"]   cap[ 98]: 0x0000000f (DX_MAX_CONSTANT_BUFFERS)
2026-09-25T19:20:49.899Z -INFO vmware-vmx.exe 13448 [ws@4413 threadName="vmx"]   cap[ 99]: 0x00000001 (DX_PROVOKING_VERTEX)
2026-09-25T19:20:49.899Z -INFO vmware-vmx.exe 13448 [ws@4413 threadName="vmx"]   cap[100]: 0x000002f7 (DXFMT_X8R8G8B8)
2026-09-25T19:20:49.899Z -INFO vmware-vmx.exe 13448 [ws@4413 threadName="vmx"]   cap[101]: 0x000003f7 (DXFMT_A8R8G8B8)
2026-09-25T19:20:49.899Z -INFO vmware-vmx.exe 13448 [ws@4413 threadName="vmx"]   cap[102]: 0x000002f7 (DXFMT_R5G6B5)
2026-09-25T19:20:49.899Z -INFO vmware-vmx.exe 13448 [ws@4413 threadName="vmx"]   cap[103]: 0x000000f7 (DXFMT_X1R5G5B5)
2026-09-25T19:20:49.899Z -INFO vmware-vmx.exe 13448 [ws@4413 threadName="vmx"]   cap[104]: 0x000000f7 (DXFMT_A1R5G5B5)
2026-09-25T19:20:49.899Z -INFO vmware-vmx.exe 13448 [ws@4413 threadName="vmx"]   cap[105]: 0x000000f7 (DXFMT_A4R4G4B4)
2026-09-25T19:20:49.899Z -INFO vmware-vmx.exe 13448 [ws@4413 threadName="vmx"]   cap[106]: 0x00000009 (DXFMT_Z_D32)
2026-09-25T19:20:49.899Z -INFO vmware-vmx.exe 13448 [ws@4413 threadName="vmx"]   cap[107]: 0x0000026b (DXFMT_Z_D16)
2026-09-25T19:20:49.899Z -INFO vmware-vmx.exe 13448 [ws@4413 threadName="vmx"]   cap[108]: 0x0000026b (DXFMT_Z_D24S8)
2026-09-25T19:20:49.899Z -INFO vmware-vmx.exe 13448 [ws@4413 threadName="vmx"]   cap[109]: 0x0000000b (DXFMT_Z_D15S1)
2026-09-25T19:20:49.899Z -INFO vmware-vmx.exe 13448 [ws@4413 threadName="vmx"]   cap[110]: 0x000000f7 (DXFMT_LUMINANCE8)
2026-09-25T19:20:49.899Z -INFO vmware-vmx.exe 13448 [ws@4413 threadName="vmx"]   cap[111]: 0x000000e3 (DXFMT_LUMINANCE4_ALPHA4)
2026-09-25T19:20:49.899Z -INFO vmware-vmx.exe 13448 [ws@4413 threadName="vmx"]   cap[112]: 0x000000f7 (DXFMT_LUMINANCE16)
2026-09-25T19:20:49.899Z -INFO vmware-vmx.exe 13448 [ws@4413 threadName="vmx"]   cap[113]: 0x000000e3 (DXFMT_LUMINANCE8_ALPHA8)
2026-09-25T19:20:49.899Z -INFO vmware-vmx.exe 13448 [ws@4413 threadName="vmx"]   cap[114]: 0x00000063 (DXFMT_DXT1)
2026-09-25T19:20:49.899Z -INFO vmware-vmx.exe 13448 [ws@4413 threadName="vmx"]   cap[115]: 0x00000063 (DXFMT_DXT2)
2026-09-25T19:20:49.899Z -INFO vmware-vmx.exe 13448 [ws@4413 threadName="vmx"]   cap[116]: 0x00000063 (DXFMT_DXT3)
2026-09-25T19:20:49.899Z -INFO vmware-vmx.exe 13448 [ws@4413 threadName="vmx"]   cap[117]: 0x00000063 (DXFMT_DXT4)
2026-09-25T19:20:49.899Z -INFO vmware-vmx.exe 13448 [ws@4413 threadName="vmx"]   cap[118]: 0x00000063 (DXFMT_DXT5)
2026-09-25T19:20:49.899Z -INFO vmware-vmx.exe 13448 [ws@4413 threadName="vmx"]   cap[119]: 0x000000e3 (DXFMT_BUMPU8V8)
2026-09-25T19:20:49.899Z -INFO vmware-vmx.exe 13448 [ws@4413 threadName="vmx"]   cap[120]: 0x00000000 (DXFMT_BUMPL6V5U5)
2026-09-25T19:20:49.899Z -INFO vmware-vmx.exe 13448 [ws@4413 threadName="vmx"]   cap[121]: 0x00000063 (DXFMT_BUMPX8L8V8U8)
2026-09-25T19:20:49.899Z -INFO vmware-vmx.exe 13448 [ws@4413 threadName="vmx"]   cap[122]: 0x00000000 (DXFMT_FORMAT_DEAD1)
2026-09-25T19:20:49.899Z -INFO vmware-vmx.exe 13448 [ws@4413 threadName="vmx"]   cap[123]: 0x000003f7 (DXFMT_ARGB_S10E5)
2026-09-25T19:20:49.899Z -INFO vmware-vmx.exe 13448 [ws@4413 threadName="vmx"]   cap[124]: 0x000003f7 (DXFMT_ARGB_S23E8)
2026-09-25T19:20:49.899Z -INFO vmware-vmx.exe 13448 [ws@4413 threadName="vmx"]   cap[125]: 0x000003f7 (DXFMT_A2R10G10B10)
2026-09-25T19:20:49.899Z -INFO vmware-vmx.exe 13448 [ws@4413 threadName="vmx"]   cap[126]: 0x000000e3 (DXFMT_V8U8)
2026-09-25T19:20:49.899Z -INFO vmware-vmx.exe 13448 [ws@4413 threadName="vmx"]   cap[127]: 0x00000063 (DXFMT_Q8W8V8U8)
2026-09-25T19:20:49.899Z -INFO vmware-vmx.exe 13448 [ws@4413 threadName="vmx"]   cap[128]: 0x00000063 (DXFMT_CxV8U8)
2026-09-25T19:20:49.899Z -INFO vmware-vmx.exe 13448 [ws@4413 threadName="vmx"]   cap[129]: 0x000000e3 (DXFMT_X8L8V8U8)
2026-09-25T19:20:49.899Z -INFO vmware-vmx.exe 13448 [ws@4413 threadName="vmx"]   cap[130]: 0x000000e3 (DXFMT_A2W10V10U10)
2026-09-25T19:20:49.899Z -INFO vmware-vmx.exe 13448 [ws@4413 threadName="vmx"]   cap[131]: 0x000000f7 (DXFMT_ALPHA8)
2026-09-25T19:20:49.899Z -INFO vmware-vmx.exe 13448 [ws@4413 threadName="vmx"]   cap[132]: 0x000003f7 (DXFMT_R_S10E5)
2026-09-25T19:20:49.899Z -INFO vmware-vmx.exe 13448 [ws@4413 threadName="vmx"]   cap[133]: 0x000003f7 (DXFMT_R_S23E8)
2026-09-25T19:20:49.899Z -INFO vmware-vmx.exe 13448 [ws@4413 threadName="vmx"]   cap[134]: 0x000003f7 (DXFMT_RG_S10E5)
2026-09-25T19:20:49.899Z -INFO vmware-vmx.exe 13448 [ws@4413 threadName="vmx"]   cap[135]: 0x000003f7 (DXFMT_RG_S23E8)
2026-09-25T19:20:49.899Z -INFO vmware-vmx.exe 13448 [ws@4413 threadName="vmx"]   cap[136]: 0x00000001 (DXFMT_BUFFER)
2026-09-25T19:20:49.899Z -INFO vmware-vmx.exe 13448 [ws@4413 threadName="vmx"]   cap[137]: 0x0000026b (DXFMT_Z_D24X8)
2026-09-25T19:20:49.899Z -INFO vmware-vmx.exe 13448 [ws@4413 threadName="vmx"]   cap[138]: 0x000001e3 (DXFMT_V16U16)
2026-09-25T19:20:49.899Z -INFO vmware-vmx.exe 13448 [ws@4413 threadName="vmx"]   cap[139]: 0x000003f7 (DXFMT_G16R16)
2026-09-25T19:20:49.899Z -INFO vmware-vmx.exe 13448 [ws@4413 threadName="vmx"]   cap[140]: 0x000001f7 (DXFMT_A16B16G16R16)
2026-09-25T19:20:49.899Z -INFO vmware-vmx.exe 13448 [ws@4413 threadName="vmx"]   cap[141]: 0x00000001 (DXFMT_UYVY)
2026-09-25T19:20:49.899Z -INFO vmware-vmx.exe 13448 [ws@4413 threadName="vmx"]   cap[142]: 0x00000041 (DXFMT_YUY2)
2026-09-25T19:20:49.899Z -INFO vmware-vmx.exe 13448 [ws@4413 threadName="vmx"]   cap[143]: 0x00000041 (DXFMT_NV12)
2026-09-25T19:20:49.899Z -INFO vmware-vmx.exe 13448 [ws@4413 threadName="vmx"]   cap[144]: 0x00000000 (DXFMT_FORMAT_DEAD2)
2026-09-25T19:20:49.899Z -INFO vmware-vmx.exe 13448 [ws@4413 threadName="vmx"]   cap[145]: 0x000002e1 (DXFMT_R32G32B32A32_TYPELESS)
2026-09-25T19:20:49.899Z -INFO vmware-vmx.exe 13448 [ws@4413 threadName="vmx"]   cap[146]: 0x000003e7 (DXFMT_R32G32B32A32_UINT)
2026-09-25T19:20:49.899Z -INFO vmware-vmx.exe 13448 [ws@4413 threadName="vmx"]   cap[147]: 0x000003e7 (DXFMT_R32G32B32A32_SINT)
2026-09-25T19:20:49.899Z -INFO vmware-vmx.exe 13448 [ws@4413 threadName="vmx"]   cap[148]: 0x000000e1 (DXFMT_R32G32B32_TYPELESS)
2026-09-25T19:20:49.899Z -INFO vmware-vmx.exe 13448 [ws@4413 threadName="vmx"]   cap[149]: 0x000001e3 (DXFMT_R32G32B32_FLOAT)
2026-09-25T19:20:49.899Z -INFO vmware-vmx.exe 13448 [ws@4413 threadName="vmx"]   cap[150]: 0x000001e3 (DXFMT_R32G32B32_UINT)
2026-09-25T19:20:49.899Z -INFO vmware-vmx.exe 13448 [ws@4413 threadName="vmx"]   cap[151]: 0x000001e3 (DXFMT_R32G32B32_SINT)
2026-09-25T19:20:49.899Z -INFO vmware-vmx.exe 13448 [ws@4413 threadName="vmx"]   cap[152]: 0x000002e1 (DXFMT_R16G16B16A16_TYPELESS)
2026-09-25T19:20:49.899Z -INFO vmware-vmx.exe 13448 [ws@4413 threadName="vmx"]   cap[153]: 0x000003e7 (DXFMT_R16G16B16A16_UINT)
2026-09-25T19:20:49.899Z -INFO vmware-vmx.exe 13448 [ws@4413 threadName="vmx"]   cap[154]: 0x000003f7 (DXFMT_R16G16B16A16_SNORM)
2026-09-25T19:20:49.899Z -INFO vmware-vmx.exe 13448 [ws@4413 threadName="vmx"]   cap[155]: 0x000003e7 (DXFMT_R16G16B16A16_SINT)
2026-09-25T19:20:49.899Z -INFO vmware-vmx.exe 13448 [ws@4413 threadName="vmx"]   cap[156]: 0x000002e1 (DXFMT_R32G32_TYPELESS)
2026-09-25T19:20:49.899Z -INFO vmware-vmx.exe 13448 [ws@4413 threadName="vmx"]   cap[157]: 0x000003e7 (DXFMT_R32G32_UINT)
2026-09-25T19:20:49.899Z -INFO vmware-vmx.exe 13448 [ws@4413 threadName="vmx"]   cap[158]: 0x000003e7 (DXFMT_R32G32_SINT)
2026-09-25T19:20:49.899Z -INFO vmware-vmx.exe 13448 [ws@4413 threadName="vmx"]   cap[159]: 0x00000261 (DXFMT_R32G8X24_TYPELESS)
2026-09-25T19:20:49.899Z -INFO vmware-vmx.exe 13448 [ws@4413 threadName="vmx"]   cap[160]: 0x00000269 (DXFMT_D32_FLOAT_S8X24_UINT)
2026-09-25T19:20:49.899Z -INFO vmware-vmx.exe 13448 [ws@4413 threadName="vmx"]   cap[161]: 0x00000063 (DXFMT_R32_FLOAT_X8X24)
2026-09-25T19:20:49.900Z -INFO vmware-vmx.exe 13448 [ws@4413 threadName="vmx"]   cap[162]: 0x00000063 (DXFMT_X32_G8X24_UINT)
2026-09-25T19:20:49.900Z -INFO vmware-vmx.exe 13448 [ws@4413 threadName="vmx"]   cap[163]: 0x000002e1 (DXFMT_R10G10B10A2_TYPELESS)
2026-09-25T19:20:49.900Z -INFO vmware-vmx.exe 13448 [ws@4413 threadName="vmx"]   cap[164]: 0x000003e7 (DXFMT_R10G10B10A2_UINT)
2026-09-25T19:20:49.900Z -INFO vmware-vmx.exe 13448 [ws@4413 threadName="vmx"]   cap[165]: 0x000003f7 (DXFMT_R11G11B10_FLOAT)
2026-09-25T19:20:49.900Z -INFO vmware-vmx.exe 13448 [ws@4413 threadName="vmx"]   cap[166]: 0x000002e1 (DXFMT_R8G8B8A8_TYPELESS)
2026-09-25T19:20:49.900Z -INFO vmware-vmx.exe 13448 [ws@4413 threadName="vmx"]   cap[167]: 0x000003f7 (DXFMT_R8G8B8A8_UNORM)
2026-09-25T19:20:49.900Z -INFO vmware-vmx.exe 13448 [ws@4413 threadName="vmx"]   cap[168]: 0x000002f7 (DXFMT_R8G8B8A8_UNORM_SRGB)
2026-09-25T19:20:49.900Z -INFO vmware-vmx.exe 13448 [ws@4413 threadName="vmx"]   cap[169]: 0x000003e7 (DXFMT_R8G8B8A8_UINT)
2026-09-25T19:20:49.900Z -INFO vmware-vmx.exe 13448 [ws@4413 threadName="vmx"]   cap[170]: 0x000003e7 (DXFMT_R8G8B8A8_SINT)
2026-09-25T19:20:49.900Z -INFO vmware-vmx.exe 13448 [ws@4413 threadName="vmx"]   cap[171]: 0x000002e1 (DXFMT_R16G16_TYPELESS)
2026-09-25T19:20:49.900Z -INFO vmware-vmx.exe 13448 [ws@4413 threadName="vmx"]   cap[172]: 0x000003e7 (DXFMT_R16G16_UINT)
2026-09-25T19:20:49.900Z -INFO vmware-vmx.exe 13448 [ws@4413 threadName="vmx"]   cap[173]: 0x000003e7 (DXFMT_R16G16_SINT)
2026-09-25T19:20:49.900Z -INFO vmware-vmx.exe 13448 [ws@4413 threadName="vmx"]   cap[174]: 0x000002e1 (DXFMT_R32_TYPELESS)
2026-09-25T19:20:49.900Z -INFO vmware-vmx.exe 13448 [ws@4413 threadName="vmx"]   cap[175]: 0x00000269 (DXFMT_D32_FLOAT)
2026-09-25T19:20:49.900Z -INFO vmware-vmx.exe 13448 [ws@4413 threadName="vmx"]   cap[176]: 0x000003e7 (DXFMT_R32_UINT)
2026-09-25T19:20:49.900Z -INFO vmware-vmx.exe 13448 [ws@4413 threadName="vmx"]   cap[177]: 0x000003e7 (DXFMT_R32_SINT)
2026-09-25T19:20:49.900Z -INFO vmware-vmx.exe 13448 [ws@4413 threadName="vmx"]   cap[178]: 0x00000261 (DXFMT_R24G8_TYPELESS)
2026-09-25T19:20:49.900Z -INFO vmware-vmx.exe 13448 [ws@4413 threadName="vmx"]   cap[179]: 0x00000269 (DXFMT_D24_UNORM_S8_UINT)
2026-09-25T19:20:49.900Z -INFO vmware-vmx.exe 13448 [ws@4413 threadName="vmx"]   cap[180]: 0x00000063 (DXFMT_R24_UNORM_X8)
2026-09-25T19:20:49.900Z -INFO vmware-vmx.exe 13448 [ws@4413 threadName="vmx"]   cap[181]: 0x00000063 (DXFMT_X24_G8_UINT)
2026-09-25T19:20:49.900Z -INFO vmware-vmx.exe 13448 [ws@4413 threadName="vmx"]   cap[182]: 0x000002e1 (DXFMT_R8G8_TYPELESS)
2026-09-25T19:20:49.900Z -INFO vmware-vmx.exe 13448 [ws@4413 threadName="vmx"]   cap[183]: 0x000003f7 (DXFMT_R8G8_UNORM)
2026-09-25T19:20:49.900Z -INFO vmware-vmx.exe 13448 [ws@4413 threadName="vmx"]   cap[184]: 0x000003e7 (DXFMT_R8G8_UINT)
2026-09-25T19:20:49.900Z -INFO vmware-vmx.exe 13448 [ws@4413 threadName="vmx"]   cap[185]: 0x000003e7 (DXFMT_R8G8_SINT)
2026-09-25T19:20:49.900Z -INFO vmware-vmx.exe 13448 [ws@4413 threadName="vmx"]   cap[186]: 0x000002e1 (DXFMT_R16_TYPELESS)
2026-09-25T19:20:49.900Z -INFO vmware-vmx.exe 13448 [ws@4413 threadName="vmx"]   cap[187]: 0x000003f7 (DXFMT_R16_UNORM)
2026-09-25T19:20:49.900Z -INFO vmware-vmx.exe 13448 [ws@4413 threadName="vmx"]   cap[188]: 0x000003e7 (DXFMT_R16_UINT)
2026-09-25T19:20:49.900Z -INFO vmware-vmx.exe 13448 [ws@4413 threadName="vmx"]   cap[189]: 0x000003f7 (DXFMT_R16_SNORM)
2026-09-25T19:20:49.900Z -INFO vmware-vmx.exe 13448 [ws@4413 threadName="vmx"]   cap[190]: 0x000003e7 (DXFMT_R16_SINT)
2026-09-25T19:20:49.900Z -INFO vmware-vmx.exe 13448 [ws@4413 threadName="vmx"]   cap[191]: 0x000002e1 (DXFMT_R8_TYPELESS)
2026-09-25T19:20:49.900Z -INFO vmware-vmx.exe 13448 [ws@4413 threadName="vmx"]   cap[192]: 0x000003f7 (DXFMT_R8_UNORM)
2026-09-25T19:20:49.900Z -INFO vmware-vmx.exe 13448 [ws@4413 threadName="vmx"]   cap[193]: 0x000003e7 (DXFMT_R8_UINT)
2026-09-25T19:20:49.900Z -INFO vmware-vmx.exe 13448 [ws@4413 threadName="vmx"]   cap[194]: 0x000003f7 (DXFMT_R8_SNORM)
2026-09-25T19:20:49.900Z -INFO vmware-vmx.exe 13448 [ws@4413 threadName="vmx"]   cap[195]: 0x000003e7 (DXFMT_R8_SINT)
2026-09-25T19:20:49.900Z -INFO vmware-vmx.exe 13448 [ws@4413 threadName="vmx"]   cap[196]: 0x00000001 (DXFMT_P8)
2026-09-25T19:20:49.900Z -INFO vmware-vmx.exe 13448 [ws@4413 threadName="vmx"]   cap[197]: 0x000000e3 (DXFMT_R9G9B9E5_SHAREDEXP)
2026-09-25T19:20:49.900Z -INFO vmware-vmx.exe 13448 [ws@4413 threadName="vmx"]   cap[198]: 0x000000e3 (DXFMT_R8G8_B8G8_UNORM)
2026-09-25T19:20:49.900Z -INFO vmware-vmx.exe 13448 [ws@4413 threadName="vmx"]   cap[199]: 0x000000e3 (DXFMT_G8R8_G8B8_UNORM)
2026-09-25T19:20:49.900Z -INFO vmware-vmx.exe 13448 [ws@4413 threadName="vmx"]   cap[200]: 0x000000e1 (DXFMT_BC1_TYPELESS)
2026-09-25T19:20:49.900Z -INFO vmware-vmx.exe 13448 [ws@4413 threadName="vmx"]   cap[201]: 0x000000e3 (DXFMT_BC1_UNORM_SRGB)
2026-09-25T19:20:49.900Z -INFO vmware-vmx.exe 13448 [ws@4413 threadName="vmx"]   cap[202]: 0x000000e1 (DXFMT_BC2_TYPELESS)
2026-09-25T19:20:49.900Z -INFO vmware-vmx.exe 13448 [ws@4413 threadName="vmx"]   cap[203]: 0x000000e3 (DXFMT_BC2_UNORM_SRGB)
2026-09-25T19:20:49.900Z -INFO vmware-vmx.exe 13448 [ws@4413 threadName="vmx"]   cap[204]: 0x000000e1 (DXFMT_BC3_TYPELESS)
2026-09-25T19:20:49.900Z -INFO vmware-vmx.exe 13448 [ws@4413 threadName="vmx"]   cap[205]: 0x000000e3 (DXFMT_BC3_UNORM_SRGB)
2026-09-25T19:20:49.900Z -INFO vmware-vmx.exe 13448 [ws@4413 threadName="vmx"]   cap[206]: 0x000000e1 (DXFMT_BC4_TYPELESS)
2026-09-25T19:20:49.900Z -INFO vmware-vmx.exe 13448 [ws@4413 threadName="vmx"]   cap[207]: 0x00000063 (DXFMT_ATI1)
2026-09-25T19:20:49.900Z -INFO vmware-vmx.exe 13448 [ws@4413 threadName="vmx"]   cap[208]: 0x000000e3 (DXFMT_BC4_SNORM)
2026-09-25T19:20:49.900Z -INFO vmware-vmx.exe 13448 [ws@4413 threadName="vmx"]   cap[209]: 0x000000e1 (DXFMT_BC5_TYPELESS)
2026-09-25T19:20:49.900Z -INFO vmware-vmx.exe 13448 [ws@4413 threadName="vmx"]   cap[210]: 0x00000063 (DXFMT_ATI2)
2026-09-25T19:20:49.900Z -INFO vmware-vmx.exe 13448 [ws@4413 threadName="vmx"]   cap[211]: 0x000000e3 (DXFMT_BC5_SNORM)
2026-09-25T19:20:49.900Z -INFO vmware-vmx.exe 13448 [ws@4413 threadName="vmx"]   cap[212]: 0x00000045 (DXFMT_R10G10B10_XR_BIAS_A2_UNORM)
2026-09-25T19:20:49.901Z -INFO vmware-vmx.exe 13448 [ws@4413 threadName="vmx"]   cap[213]: 0x000002e1 (DXFMT_B8G8R8A8_TYPELESS)
2026-09-25T19:20:49.901Z -INFO vmware-vmx.exe 13448 [ws@4413 threadName="vmx"]   cap[214]: 0x000002f7 (DXFMT_B8G8R8A8_UNORM_SRGB)
2026-09-25T19:20:49.901Z -INFO vmware-vmx.exe 13448 [ws@4413 threadName="vmx"]   cap[215]: 0x000002e1 (DXFMT_B8G8R8X8_TYPELESS)
2026-09-25T19:20:49.901Z -INFO vmware-vmx.exe 13448 [ws@4413 threadName="vmx"]   cap[216]: 0x000002f7 (DXFMT_B8G8R8X8_UNORM_SRGB)
2026-09-25T19:20:49.901Z -INFO vmware-vmx.exe 13448 [ws@4413 threadName="vmx"]   cap[217]: 0x0000006b (DXFMT_Z_DF16)
2026-09-25T19:20:49.901Z -INFO vmware-vmx.exe 13448 [ws@4413 threadName="vmx"]   cap[218]: 0x0000006b (DXFMT_Z_DF24)
2026-09-25T19:20:49.901Z -INFO vmware-vmx.exe 13448 [ws@4413 threadName="vmx"]   cap[219]: 0x0000006b (DXFMT_Z_D24S8_INT)
2026-09-25T19:20:49.901Z -INFO vmware-vmx.exe 13448 [ws@4413 threadName="vmx"]   cap[220]: 0x00000001 (DXFMT_YV12)
2026-09-25T19:20:49.901Z -INFO vmware-vmx.exe 13448 [ws@4413 threadName="vmx"]   cap[221]: 0x000003f7 (DXFMT_R32G32B32A32_FLOAT)
2026-09-25T19:20:49.901Z -INFO vmware-vmx.exe 13448 [ws@4413 threadName="vmx"]   cap[222]: 0x000003f7 (DXFMT_R16G16B16A16_FLOAT)
2026-09-25T19:20:49.901Z -INFO vmware-vmx.exe 13448 [ws@4413 threadName="vmx"]   cap[223]: 0x000003f7 (DXFMT_R16G16B16A16_UNORM)
2026-09-25T19:20:49.901Z -INFO vmware-vmx.exe 13448 [ws@4413 threadName="vmx"]   cap[224]: 0x000003f7 (DXFMT_R32G32_FLOAT)
2026-09-25T19:20:49.901Z -INFO vmware-vmx.exe 13448 [ws@4413 threadName="vmx"]   cap[225]: 0x000003f7 (DXFMT_R10G10B10A2_UNORM)
2026-09-25T19:20:49.901Z -INFO vmware-vmx.exe 13448 [ws@4413 threadName="vmx"]   cap[226]: 0x000003f7 (DXFMT_R8G8B8A8_SNORM)
2026-09-25T19:20:49.901Z -INFO vmware-vmx.exe 13448 [ws@4413 threadName="vmx"]   cap[227]: 0x000003f7 (DXFMT_R16G16_FLOAT)
2026-09-25T19:20:49.901Z -INFO vmware-vmx.exe 13448 [ws@4413 threadName="vmx"]   cap[228]: 0x000003f7 (DXFMT_R16G16_UNORM)
2026-09-25T19:20:49.901Z -INFO vmware-vmx.exe 13448 [ws@4413 threadName="vmx"]   cap[229]: 0x000003f7 (DXFMT_R16G16_SNORM)
2026-09-25T19:20:49.901Z -INFO vmware-vmx.exe 13448 [ws@4413 threadName="vmx"]   cap[230]: 0x000003f7 (DXFMT_R32_FLOAT)
2026-09-25T19:20:49.901Z -INFO vmware-vmx.exe 13448 [ws@4413 threadName="vmx"]   cap[231]: 0x000003f7 (DXFMT_R8G8_SNORM)
2026-09-25T19:20:49.901Z -INFO vmware-vmx.exe 13448 [ws@4413 threadName="vmx"]   cap[232]: 0x000003f7 (DXFMT_R16_FLOAT)
2026-09-25T19:20:49.901Z -INFO vmware-vmx.exe 13448 [ws@4413 threadName="vmx"]   cap[233]: 0x00000269 (DXFMT_D16_UNORM)
2026-09-25T19:20:49.901Z -INFO vmware-vmx.exe 13448 [ws@4413 threadName="vmx"]   cap[234]: 0x000002f7 (DXFMT_A8_UNORM)
2026-09-25T19:20:49.901Z -INFO vmware-vmx.exe 13448 [ws@4413 threadName="vmx"]   cap[235]: 0x000000e3 (DXFMT_BC1_UNORM)
2026-09-25T19:20:49.901Z -INFO vmware-vmx.exe 13448 [ws@4413 threadName="vmx"]   cap[236]: 0x000000e3 (DXFMT_BC2_UNORM)
2026-09-25T19:20:49.901Z -INFO vmware-vmx.exe 13448 [ws@4413 threadName="vmx"]   cap[237]: 0x000000e3 (DXFMT_BC3_UNORM)
2026-09-25T19:20:49.902Z -INFO vmware-vmx.exe 13448 [ws@4413 threadName="vmx"]   cap[238]: 0x000002f7 (DXFMT_B5G6R5_UNORM)
2026-09-25T19:20:49.902Z -INFO vmware-vmx.exe 13448 [ws@4413 threadName="vmx"]   cap[239]: 0x000002f7 (DXFMT_B5G5R5A1_UNORM)
2026-09-25T19:20:49.902Z -INFO vmware-vmx.exe 13448 [ws@4413 threadName="vmx"]   cap[240]: 0x000003f7 (DXFMT_B8G8R8A8_UNORM)
2026-09-25T19:20:49.902Z -INFO vmware-vmx.exe 13448 [ws@4413 threadName="vmx"]   cap[241]: 0x000003f7 (DXFMT_B8G8R8X8_UNORM)
2026-09-25T19:20:49.902Z -INFO vmware-vmx.exe 13448 [ws@4413 threadName="vmx"]   cap[242]: 0x000000e3 (DXFMT_BC4_UNORM)
2026-09-25T19:20:49.902Z -INFO vmware-vmx.exe 13448 [ws@4413 threadName="vmx"]   cap[243]: 0x000000e3 (DXFMT_BC5_UNORM)
2026-09-25T19:20:49.902Z -INFO vmware-vmx.exe 13448 [ws@4413 threadName="vmx"]   cap[244]: 0x00000001 (SM41)
2026-09-25T19:20:49.902Z -INFO vmware-vmx.exe 13448 [ws@4413 threadName="vmx"]   cap[245]: 0x00000001 (MULTISAMPLE_2X)
2026-09-25T19:20:49.902Z -INFO vmware-vmx.exe 13448 [ws@4413 threadName="vmx"]   cap[246]: 0x00000001 (MULTISAMPLE_4X)
2026-09-25T19:20:49.902Z -INFO vmware-vmx.exe 13448 [ws@4413 threadName="vmx"]   cap[247]: 0x00000001 (MS_FULL_QUALITY)
2026-09-25T19:20:49.902Z -INFO vmware-vmx.exe 13448 [ws@4413 threadName="vmx"]   cap[248]: 0x00000001 (LOGICOPS)
2026-09-25T19:20:49.902Z -INFO vmware-vmx.exe 13448 [ws@4413 threadName="vmx"]   cap[249]: 0x00000001 (LOGIC_BLENDOPS)
2026-09-25T19:20:49.902Z -INFO vmware-vmx.exe 13448 [ws@4413 threadName="vmx"]   cap[250]: 0x00000000 (DEAD12)
2026-09-25T19:20:49.902Z -INFO vmware-vmx.exe 13448 [ws@4413 threadName="vmx"]   cap[251]: 0x000000e1 (DXFMT_BC6H_TYPELESS)
2026-09-25T19:20:49.902Z -INFO vmware-vmx.exe 13448 [ws@4413 threadName="vmx"]   cap[252]: 0x000000e3 (DXFMT_BC6H_UF16)
2026-09-25T19:20:49.902Z -INFO vmware-vmx.exe 13448 [ws@4413 threadName="vmx"]   cap[253]: 0x000000e3 (DXFMT_BC6H_SF16)
2026-09-25T19:20:49.902Z -INFO vmware-vmx.exe 13448 [ws@4413 threadName="vmx"]   cap[254]: 0x000000e1 (DXFMT_BC7_TYPELESS)
2026-09-25T19:20:49.902Z -INFO vmware-vmx.exe 13448 [ws@4413 threadName="vmx"]   cap[255]: 0x000000e3 (DXFMT_BC7_UNORM)
2026-09-25T19:20:49.902Z -INFO vmware-vmx.exe 13448 [ws@4413 threadName="vmx"]   cap[256]: 0x000000e3 (DXFMT_BC7_UNORM_SRGB)
2026-09-25T19:20:49.902Z -INFO vmware-vmx.exe 13448 [ws@4413 threadName="vmx"]   cap[257]: 0x00000000 (DEAD13)
2026-09-25T19:20:49.902Z -INFO vmware-vmx.exe 13448 [ws@4413 threadName="vmx"]   cap[258]: 0x00000001 (SM5)
2026-09-25T19:20:49.902Z -INFO vmware-vmx.exe 13448 [ws@4413 threadName="vmx"]   cap[259]: 0x00000001 (MULTISAMPLE_8X)
2026-09-25T19:20:49.902Z -INFO vmware-vmx.exe 13448 [ws@4413 threadName="vmx"]   cap[260]: 0x00000010 (MAX_FORCED_SAMPLE_COUNT)
2026-09-25T19:20:49.902Z -INFO vmware-vmx.exe 13448 [ws@4413 threadName="vmx"]   cap[261]: 0x00000001 (GL43)
2026-09-25T19:20:49.902Z -INFO vmware-vmx.exe 13448 [ws@4413 threadName="vmx"] SVGA3dClamp:     Host Provides     BC67Level:     9 (    9,     9)
2026-09-25T19:20:49.903Z -INFO vmware-vmx.exe 13448 [ws@4413 threadName="vmx"] SVGA3dClamp:     Host Provides BaseCapsLevel:     9 (    9,     9)
2026-09-25T19:20:49.903Z -INFO vmware-vmx.exe 13448 [ws@4413 threadName="vmx"] SVGA3dClamp:     Host Provides    ClampLevel:     7 (    7,    10)
2026-09-25T19:20:49.903Z -NOTICE vmware-vmx.exe 13448 [ws@4413 threadName="vmx"] ConfigDB: Setting vmotion.svga.supports3D = "1"
2026-09-25T19:20:49.903Z -NOTICE vmware-vmx.exe 13448 [ws@4413 threadName="vmx"] ConfigDB: Setting vmotion.svga.baseCapsLevel = "9"
2026-09-25T19:20:49.903Z -NOTICE vmware-vmx.exe 13448 [ws@4413 threadName="vmx"] ConfigDB: Setting vmotion.svga.maxPointSize = "189"
2026-09-25T19:20:49.903Z -NOTICE vmware-vmx.exe 13448 [ws@4413 threadName="vmx"] ConfigDB: Setting vmotion.svga.maxTextureSize = "32768"
2026-09-25T19:20:49.903Z -NOTICE vmware-vmx.exe 13448 [ws@4413 threadName="vmx"] ConfigDB: Setting vmotion.svga.maxVolumeExtent = "16384"
2026-09-25T19:20:49.903Z -NOTICE vmware-vmx.exe 13448 [ws@4413 threadName="vmx"] ConfigDB: Setting vmotion.svga.maxTextureAnisotropy = "16"
2026-09-25T19:20:49.903Z -NOTICE vmware-vmx.exe 13448 [ws@4413 threadName="vmx"] ConfigDB: Setting vmotion.svga.lineStipple = "1"
2026-09-25T19:20:49.903Z -NOTICE vmware-vmx.exe 13448 [ws@4413 threadName="vmx"] ConfigDB: Setting vmotion.svga.dxMaxConstantBuffers = "15"
2026-09-25T19:20:49.903Z -NOTICE vmware-vmx.exe 13448 [ws@4413 threadName="vmx"] ConfigDB: Setting vmotion.svga.dxProvokingVertex = "1"
2026-09-25T19:20:49.903Z -NOTICE vmware-vmx.exe 13448 [ws@4413 threadName="vmx"] ConfigDB: Setting vmotion.svga.sm41 = "1"
2026-09-25T19:20:49.903Z -NOTICE vmware-vmx.exe 13448 [ws@4413 threadName="vmx"] ConfigDB: Setting vmotion.svga.multisample2x = "1"
2026-09-25T19:20:49.903Z -NOTICE vmware-vmx.exe 13448 [ws@4413 threadName="vmx"] ConfigDB: Setting vmotion.svga.multisample4x = "1"
2026-09-25T19:20:49.903Z -NOTICE vmware-vmx.exe 13448 [ws@4413 threadName="vmx"] ConfigDB: Setting vmotion.svga.msFullQuality = "1"
2026-09-25T19:20:49.903Z -NOTICE vmware-vmx.exe 13448 [ws@4413 threadName="vmx"] ConfigDB: Setting vmotion.svga.logicOps = "1"
2026-09-25T19:20:49.903Z -NOTICE vmware-vmx.exe 13448 [ws@4413 threadName="vmx"] ConfigDB: Setting vmotion.svga.bc67 = "9"
2026-09-25T19:20:49.903Z -NOTICE vmware-vmx.exe 13448 [ws@4413 threadName="vmx"] ConfigDB: Setting vmotion.svga.sm5 = "1"
2026-09-25T19:20:49.903Z -NOTICE vmware-vmx.exe 13448 [ws@4413 threadName="vmx"] ConfigDB: Setting vmotion.svga.multisample8x = "1"
2026-09-25T19:20:49.903Z -NOTICE vmware-vmx.exe 13448 [ws@4413 threadName="vmx"] ConfigDB: Setting vmotion.svga.logicBlendOps = "1"
2026-09-25T19:20:49.903Z -NOTICE vmware-vmx.exe 13448 [ws@4413 threadName="vmx"] ConfigDB: Setting vmotion.svga.maxForcedSampleCount = "16"
2026-09-25T19:20:49.903Z -NOTICE vmware-vmx.exe 13448 [ws@4413 threadName="vmx"] ConfigDB: Setting vmotion.svga.gl43 = "1"
2026-09-25T19:20:49.903Z -INFO vmware-vmx.exe 13448 [ws@4413 threadName="vmx"] SVGA3dCaps: guest, compatibility level: 10
2026-09-25T19:20:49.903Z -INFO vmware-vmx.exe 13448 [ws@4413 threadName="vmx"]   cap[  0]: 0x00000001 (3D)
2026-09-25T19:20:49.903Z -INFO vmware-vmx.exe 13448 [ws@4413 threadName="vmx"]   cap[  1]: 0x00000008 (MAX_LIGHTS)
2026-09-25T19:20:49.903Z -INFO vmware-vmx.exe 13448 [ws@4413 threadName="vmx"]   cap[  2]: 0x00000008 (MAX_TEXTURES)
2026-09-25T19:20:49.903Z -INFO vmware-vmx.exe 13448 [ws@4413 threadName="vmx"]   cap[  3]: 0x00000008 (MAX_CLIP_PLANES)
2026-09-25T19:20:49.903Z -INFO vmware-vmx.exe 13448 [ws@4413 threadName="vmx"]   cap[  4]: 0x00000007 (VERTEX_SHADER_VERSION)
2026-09-25T19:20:49.903Z -INFO vmware-vmx.exe 13448 [ws@4413 threadName="vmx"]   cap[  5]: 0x00000001 (VERTEX_SHADER)
2026-09-25T19:20:49.903Z -INFO vmware-vmx.exe 13448 [ws@4413 threadName="vmx"]   cap[  6]: 0x0000000d (FRAGMENT_SHADER_VERSION)
2026-09-25T19:20:49.903Z -INFO vmware-vmx.exe 13448 [ws@4413 threadName="vmx"]   cap[  7]: 0x00000001 (FRAGMENT_SHADER)
2026-09-25T19:20:49.903Z -INFO vmware-vmx.exe 13448 [ws@4413 threadName="vmx"]   cap[  8]: 0x00000008 (MAX_RENDER_TARGETS)
2026-09-25T19:20:49.903Z -INFO vmware-vmx.exe 13448 [ws@4413 threadName="vmx"]   cap[  9]: 0x00000001 (S23E8_TEXTURES)
2026-09-25T19:20:49.903Z -INFO vmware-vmx.exe 13448 [ws@4413 threadName="vmx"]   cap[ 10]: 0x00000001 (S10E5_TEXTURES)
2026-09-25T19:20:49.903Z -INFO vmware-vmx.exe 13448 [ws@4413 threadName="vmx"]   cap[ 11]: 0x00000004 (MAX_FIXED_VERTEXBLEND)
2026-09-25T19:20:49.903Z -INFO vmware-vmx.exe 13448 [ws@4413 threadName="vmx"]   cap[ 12]: 0x00000001 (D16_BUFFER_FORMAT)
2026-09-25T19:20:49.903Z -INFO vmware-vmx.exe 13448 [ws@4413 threadName="vmx"]   cap[ 13]: 0x00000001 (D24S8_BUFFER_FORMAT)
2026-09-25T19:20:49.903Z -INFO vmware-vmx.exe 13448 [ws@4413 threadName="vmx"]   cap[ 14]: 0x00000001 (D24X8_BUFFER_FORMAT)
2026-09-25T19:20:49.903Z -INFO vmware-vmx.exe 13448 [ws@4413 threadName="vmx"]   cap[ 15]: 0x00000001 (QUERY_TYPES)
2026-09-25T19:20:49.903Z -INFO vmware-vmx.exe 13448 [ws@4413 threadName="vmx"]   cap[ 16]: 0x00000001 (TEXTURE_GRADIENT_SAMPLING)
2026-09-25T19:20:49.903Z -INFO vmware-vmx.exe 13448 [ws@4413 threadName="vmx"]   cap[ 17]: 189.000000 (MAX_POINT_SIZE)
2026-09-25T19:20:49.903Z -INFO vmware-vmx.exe 13448 [ws@4413 threadName="vmx"]   cap[ 18]: 0x00000014 (MAX_SHADER_TEXTURES)
2026-09-25T19:20:49.903Z -INFO vmware-vmx.exe 13448 [ws@4413 threadName="vmx"]   cap[ 19]: 0x00008000 (MAX_TEXTURE_WIDTH)
2026-09-25T19:20:49.903Z -INFO vmware-vmx.exe 13448 [ws@4413 threadName="vmx"]   cap[ 20]: 0x00008000 (MAX_TEXTURE_HEIGHT)
2026-09-25T19:20:49.903Z -INFO vmware-vmx.exe 13448 [ws@4413 threadName="vmx"]   cap[ 21]: 0x00004000 (MAX_VOLUME_EXTENT)
2026-09-25T19:20:49.903Z -INFO vmware-vmx.exe 13448 [ws@4413 threadName="vmx"]   cap[ 22]: 0x00008000 (MAX_TEXTURE_REPEAT)
2026-09-25T19:20:49.903Z -INFO vmware-vmx.exe 13448 [ws@4413 threadName="vmx"]   cap[ 23]: 0x00008000 (MAX_TEXTURE_ASPECT_RATIO)
2026-09-25T19:20:49.903Z -INFO vmware-vmx.exe 13448 [ws@4413 threadName="vmx"]   cap[ 24]: 0x00000010 (MAX_TEXTURE_ANISOTROPY)
2026-09-25T19:20:49.903Z -INFO vmware-vmx.exe 13448 [ws@4413 threadName="vmx"]   cap[ 25]: 0x001fffff (MAX_PRIMITIVE_COUNT)
2026-09-25T19:20:49.903Z -INFO vmware-vmx.exe 13448 [ws@4413 threadName="vmx"]   cap[ 26]: 0x000fffff (MAX_VERTEX_INDEX)
2026-09-25T19:20:49.904Z -INFO vmware-vmx.exe 13448 [ws@4413 threadName="vmx"]   cap[ 27]: 0x0000ffff (MAX_VERTEX_SHADER_INSTRUCTIONS)
2026-09-25T19:20:49.904Z -INFO vmware-vmx.exe 13448 [ws@4413 threadName="vmx"]   cap[ 28]: 0x0000ffff (MAX_FRAGMENT_SHADER_INSTRUCTIONS)
2026-09-25T19:20:49.904Z -INFO vmware-vmx.exe 13448 [ws@4413 threadName="vmx"]   cap[ 29]: 0x00000020 (MAX_VERTEX_SHADER_TEMPS)
2026-09-25T19:20:49.904Z -INFO vmware-vmx.exe 13448 [ws@4413 threadName="vmx"]   cap[ 30]: 0x00000020 (MAX_FRAGMENT_SHADER_TEMPS)
2026-09-25T19:20:49.904Z -INFO vmware-vmx.exe 13448 [ws@4413 threadName="vmx"]   cap[ 31]: 0x03ffffff (TEXTURE_OPS)
2026-09-25T19:20:49.904Z -INFO vmware-vmx.exe 13448 [ws@4413 threadName="vmx"]   cap[ 32]: 0x0018ec1f (SURFACEFMT_X8R8G8B8)
2026-09-25T19:20:49.904Z -INFO vmware-vmx.exe 13448 [ws@4413 threadName="vmx"]   cap[ 33]: 0x0018e11f (SURFACEFMT_A8R8G8B8)
2026-09-25T19:20:49.904Z -INFO vmware-vmx.exe 13448 [ws@4413 threadName="vmx"]   cap[ 34]: 0x0008601f (SURFACEFMT_A2R10G10B10)
2026-09-25T19:20:49.904Z -INFO vmware-vmx.exe 13448 [ws@4413 threadName="vmx"]   cap[ 35]: 0x0008601f (SURFACEFMT_X1R5G5B5)
2026-09-25T19:20:49.904Z -INFO vmware-vmx.exe 13448 [ws@4413 threadName="vmx"]   cap[ 36]: 0x0008611f (SURFACEFMT_A1R5G5B5)
2026-09-25T19:20:49.904Z -INFO vmware-vmx.exe 13448 [ws@4413 threadName="vmx"]   cap[ 37]: 0x0000611f (SURFACEFMT_A4R4G4B4)
2026-09-25T19:20:49.904Z -INFO vmware-vmx.exe 13448 [ws@4413 threadName="vmx"]   cap[ 38]: 0x0018ec1f (SURFACEFMT_R5G6B5)
2026-09-25T19:20:49.904Z -INFO vmware-vmx.exe 13448 [ws@4413 threadName="vmx"]   cap[ 39]: 0x0000601f (SURFACEFMT_LUMINANCE16)
2026-09-25T19:20:49.904Z -INFO vmware-vmx.exe 13448 [ws@4413 threadName="vmx"]   cap[ 40]: 0x00006007 (SURFACEFMT_LUMINANCE8_ALPHA8)
2026-09-25T19:20:49.904Z -INFO vmware-vmx.exe 13448 [ws@4413 threadName="vmx"]   cap[ 41]: 0x0000601f (SURFACEFMT_ALPHA8)
2026-09-25T19:20:49.904Z -INFO vmware-vmx.exe 13448 [ws@4413 threadName="vmx"]   cap[ 42]: 0x0000601f (SURFACEFMT_LUMINANCE8)
2026-09-25T19:20:49.904Z -INFO vmware-vmx.exe 13448 [ws@4413 threadName="vmx"]   cap[ 43]: 0x000040c5 (SURFACEFMT_Z_D16)
2026-09-25T19:20:49.904Z -INFO vmware-vmx.exe 13448 [ws@4413 threadName="vmx"]   cap[ 44]: 0x000040c5 (SURFACEFMT_Z_D24S8)
2026-09-25T19:20:49.904Z -INFO vmware-vmx.exe 13448 [ws@4413 threadName="vmx"]   cap[ 45]: 0x000040c5 (SURFACEFMT_Z_D24X8)
2026-09-25T19:20:49.904Z -INFO vmware-vmx.exe 13448 [ws@4413 threadName="vmx"]   cap[ 46]: 0x0000e005 (SURFACEFMT_DXT1)
2026-09-25T19:20:49.904Z -INFO vmware-vmx.exe 13448 [ws@4413 threadName="vmx"]   cap[ 47]: 0x0000e005 (SURFACEFMT_DXT2)
2026-09-25T19:20:49.904Z -INFO vmware-vmx.exe 13448 [ws@4413 threadName="vmx"]   cap[ 48]: 0x0000e005 (SURFACEFMT_DXT3)
2026-09-25T19:20:49.904Z -INFO vmware-vmx.exe 13448 [ws@4413 threadName="vmx"]   cap[ 49]: 0x0000e005 (SURFACEFMT_DXT4)
2026-09-25T19:20:49.904Z -INFO vmware-vmx.exe 13448 [ws@4413 threadName="vmx"]   cap[ 50]: 0x0000e005 (SURFACEFMT_DXT5)
2026-09-25T19:20:49.904Z -INFO vmware-vmx.exe 13448 [ws@4413 threadName="vmx"]   cap[ 51]: 0x00014005 (SURFACEFMT_BUMPX8L8V8U8)
2026-09-25T19:20:49.904Z -INFO vmware-vmx.exe 13448 [ws@4413 threadName="vmx"]   cap[ 52]: 0x00014007 (SURFACEFMT_A2W10V10U10)
2026-09-25T19:20:49.904Z -INFO vmware-vmx.exe 13448 [ws@4413 threadName="vmx"]   cap[ 53]: 0x00014007 (SURFACEFMT_BUMPU8V8)
2026-09-25T19:20:49.904Z -INFO vmware-vmx.exe 13448 [ws@4413 threadName="vmx"]   cap[ 54]: 0x00014005 (SURFACEFMT_Q8W8V8U8)
2026-09-25T19:20:49.904Z -INFO vmware-vmx.exe 13448 [ws@4413 threadName="vmx"]   cap[ 55]: 0x00014001 (SURFACEFMT_CxV8U8)
2026-09-25T19:20:49.904Z -INFO vmware-vmx.exe 13448 [ws@4413 threadName="vmx"]   cap[ 56]: 0x0080601f (SURFACEFMT_R_S10E5)
2026-09-25T19:20:49.904Z -INFO vmware-vmx.exe 13448 [ws@4413 threadName="vmx"]   cap[ 57]: 0x0080601f (SURFACEFMT_R_S23E8)
2026-09-25T19:20:49.904Z -INFO vmware-vmx.exe 13448 [ws@4413 threadName="vmx"]   cap[ 58]: 0x0080601f (SURFACEFMT_RG_S10E5)
2026-09-25T19:20:49.904Z -INFO vmware-vmx.exe 13448 [ws@4413 threadName="vmx"]   cap[ 59]: 0x0080601f (SURFACEFMT_RG_S23E8)
2026-09-25T19:20:49.905Z -INFO vmware-vmx.exe 13448 [ws@4413 threadName="vmx"]   cap[ 60]: 0x0080601f (SURFACEFMT_ARGB_S10E5)
2026-09-25T19:20:49.905Z -INFO vmware-vmx.exe 13448 [ws@4413 threadName="vmx"]   cap[ 61]: 0x0080601f (SURFACEFMT_ARGB_S23E8)
2026-09-25T19:20:49.905Z -INFO vmware-vmx.exe 13448 [ws@4413 threadName="vmx"]   cap[ 62]: 0x00000000 (MISSING62)
2026-09-25T19:20:49.905Z -INFO vmware-vmx.exe 13448 [ws@4413 threadName="vmx"]   cap[ 63]: 0x00000004 (MAX_VERTEX_SHADER_TEXTURES)
2026-09-25T19:20:49.905Z -INFO vmware-vmx.exe 13448 [ws@4413 threadName="vmx"]   cap[ 64]: 0x00000008 (MAX_SIMULTANEOUS_RENDER_TARGETS)
2026-09-25T19:20:49.905Z -INFO vmware-vmx.exe 13448 [ws@4413 threadName="vmx"]   cap[ 65]: 0x00014007 (SURFACEFMT_V16U16)
2026-09-25T19:20:49.905Z -INFO vmware-vmx.exe 13448 [ws@4413 threadName="vmx"]   cap[ 66]: 0x0000601f (SURFACEFMT_G16R16)
2026-09-25T19:20:49.905Z -INFO vmware-vmx.exe 13448 [ws@4413 threadName="vmx"]   cap[ 67]: 0x0000601f (SURFACEFMT_A16B16G16R16)
2026-09-25T19:20:49.905Z -INFO vmware-vmx.exe 13448 [ws@4413 threadName="vmx"]   cap[ 68]: 0x01246000 (SURFACEFMT_UYVY)
2026-09-25T19:20:49.905Z -INFO vmware-vmx.exe 13448 [ws@4413 threadName="vmx"]   cap[ 69]: 0x01246000 (SURFACEFMT_YUY2)
2026-09-25T19:20:49.905Z -INFO vmware-vmx.exe 13448 [ws@4413 threadName="vmx"]   cap[ 70]: 0x00000000 (DEAD4)
2026-09-25T19:20:49.905Z -INFO vmware-vmx.exe 13448 [ws@4413 threadName="vmx"]   cap[ 71]: 0x00000000 (DEAD5)
2026-09-25T19:20:49.905Z -INFO vmware-vmx.exe 13448 [ws@4413 threadName="vmx"]   cap[ 72]: 0x00000000 (DEAD7)
2026-09-25T19:20:49.905Z -INFO vmware-vmx.exe 13448 [ws@4413 threadName="vmx"]   cap[ 73]: 0x00000000 (DEAD6)
2026-09-25T19:20:49.905Z -INFO vmware-vmx.exe 13448 [ws@4413 threadName="vmx"]   cap[ 74]: 0x00000001 (AUTOGENMIPMAPS)
2026-09-25T19:20:49.905Z -INFO vmware-vmx.exe 13448 [ws@4413 threadName="vmx"]   cap[ 75]: 0x01246000 (SURFACEFMT_NV12)
2026-09-25T19:20:49.905Z -INFO vmware-vmx.exe 13448 [ws@4413 threadName="vmx"]   cap[ 76]: 0x00000000 (DEAD10)
2026-09-25T19:20:49.905Z -INFO vmware-vmx.exe 13448 [ws@4413 threadName="vmx"]   cap[ 77]: 0x00000100 (MAX_CONTEXT_IDS)
2026-09-25T19:20:49.905Z -INFO vmware-vmx.exe 13448 [ws@4413 threadName="vmx"]   cap[ 78]: 0x00008000 (MAX_SURFACE_IDS)
2026-09-25T19:20:49.905Z -INFO vmware-vmx.exe 13448 [ws@4413 threadName="vmx"]   cap[ 79]: 0x000040c5 (SURFACEFMT_Z_DF16)
2026-09-25T19:20:49.905Z -INFO vmware-vmx.exe 13448 [ws@4413 threadName="vmx"]   cap[ 80]: 0x000040c5 (SURFACEFMT_Z_DF24)
2026-09-25T19:20:49.905Z -INFO vmware-vmx.exe 13448 [ws@4413 threadName="vmx"]   cap[ 81]: 0x000040c5 (SURFACEFMT_Z_D24S8_INT)
2026-09-25T19:20:49.905Z -INFO vmware-vmx.exe 13448 [ws@4413 threadName="vmx"]   cap[ 82]: 0x00006005 (SURFACEFMT_ATI1)
2026-09-25T19:20:49.905Z -INFO vmware-vmx.exe 13448 [ws@4413 threadName="vmx"]   cap[ 83]: 0x00006005 (SURFACEFMT_ATI2)
2026-09-25T19:20:49.905Z -INFO vmware-vmx.exe 13448 [ws@4413 threadName="vmx"]   cap[ 84]: 0x00000000 (DEAD1)
2026-09-25T19:20:49.905Z -INFO vmware-vmx.exe 13448 [ws@4413 threadName="vmx"]   cap[ 85]: 0x00000000 (DEAD8)
2026-09-25T19:20:49.905Z -INFO vmware-vmx.exe 13448 [ws@4413 threadName="vmx"]   cap[ 86]: 0x00000000 (DEAD9)
2026-09-25T19:20:49.905Z -INFO vmware-vmx.exe 13448 [ws@4413 threadName="vmx"]   cap[ 87]: 0x00000001 (LINE_AA)
2026-09-25T19:20:49.905Z -INFO vmware-vmx.exe 13448 [ws@4413 threadName="vmx"]   cap[ 88]: 0x00000001 (LINE_STIPPLE)
2026-09-25T19:20:49.905Z -INFO vmware-vmx.exe 13448 [ws@4413 threadName="vmx"]   cap[ 89]:  10.000000 (MAX_LINE_WIDTH)
2026-09-25T19:20:49.905Z -INFO vmware-vmx.exe 13448 [ws@4413 threadName="vmx"]   cap[ 90]:  10.000000 (MAX_AA_LINE_WIDTH)
2026-09-25T19:20:49.905Z -INFO vmware-vmx.exe 13448 [ws@4413 threadName="vmx"]   cap[ 91]: 0x01246000 (SURFACEFMT_YV12)
2026-09-25T19:20:49.905Z -INFO vmware-vmx.exe 13448 [ws@4413 threadName="vmx"]   cap[ 92]: 0x00000000 (DEAD3)
2026-09-25T19:20:49.905Z -INFO vmware-vmx.exe 13448 [ws@4413 threadName="vmx"]   cap[ 93]: 0x00000001 (TS_COLOR_KEY)
2026-09-25T19:20:49.905Z -INFO vmware-vmx.exe 13448 [ws@4413 threadName="vmx"]   cap[ 94]: 0x00000000 (DEAD2)
2026-09-25T19:20:49.905Z -INFO vmware-vmx.exe 13448 [ws@4413 threadName="vmx"]   cap[ 95]: 0x00000001 (DXCONTEXT)
2026-09-25T19:20:49.905Z -INFO vmware-vmx.exe 13448 [ws@4413 threadName="vmx"]   cap[ 96]: 0x00000000 (DEAD11)
2026-09-25T19:20:49.905Z -INFO vmware-vmx.exe 13448 [ws@4413 threadName="vmx"]   cap[ 97]: 0x00000010 (DX_MAX_VERTEXBUFFERS)
2026-09-25T19:20:49.905Z -INFO vmware-vmx.exe 13448 [ws@4413 threadName="vmx"]   cap[ 98]: 0x0000000f (DX_MAX_CONSTANT_BUFFERS)
2026-09-25T19:20:49.905Z -INFO vmware-vmx.exe 13448 [ws@4413 threadName="vmx"]   cap[ 99]: 0x00000001 (DX_PROVOKING_VERTEX)
2026-09-25T19:20:49.905Z -INFO vmware-vmx.exe 13448 [ws@4413 threadName="vmx"]   cap[100]: 0x000002f7 (DXFMT_X8R8G8B8)
2026-09-25T19:20:49.905Z -INFO vmware-vmx.exe 13448 [ws@4413 threadName="vmx"]   cap[101]: 0x000003f7 (DXFMT_A8R8G8B8)
2026-09-25T19:20:49.905Z -INFO vmware-vmx.exe 13448 [ws@4413 threadName="vmx"]   cap[102]: 0x000002f7 (DXFMT_R5G6B5)
2026-09-25T19:20:49.905Z -INFO vmware-vmx.exe 13448 [ws@4413 threadName="vmx"]   cap[103]: 0x000000f7 (DXFMT_X1R5G5B5)
2026-09-25T19:20:49.905Z -INFO vmware-vmx.exe 13448 [ws@4413 threadName="vmx"]   cap[104]: 0x000000f7 (DXFMT_A1R5G5B5)
2026-09-25T19:20:49.905Z -INFO vmware-vmx.exe 13448 [ws@4413 threadName="vmx"]   cap[105]: 0x000000f7 (DXFMT_A4R4G4B4)
2026-09-25T19:20:49.906Z -INFO vmware-vmx.exe 13448 [ws@4413 threadName="vmx"]   cap[106]: 0x00000009 (DXFMT_Z_D32)
2026-09-25T19:20:49.906Z -INFO vmware-vmx.exe 13448 [ws@4413 threadName="vmx"]   cap[107]: 0x0000026b (DXFMT_Z_D16)
2026-09-25T19:20:49.906Z -INFO vmware-vmx.exe 13448 [ws@4413 threadName="vmx"]   cap[108]: 0x0000026b (DXFMT_Z_D24S8)
2026-09-25T19:20:49.906Z -INFO vmware-vmx.exe 13448 [ws@4413 threadName="vmx"]   cap[109]: 0x0000000b (DXFMT_Z_D15S1)
2026-09-25T19:20:49.906Z -INFO vmware-vmx.exe 13448 [ws@4413 threadName="vmx"]   cap[110]: 0x000000f7 (DXFMT_LUMINANCE8)
2026-09-25T19:20:49.906Z -INFO vmware-vmx.exe 13448 [ws@4413 threadName="vmx"]   cap[111]: 0x000000e3 (DXFMT_LUMINANCE4_ALPHA4)
2026-09-25T19:20:49.906Z -INFO vmware-vmx.exe 13448 [ws@4413 threadName="vmx"]   cap[112]: 0x000000f7 (DXFMT_LUMINANCE16)
2026-09-25T19:20:49.906Z -INFO vmware-vmx.exe 13448 [ws@4413 threadName="vmx"]   cap[113]: 0x000000e3 (DXFMT_LUMINANCE8_ALPHA8)
2026-09-25T19:20:49.906Z -INFO vmware-vmx.exe 13448 [ws@4413 threadName="vmx"]   cap[114]: 0x00000063 (DXFMT_DXT1)
2026-09-25T19:20:49.906Z -INFO vmware-vmx.exe 13448 [ws@4413 threadName="vmx"]   cap[115]: 0x00000063 (DXFMT_DXT2)
2026-09-25T19:20:49.906Z -INFO vmware-vmx.exe 13448 [ws@4413 threadName="vmx"]   cap[116]: 0x00000063 (DXFMT_DXT3)
2026-09-25T19:20:49.906Z -INFO vmware-vmx.exe 13448 [ws@4413 threadName="vmx"]   cap[117]: 0x00000063 (DXFMT_DXT4)
2026-09-25T19:20:49.906Z -INFO vmware-vmx.exe 13448 [ws@4413 threadName="vmx"]   cap[118]: 0x00000063 (DXFMT_DXT5)
2026-09-25T19:20:49.906Z -INFO vmware-vmx.exe 13448 [ws@4413 threadName="vmx"]   cap[119]: 0x000000e3 (DXFMT_BUMPU8V8)
2026-09-25T19:20:49.906Z -INFO vmware-vmx.exe 13448 [ws@4413 threadName="vmx"]   cap[120]: 0x00000000 (DXFMT_BUMPL6V5U5)
2026-09-25T19:20:49.906Z -INFO vmware-vmx.exe 13448 [ws@4413 threadName="vmx"]   cap[121]: 0x00000063 (DXFMT_BUMPX8L8V8U8)
2026-09-25T19:20:49.906Z -INFO vmware-vmx.exe 13448 [ws@4413 threadName="vmx"]   cap[122]: 0x00000000 (DXFMT_FORMAT_DEAD1)
2026-09-25T19:20:49.906Z -INFO vmware-vmx.exe 13448 [ws@4413 threadName="vmx"]   cap[123]: 0x000003f7 (DXFMT_ARGB_S10E5)
2026-09-25T19:20:49.906Z -INFO vmware-vmx.exe 13448 [ws@4413 threadName="vmx"]   cap[124]: 0x000003f7 (DXFMT_ARGB_S23E8)
2026-09-25T19:20:49.906Z -INFO vmware-vmx.exe 13448 [ws@4413 threadName="vmx"]   cap[125]: 0x000003f7 (DXFMT_A2R10G10B10)
2026-09-25T19:20:49.906Z -INFO vmware-vmx.exe 13448 [ws@4413 threadName="vmx"]   cap[126]: 0x000000e3 (DXFMT_V8U8)
2026-09-25T19:20:49.906Z -INFO vmware-vmx.exe 13448 [ws@4413 threadName="vmx"]   cap[127]: 0x00000063 (DXFMT_Q8W8V8U8)
2026-09-25T19:20:49.906Z -INFO vmware-vmx.exe 13448 [ws@4413 threadName="vmx"]   cap[128]: 0x00000063 (DXFMT_CxV8U8)
2026-09-25T19:20:49.906Z -INFO vmware-vmx.exe 13448 [ws@4413 threadName="vmx"]   cap[129]: 0x000000e3 (DXFMT_X8L8V8U8)
2026-09-25T19:20:49.906Z -INFO vmware-vmx.exe 13448 [ws@4413 threadName="vmx"]   cap[130]: 0x000000e3 (DXFMT_A2W10V10U10)
2026-09-25T19:20:49.906Z -INFO vmware-vmx.exe 13448 [ws@4413 threadName="vmx"]   cap[131]: 0x000000f7 (DXFMT_ALPHA8)
2026-09-25T19:20:49.906Z -INFO vmware-vmx.exe 13448 [ws@4413 threadName="vmx"]   cap[132]: 0x000003f7 (DXFMT_R_S10E5)
2026-09-25T19:20:49.906Z -INFO vmware-vmx.exe 13448 [ws@4413 threadName="vmx"]   cap[133]: 0x000003f7 (DXFMT_R_S23E8)
2026-09-25T19:20:49.906Z -INFO vmware-vmx.exe 13448 [ws@4413 threadName="vmx"]   cap[134]: 0x000003f7 (DXFMT_RG_S10E5)
2026-09-25T19:20:49.906Z -INFO vmware-vmx.exe 13448 [ws@4413 threadName="vmx"]   cap[135]: 0x000003f7 (DXFMT_RG_S23E8)
2026-09-25T19:20:49.906Z -INFO vmware-vmx.exe 13448 [ws@4413 threadName="vmx"]   cap[136]: 0x00000001 (DXFMT_BUFFER)
2026-09-25T19:20:49.906Z -INFO vmware-vmx.exe 13448 [ws@4413 threadName="vmx"]   cap[137]: 0x0000026b (DXFMT_Z_D24X8)
2026-09-25T19:20:49.906Z -INFO vmware-vmx.exe 13448 [ws@4413 threadName="vmx"]   cap[138]: 0x000001e3 (DXFMT_V16U16)
2026-09-25T19:20:49.906Z -INFO vmware-vmx.exe 13448 [ws@4413 threadName="vmx"]   cap[139]: 0x000003f7 (DXFMT_G16R16)
2026-09-25T19:20:49.906Z -INFO vmware-vmx.exe 13448 [ws@4413 threadName="vmx"]   cap[140]: 0x000001f7 (DXFMT_A16B16G16R16)
2026-09-25T19:20:49.906Z -INFO vmware-vmx.exe 13448 [ws@4413 threadName="vmx"]   cap[141]: 0x00000001 (DXFMT_UYVY)
2026-09-25T19:20:49.906Z -INFO vmware-vmx.exe 13448 [ws@4413 threadName="vmx"]   cap[142]: 0x00000041 (DXFMT_YUY2)
2026-09-25T19:20:49.906Z -INFO vmware-vmx.exe 13448 [ws@4413 threadName="vmx"]   cap[143]: 0x00000041 (DXFMT_NV12)
2026-09-25T19:20:49.906Z -INFO vmware-vmx.exe 13448 [ws@4413 threadName="vmx"]   cap[144]: 0x00000000 (DXFMT_FORMAT_DEAD2)
2026-09-25T19:20:49.906Z -INFO vmware-vmx.exe 13448 [ws@4413 threadName="vmx"]   cap[145]: 0x000002e1 (DXFMT_R32G32B32A32_TYPELESS)
2026-09-25T19:20:49.906Z -INFO vmware-vmx.exe 13448 [ws@4413 threadName="vmx"]   cap[146]: 0x000003e7 (DXFMT_R32G32B32A32_UINT)
2026-09-25T19:20:49.906Z -INFO vmware-vmx.exe 13448 [ws@4413 threadName="vmx"]   cap[147]: 0x000003e7 (DXFMT_R32G32B32A32_SINT)
2026-09-25T19:20:49.906Z -INFO vmware-vmx.exe 13448 [ws@4413 threadName="vmx"]   cap[148]: 0x000000e1 (DXFMT_R32G32B32_TYPELESS)
2026-09-25T19:20:49.906Z -INFO vmware-vmx.exe 13448 [ws@4413 threadName="vmx"]   cap[149]: 0x000001e3 (DXFMT_R32G32B32_FLOAT)
2026-09-25T19:20:49.906Z -INFO vmware-vmx.exe 13448 [ws@4413 threadName="vmx"]   cap[150]: 0x000001e3 (DXFMT_R32G32B32_UINT)
2026-09-25T19:20:49.906Z -INFO vmware-vmx.exe 13448 [ws@4413 threadName="vmx"]   cap[151]: 0x000001e3 (DXFMT_R32G32B32_SINT)
2026-09-25T19:20:49.906Z -INFO vmware-vmx.exe 13448 [ws@4413 threadName="vmx"]   cap[152]: 0x000002e1 (DXFMT_R16G16B16A16_TYPELESS)
2026-09-25T19:20:49.906Z -INFO vmware-vmx.exe 13448 [ws@4413 threadName="vmx"]   cap[153]: 0x000003e7 (DXFMT_R16G16B16A16_UINT)
2026-09-25T19:20:49.906Z -INFO vmware-vmx.exe 13448 [ws@4413 threadName="vmx"]   cap[154]: 0x000003f7 (DXFMT_R16G16B16A16_SNORM)
2026-09-25T19:20:49.906Z -INFO vmware-vmx.exe 13448 [ws@4413 threadName="vmx"]   cap[155]: 0x000003e7 (DXFMT_R16G16B16A16_SINT)
2026-09-25T19:20:49.906Z -INFO vmware-vmx.exe 13448 [ws@4413 threadName="vmx"]   cap[156]: 0x000002e1 (DXFMT_R32G32_TYPELESS)
2026-09-25T19:20:49.906Z -INFO vmware-vmx.exe 13448 [ws@4413 threadName="vmx"]   cap[157]: 0x000003e7 (DXFMT_R32G32_UINT)
2026-09-25T19:20:49.906Z -INFO vmware-vmx.exe 13448 [ws@4413 threadName="vmx"]   cap[158]: 0x000003e7 (DXFMT_R32G32_SINT)
2026-09-25T19:20:49.906Z -INFO vmware-vmx.exe 13448 [ws@4413 threadName="vmx"]   cap[159]: 0x00000261 (DXFMT_R32G8X24_TYPELESS)
2026-09-25T19:20:49.906Z -INFO vmware-vmx.exe 13448 [ws@4413 threadName="vmx"]   cap[160]: 0x00000269 (DXFMT_D32_FLOAT_S8X24_UINT)
2026-09-25T19:20:49.907Z -INFO vmware-vmx.exe 13448 [ws@4413 threadName="vmx"]   cap[161]: 0x00000063 (DXFMT_R32_FLOAT_X8X24)
2026-09-25T19:20:49.907Z -INFO vmware-vmx.exe 13448 [ws@4413 threadName="vmx"]   cap[162]: 0x00000063 (DXFMT_X32_G8X24_UINT)
2026-09-25T19:20:49.907Z -INFO vmware-vmx.exe 13448 [ws@4413 threadName="vmx"]   cap[163]: 0x000002e1 (DXFMT_R10G10B10A2_TYPELESS)
2026-09-25T19:20:49.907Z -INFO vmware-vmx.exe 13448 [ws@4413 threadName="vmx"]   cap[164]: 0x000003e7 (DXFMT_R10G10B10A2_UINT)
2026-09-25T19:20:49.907Z -INFO vmware-vmx.exe 13448 [ws@4413 threadName="vmx"]   cap[165]: 0x000003f7 (DXFMT_R11G11B10_FLOAT)
2026-09-25T19:20:49.907Z -INFO vmware-vmx.exe 13448 [ws@4413 threadName="vmx"]   cap[166]: 0x000002e1 (DXFMT_R8G8B8A8_TYPELESS)
2026-09-25T19:20:49.907Z -INFO vmware-vmx.exe 13448 [ws@4413 threadName="vmx"]   cap[167]: 0x000003f7 (DXFMT_R8G8B8A8_UNORM)
2026-09-25T19:20:49.907Z -INFO vmware-vmx.exe 13448 [ws@4413 threadName="vmx"]   cap[168]: 0x000002f7 (DXFMT_R8G8B8A8_UNORM_SRGB)
2026-09-25T19:20:49.907Z -INFO vmware-vmx.exe 13448 [ws@4413 threadName="vmx"]   cap[169]: 0x000003e7 (DXFMT_R8G8B8A8_UINT)
2026-09-25T19:20:49.907Z -INFO vmware-vmx.exe 13448 [ws@4413 threadName="vmx"]   cap[170]: 0x000003e7 (DXFMT_R8G8B8A8_SINT)
2026-09-25T19:20:49.907Z -INFO vmware-vmx.exe 13448 [ws@4413 threadName="vmx"]   cap[171]: 0x000002e1 (DXFMT_R16G16_TYPELESS)
2026-09-25T19:20:49.907Z -INFO vmware-vmx.exe 13448 [ws@4413 threadName="vmx"]   cap[172]: 0x000003e7 (DXFMT_R16G16_UINT)
2026-09-25T19:20:49.907Z -INFO vmware-vmx.exe 13448 [ws@4413 threadName="vmx"]   cap[173]: 0x000003e7 (DXFMT_R16G16_SINT)
2026-09-25T19:20:49.907Z -INFO vmware-vmx.exe 13448 [ws@4413 threadName="vmx"]   cap[174]: 0x000002e1 (DXFMT_R32_TYPELESS)
2026-09-25T19:20:49.907Z -INFO vmware-vmx.exe 13448 [ws@4413 threadName="vmx"]   cap[175]: 0x00000269 (DXFMT_D32_FLOAT)
2026-09-25T19:20:49.907Z -INFO vmware-vmx.exe 13448 [ws@4413 threadName="vmx"]   cap[176]: 0x000003e7 (DXFMT_R32_UINT)
2026-09-25T19:20:49.907Z -INFO vmware-vmx.exe 13448 [ws@4413 threadName="vmx"]   cap[177]: 0x000003e7 (DXFMT_R32_SINT)
2026-09-25T19:20:49.907Z -INFO vmware-vmx.exe 13448 [ws@4413 threadName="vmx"]   cap[178]: 0x00000261 (DXFMT_R24G8_TYPELESS)
2026-09-25T19:20:49.907Z -INFO vmware-vmx.exe 13448 [ws@4413 threadName="vmx"]   cap[179]: 0x00000269 (DXFMT_D24_UNORM_S8_UINT)
2026-09-25T19:20:49.907Z -INFO vmware-vmx.exe 13448 [ws@4413 threadName="vmx"]   cap[180]: 0x00000063 (DXFMT_R24_UNORM_X8)
2026-09-25T19:20:49.907Z -INFO vmware-vmx.exe 13448 [ws@4413 threadName="vmx"]   cap[181]: 0x00000063 (DXFMT_X24_G8_UINT)
2026-09-25T19:20:49.907Z -INFO vmware-vmx.exe 13448 [ws@4413 threadName="vmx"]   cap[182]: 0x000002e1 (DXFMT_R8G8_TYPELESS)
2026-09-25T19:20:49.908Z -INFO vmware-vmx.exe 13448 [ws@4413 threadName="vmx"]   cap[183]: 0x000003f7 (DXFMT_R8G8_UNORM)
2026-09-25T19:20:49.908Z -INFO vmware-vmx.exe 13448 [ws@4413 threadName="vmx"]   cap[184]: 0x000003e7 (DXFMT_R8G8_UINT)
2026-09-25T19:20:49.908Z -INFO vmware-vmx.exe 13448 [ws@4413 threadName="vmx"]   cap[185]: 0x000003e7 (DXFMT_R8G8_SINT)
2026-09-25T19:20:49.908Z -INFO vmware-vmx.exe 13448 [ws@4413 threadName="vmx"]   cap[186]: 0x000002e1 (DXFMT_R16_TYPELESS)
2026-09-25T19:20:49.908Z -INFO vmware-vmx.exe 13448 [ws@4413 threadName="vmx"]   cap[187]: 0x000003f7 (DXFMT_R16_UNORM)
2026-09-25T19:20:49.908Z -INFO vmware-vmx.exe 13448 [ws@4413 threadName="vmx"]   cap[188]: 0x000003e7 (DXFMT_R16_UINT)
2026-09-25T19:20:49.908Z -INFO vmware-vmx.exe 13448 [ws@4413 threadName="vmx"]   cap[189]: 0x000003f7 (DXFMT_R16_SNORM)
2026-09-25T19:20:49.908Z -INFO vmware-vmx.exe 13448 [ws@4413 threadName="vmx"]   cap[190]: 0x000003e7 (DXFMT_R16_SINT)
2026-09-25T19:20:49.908Z -INFO vmware-vmx.exe 13448 [ws@4413 threadName="vmx"]   cap[191]: 0x000002e1 (DXFMT_R8_TYPELESS)
2026-09-25T19:20:49.908Z -INFO vmware-vmx.exe 13448 [ws@4413 threadName="vmx"]   cap[192]: 0x000003f7 (DXFMT_R8_UNORM)
2026-09-25T19:20:49.908Z -INFO vmware-vmx.exe 13448 [ws@4413 threadName="vmx"]   cap[193]: 0x000003e7 (DXFMT_R8_UINT)
2026-09-25T19:20:49.908Z -INFO vmware-vmx.exe 13448 [ws@4413 threadName="vmx"]   cap[194]: 0x000003f7 (DXFMT_R8_SNORM)
2026-09-25T19:20:49.908Z -INFO vmware-vmx.exe 13448 [ws@4413 threadName="vmx"]   cap[195]: 0x000003e7 (DXFMT_R8_SINT)
2026-09-25T19:20:49.908Z -INFO vmware-vmx.exe 13448 [ws@4413 threadName="vmx"]   cap[196]: 0x00000001 (DXFMT_P8)
2026-09-25T19:20:49.908Z -INFO vmware-vmx.exe 13448 [ws@4413 threadName="vmx"]   cap[197]: 0x000000e3 (DXFMT_R9G9B9E5_SHAREDEXP)
2026-09-25T19:20:49.908Z -INFO vmware-vmx.exe 13448 [ws@4413 threadName="vmx"]   cap[198]: 0x000000e3 (DXFMT_R8G8_B8G8_UNORM)
2026-09-25T19:20:49.908Z -INFO vmware-vmx.exe 13448 [ws@4413 threadName="vmx"]   cap[199]: 0x000000e3 (DXFMT_G8R8_G8B8_UNORM)
2026-09-25T19:20:49.908Z -INFO vmware-vmx.exe 13448 [ws@4413 threadName="vmx"]   cap[200]: 0x000000e1 (DXFMT_BC1_TYPELESS)
2026-09-25T19:20:49.908Z -INFO vmware-vmx.exe 13448 [ws@4413 threadName="vmx"]   cap[201]: 0x000000e3 (DXFMT_BC1_UNORM_SRGB)
2026-09-25T19:20:49.908Z -INFO vmware-vmx.exe 13448 [ws@4413 threadName="vmx"]   cap[202]: 0x000000e1 (DXFMT_BC2_TYPELESS)
2026-09-25T19:20:49.908Z -INFO vmware-vmx.exe 13448 [ws@4413 threadName="vmx"]   cap[203]: 0x000000e3 (DXFMT_BC2_UNORM_SRGB)
2026-09-25T19:20:49.908Z -INFO vmware-vmx.exe 13448 [ws@4413 threadName="vmx"]   cap[204]: 0x000000e1 (DXFMT_BC3_TYPELESS)
2026-09-25T19:20:49.908Z -INFO vmware-vmx.exe 13448 [ws@4413 threadName="vmx"]   cap[205]: 0x000000e3 (DXFMT_BC3_UNORM_SRGB)
2026-09-25T19:20:49.908Z -INFO vmware-vmx.exe 13448 [ws@4413 threadName="vmx"]   cap[206]: 0x000000e1 (DXFMT_BC4_TYPELESS)
2026-09-25T19:20:49.908Z -INFO vmware-vmx.exe 13448 [ws@4413 threadName="vmx"]   cap[207]: 0x00000063 (DXFMT_ATI1)
2026-09-25T19:20:49.908Z -INFO vmware-vmx.exe 13448 [ws@4413 threadName="vmx"]   cap[208]: 0x000000e3 (DXFMT_BC4_SNORM)
2026-09-25T19:20:49.910Z -INFO vmware-vmx.exe 13448 [ws@4413 threadName="vmx"]   cap[209]: 0x000000e1 (DXFMT_BC5_TYPELESS)
2026-09-25T19:20:49.910Z -INFO vmware-vmx.exe 13448 [ws@4413 threadName="vmx"]   cap[210]: 0x00000063 (DXFMT_ATI2)
2026-09-25T19:20:49.910Z -INFO vmware-vmx.exe 13448 [ws@4413 threadName="vmx"]   cap[211]: 0x000000e3 (DXFMT_BC5_SNORM)
2026-09-25T19:20:49.910Z -INFO vmware-vmx.exe 13448 [ws@4413 threadName="vmx"]   cap[212]: 0x00000045 (DXFMT_R10G10B10_XR_BIAS_A2_UNORM)
2026-09-25T19:20:49.910Z -INFO vmware-vmx.exe 13448 [ws@4413 threadName="vmx"]   cap[213]: 0x000002e1 (DXFMT_B8G8R8A8_TYPELESS)
2026-09-25T19:20:49.910Z -INFO vmware-vmx.exe 13448 [ws@4413 threadName="vmx"]   cap[214]: 0x000002f7 (DXFMT_B8G8R8A8_UNORM_SRGB)
2026-09-25T19:20:49.910Z -INFO vmware-vmx.exe 13448 [ws@4413 threadName="vmx"]   cap[215]: 0x000002e1 (DXFMT_B8G8R8X8_TYPELESS)
2026-09-25T19:20:49.910Z -INFO vmware-vmx.exe 13448 [ws@4413 threadName="vmx"]   cap[216]: 0x000002f7 (DXFMT_B8G8R8X8_UNORM_SRGB)
2026-09-25T19:20:49.910Z -INFO vmware-vmx.exe 13448 [ws@4413 threadName="vmx"]   cap[217]: 0x0000006b (DXFMT_Z_DF16)
2026-09-25T19:20:49.910Z -INFO vmware-vmx.exe 13448 [ws@4413 threadName="vmx"]   cap[218]: 0x0000006b (DXFMT_Z_DF24)
2026-09-25T19:20:49.910Z -INFO vmware-vmx.exe 13448 [ws@4413 threadName="vmx"]   cap[219]: 0x0000006b (DXFMT_Z_D24S8_INT)
2026-09-25T19:20:49.910Z -INFO vmware-vmx.exe 13448 [ws@4413 threadName="vmx"]   cap[220]: 0x00000001 (DXFMT_YV12)
2026-09-25T19:20:49.910Z -INFO vmware-vmx.exe 13448 [ws@4413 threadName="vmx"]   cap[221]: 0x000003f7 (DXFMT_R32G32B32A32_FLOAT)
2026-09-25T19:20:49.910Z -INFO vmware-vmx.exe 13448 [ws@4413 threadName="vmx"]   cap[222]: 0x000003f7 (DXFMT_R16G16B16A16_FLOAT)
2026-09-25T19:20:49.910Z -INFO vmware-vmx.exe 13448 [ws@4413 threadName="vmx"]   cap[223]: 0x000003f7 (DXFMT_R16G16B16A16_UNORM)
2026-09-25T19:20:49.910Z -INFO vmware-vmx.exe 13448 [ws@4413 threadName="vmx"]   cap[224]: 0x000003f7 (DXFMT_R32G32_FLOAT)
2026-09-25T19:20:49.910Z -INFO vmware-vmx.exe 13448 [ws@4413 threadName="vmx"]   cap[225]: 0x000003f7 (DXFMT_R10G10B10A2_UNORM)
2026-09-25T19:20:49.910Z -INFO vmware-vmx.exe 13448 [ws@4413 threadName="vmx"]   cap[226]: 0x000003f7 (DXFMT_R8G8B8A8_SNORM)
2026-09-25T19:20:49.911Z -INFO vmware-vmx.exe 13448 [ws@4413 threadName="vmx"]   cap[227]: 0x000003f7 (DXFMT_R16G16_FLOAT)
2026-09-25T19:20:49.911Z -INFO vmware-vmx.exe 13448 [ws@4413 threadName="vmx"]   cap[228]: 0x000003f7 (DXFMT_R16G16_UNORM)
2026-09-25T19:20:49.911Z -INFO vmware-vmx.exe 13448 [ws@4413 threadName="vmx"]   cap[229]: 0x000003f7 (DXFMT_R16G16_SNORM)
2026-09-25T19:20:49.911Z -INFO vmware-vmx.exe 13448 [ws@4413 threadName="vmx"]   cap[230]: 0x000003f7 (DXFMT_R32_FLOAT)
2026-09-25T19:20:49.911Z -INFO vmware-vmx.exe 13448 [ws@4413 threadName="vmx"]   cap[231]: 0x000003f7 (DXFMT_R8G8_SNORM)
2026-09-25T19:20:49.911Z -INFO vmware-vmx.exe 13448 [ws@4413 threadName="vmx"]   cap[232]: 0x000003f7 (DXFMT_R16_FLOAT)
2026-09-25T19:20:49.911Z -INFO vmware-vmx.exe 13448 [ws@4413 threadName="vmx"]   cap[233]: 0x00000269 (DXFMT_D16_UNORM)
2026-09-25T19:20:49.911Z -INFO vmware-vmx.exe 13448 [ws@4413 threadName="vmx"]   cap[234]: 0x000002f7 (DXFMT_A8_UNORM)
2026-09-25T19:20:49.911Z -INFO vmware-vmx.exe 13448 [ws@4413 threadName="vmx"]   cap[235]: 0x000000e3 (DXFMT_BC1_UNORM)
2026-09-25T19:20:49.911Z -INFO vmware-vmx.exe 13448 [ws@4413 threadName="vmx"]   cap[236]: 0x000000e3 (DXFMT_BC2_UNORM)
2026-09-25T19:20:49.911Z -INFO vmware-vmx.exe 13448 [ws@4413 threadName="vmx"]   cap[237]: 0x000000e3 (DXFMT_BC3_UNORM)
2026-09-25T19:20:49.911Z -INFO vmware-vmx.exe 13448 [ws@4413 threadName="vmx"]   cap[238]: 0x000002f7 (DXFMT_B5G6R5_UNORM)
2026-09-25T19:20:49.911Z -INFO vmware-vmx.exe 13448 [ws@4413 threadName="vmx"]   cap[239]: 0x000002f7 (DXFMT_B5G5R5A1_UNORM)
2026-09-25T19:20:49.911Z -INFO vmware-vmx.exe 13448 [ws@4413 threadName="vmx"]   cap[240]: 0x000003f7 (DXFMT_B8G8R8A8_UNORM)
2026-09-25T19:20:49.911Z -INFO vmware-vmx.exe 13448 [ws@4413 threadName="vmx"]   cap[241]: 0x000003f7 (DXFMT_B8G8R8X8_UNORM)
2026-09-25T19:20:49.911Z -INFO vmware-vmx.exe 13448 [ws@4413 threadName="vmx"]   cap[242]: 0x000000e3 (DXFMT_BC4_UNORM)
2026-09-25T19:20:49.911Z -INFO vmware-vmx.exe 13448 [ws@4413 threadName="vmx"]   cap[243]: 0x000000e3 (DXFMT_BC5_UNORM)
2026-09-25T19:20:49.911Z -INFO vmware-vmx.exe 13448 [ws@4413 threadName="vmx"]   cap[244]: 0x00000001 (SM41)
2026-09-25T19:20:49.911Z -INFO vmware-vmx.exe 13448 [ws@4413 threadName="vmx"]   cap[245]: 0x00000001 (MULTISAMPLE_2X)
2026-09-25T19:20:49.911Z -INFO vmware-vmx.exe 13448 [ws@4413 threadName="vmx"]   cap[246]: 0x00000001 (MULTISAMPLE_4X)
2026-09-25T19:20:49.911Z -INFO vmware-vmx.exe 13448 [ws@4413 threadName="vmx"]   cap[247]: 0x00000001 (MS_FULL_QUALITY)
2026-09-25T19:20:49.911Z -INFO vmware-vmx.exe 13448 [ws@4413 threadName="vmx"]   cap[248]: 0x00000001 (LOGICOPS)
2026-09-25T19:20:49.911Z -INFO vmware-vmx.exe 13448 [ws@4413 threadName="vmx"]   cap[249]: 0x00000001 (LOGIC_BLENDOPS)
2026-09-25T19:20:49.911Z -INFO vmware-vmx.exe 13448 [ws@4413 threadName="vmx"]   cap[250]: 0x00000000 (DEAD12)
2026-09-25T19:20:49.911Z -INFO vmware-vmx.exe 13448 [ws@4413 threadName="vmx"]   cap[251]: 0x000000e1 (DXFMT_BC6H_TYPELESS)
2026-09-25T19:20:49.911Z -INFO vmware-vmx.exe 13448 [ws@4413 threadName="vmx"]   cap[252]: 0x000000e3 (DXFMT_BC6H_UF16)
2026-09-25T19:20:49.911Z -INFO vmware-vmx.exe 13448 [ws@4413 threadName="vmx"]   cap[253]: 0x000000e3 (DXFMT_BC6H_SF16)
2026-09-25T19:20:49.911Z -INFO vmware-vmx.exe 13448 [ws@4413 threadName="vmx"]   cap[254]: 0x000000e1 (DXFMT_BC7_TYPELESS)
2026-09-25T19:20:49.911Z -INFO vmware-vmx.exe 13448 [ws@4413 threadName="vmx"]   cap[255]: 0x000000e3 (DXFMT_BC7_UNORM)
2026-09-25T19:20:49.911Z -INFO vmware-vmx.exe 13448 [ws@4413 threadName="vmx"]   cap[256]: 0x000000e3 (DXFMT_BC7_UNORM_SRGB)
2026-09-25T19:20:49.911Z -INFO vmware-vmx.exe 13448 [ws@4413 threadName="vmx"]   cap[257]: 0x00000000 (DEAD13)
2026-09-25T19:20:49.911Z -INFO vmware-vmx.exe 13448 [ws@4413 threadName="vmx"]   cap[258]: 0x00000001 (SM5)
2026-09-25T19:20:49.911Z -INFO vmware-vmx.exe 13448 [ws@4413 threadName="vmx"]   cap[259]: 0x00000001 (MULTISAMPLE_8X)
2026-09-25T19:20:49.911Z -INFO vmware-vmx.exe 13448 [ws@4413 threadName="vmx"]   cap[260]: 0x00000010 (MAX_FORCED_SAMPLE_COUNT)
2026-09-25T19:20:49.911Z -INFO vmware-vmx.exe 13448 [ws@4413 threadName="vmx"]   cap[261]: 0x00000001 (GL43)
2026-09-25T19:20:49.911Z -INFO vmware-vmx.exe 13448 [ws@4413 threadName="vmx"] SVGA3dClamp:    Guest Requires     BC67Level:     9 (    9,     9)
2026-09-25T19:20:49.911Z -INFO vmware-vmx.exe 13448 [ws@4413 threadName="vmx"] SVGA3dClamp:    Guest Requires BaseCapsLevel:     9 (    9,     9)
2026-09-25T19:20:49.911Z -INFO vmware-vmx.exe 13448 [ws@4413 threadName="vmx"] SVGA3dClamp:    Guest Requires    ClampLevel:    10 (    7,    10)
2026-09-25T19:20:49.914Z -INFO vmware-vmx.exe 13448 [ws@4413 threadName="vmx"] USB: Initializing 'UHCI' host controller.
2026-09-25T19:20:49.918Z -NOTICE vmware-vmx.exe 13448 [ws@4413 threadName="vmx"] ConfigDB: Setting ethernet0.generatedAddress = "00:0c:29:4c:8b:d8"
2026-09-25T19:20:49.918Z -NOTICE vmware-vmx.exe 13448 [ws@4413 threadName="vmx"] ConfigDB: Setting ethernet0.generatedAddressOffset = "0"
2026-09-25T19:20:49.918Z -INFO vmware-vmx.exe 13448 [ws@4413 threadName="vmx"] Ethernet0 MAC Address: 00:0c:29:4c:8b:d8
2026-09-25T19:20:49.922Z -INFO vmware-vmx.exe 13448 [ws@4413 threadName="vmx"] USB: Initializing 'EHCI' host controller.
2026-09-25T19:20:49.923Z -NOTICE vmware-vmx.exe 13448 [ws@4413 threadName="vmx"] ConfigDB: Setting vmci0.id = "-766735400"
2026-09-25T19:20:49.939Z -WARNING vmware-vmx.exe 13448 [ws@4413 threadName="vmx"] Device sata0 configured to use lock chains but base supportin workerlib is disabled
2026-09-25T19:20:49.939Z -INFO vmware-vmx.exe 13448 [ws@4413 threadName="vmx"] AHCI:Successfully created adapter 'sata0' as num 0
2026-09-25T19:20:49.939Z -INFO vmware-vmx.exe 13448 [ws@4413 threadName="vmx"] SCSI DEVICE (sata0:0): Computed value of sata0:0.useBounceBuffers: default
2026-09-25T19:20:49.939Z -INFO vmware-vmx.exe 13448 [ws@4413 threadName="vmx"] DISKUTIL: sata0:0 : capacity=0 logical sector size=2048
2026-09-25T19:20:49.939Z -INFO vmware-vmx.exe 13448 [ws@4413 threadName="vmx"] DISKUTIL: sata0:0 : geometry=0/0/0
2026-09-25T19:20:49.939Z -INFO vmware-vmx.exe 13448 [ws@4413 threadName="vmx"] AHCI:Creating ATAPI CDROM on SATA adapter.
2026-09-25T19:20:49.939Z -INFO vmware-vmx.exe 13448 [ws@4413 threadName="vmx"] AHCI:Successfully created device: sata0:0
2026-09-25T19:20:49.939Z -INFO vmware-vmx.exe 13448 [ws@4413 threadName="vmx"] SCSI DEVICE (sata0:1): Computed value of sata0:1.useBounceBuffers: default
2026-09-25T19:20:49.939Z -INFO vmware-vmx.exe 13448 [ws@4413 threadName="vmx"] DISKUTIL: sata0:1 : capacity=0 logical sector size=2048
2026-09-25T19:20:49.939Z -INFO vmware-vmx.exe 13448 [ws@4413 threadName="vmx"] DISKUTIL: sata0:1 : geometry=0/0/0
2026-09-25T19:20:49.939Z -INFO vmware-vmx.exe 13448 [ws@4413 threadName="vmx"] AHCI:Creating ATAPI CDROM on SATA adapter.
2026-09-25T19:20:49.939Z -INFO vmware-vmx.exe 13448 [ws@4413 threadName="vmx"] AHCI:Successfully created device: sata0:1
2026-09-25T19:20:49.944Z -INFO vmware-vmx.exe 13448 [ws@4413 threadName="vmx"] WORKER: Creating new group with maxThreads=1 (35)
2026-09-25T19:20:49.944Z -INFO vmware-vmx.exe 13448 [ws@4413 threadName="vmx"] DISKUTIL: (null) : max toolsVersion = 0, type = 0
2026-09-25T19:20:49.944Z -INFO vmware-vmx.exe 13448 [ws@4413 threadName="vmx"] DISKUTIL: Offline toolsVersion = 0, type = 0
2026-09-25T19:20:49.944Z -INFO vmware-vmx.exe 13448 [ws@4413 threadName="vmx"] TOOLS setting legacy tools version to '0' type 0, manifest status is 9
2026-09-25T19:20:49.945Z -INFO vmware-vmx.exe 13448 [ws@4413 threadName="vmx"] ToolsISO: Refreshing imageName for 'ubuntu-64' (refreshCount=1, lastCount=1).
2026-09-25T19:20:49.945Z -INFO vmware-vmx.exe 13448 [ws@4413 threadName="vmx"] ToolsISO: open of C:\Program Files (x86)\VMware\VMware Workstation\isoimages_manifest.txt.sig failed: Could not find the file
2026-09-25T19:20:49.945Z -INFO vmware-vmx.exe 13448 [ws@4413 threadName="vmx"] ToolsISO: Unable to read signature file 'C:\Program Files (x86)\VMware\VMware Workstation\isoimages_manifest.txt.sig', ignoring.
2026-09-25T19:20:49.946Z -INFO vmware-vmx.exe 13448 [ws@4413 threadName="vmx"] ToolsISO: Updated cached value for imageName to 'linux.iso'.
2026-09-25T19:20:49.946Z -INFO vmware-vmx.exe 13448 [ws@4413 threadName="vmx"] ToolsISO: Selected Tools ISO 'linux.iso' for 'ubuntu-64' guest.
2026-09-25T19:20:49.946Z -INFO vmware-vmx.exe 13448 [ws@4413 threadName="vmx"] Win32U_GetFileAttributes: GetFileAttributesExW("C:\Program Files (x86)\VMware\VMware Workstation\linux.iso", ...) failed, error: 2
2026-09-25T19:20:49.946Z -INFO vmware-vmx.exe 13448 [ws@4413 threadName="vmx"] TOOLS updated cached value for isoImageExists to 0.
2026-09-25T19:20:49.946Z -INFO vmware-vmx.exe 13448 [ws@4413 threadName="vmx"] VMXVmdb_SetToolsVersionStatus: status value set to 'notAvailable', 'noTools', install impossible
2026-09-25T19:20:49.947Z -INFO vmware-vmx.exe 13448 [ws@4413 threadName="vmx"] ToolsISO: Refreshing imageName for 'ubuntu-64' (refreshCount=1, lastCount=1).
2026-09-25T19:20:49.947Z -INFO vmware-vmx.exe 13448 [ws@4413 threadName="vmx"] ToolsISO: open of C:\Program Files (x86)\VMware\VMware Workstation\isoimages_manifest.txt.sig failed: Could not find the file
2026-09-25T19:20:49.947Z -INFO vmware-vmx.exe 13448 [ws@4413 threadName="vmx"] ToolsISO: Unable to read signature file 'C:\Program Files (x86)\VMware\VMware Workstation\isoimages_manifest.txt.sig', ignoring.
2026-09-25T19:20:49.948Z -INFO vmware-vmx.exe 13448 [ws@4413 threadName="vmx"] ToolsISO: Updated cached value for imageName to 'linux.iso'.
2026-09-25T19:20:49.948Z -INFO vmware-vmx.exe 13448 [ws@4413 threadName="vmx"] ToolsISO: Selected Tools ISO 'linux.iso' for 'ubuntu-64' guest.
2026-09-25T19:20:49.948Z -INFO vmware-vmx.exe 13448 [ws@4413 threadName="vmx"] Win32U_GetFileAttributes: GetFileAttributesExW("C:\Program Files (x86)\VMware\VMware Workstation\linux.iso", ...) failed, error: 2
2026-09-25T19:20:49.948Z -INFO vmware-vmx.exe 13448 [ws@4413 threadName="vmx"] TOOLS updated cached value for isoImageExists to 0.
2026-09-25T19:20:49.948Z -INFO vmware-vmx.exe 13448 [ws@4413 threadName="vmx"] VMXVmdb_SetToolsVersionStatus: status value set to 'notAvailable', 'noTools', install impossible
2026-09-25T19:20:49.948Z -INFO vmware-vmx.exe 13448 [ws@4413 threadName="vmx"] Tools: sending 'OS_PowerOn' (state = 3) state change request
2026-09-25T19:20:49.948Z -INFO vmware-vmx.exe 13448 [ws@4413 threadName="vmx"] Tools: Delaying state change request to state 3.
2026-09-25T19:20:49.948Z -INFO vmware-vmx.exe 13448 [ws@4413 threadName="vmx"] TOOLS INSTALL initializing state to IDLE on power on.
2026-09-25T19:20:49.948Z -INFO vmware-vmx.exe 13448 [ws@4413 threadName="vmx"] TOOLS INSTALL updating Rpc handlers registration.
2026-09-25T19:20:49.948Z -INFO vmware-vmx.exe 13448 [ws@4413 threadName="vmx"] TOOLS INSTALL register RPC: upgrader.setGuestFileRoot
2026-09-25T19:20:49.948Z -INFO vmware-vmx.exe 13448 [ws@4413 threadName="vmx"] TOOLS INSTALL register RPC: toolinstall.is_image_inserted
2026-09-25T19:20:49.948Z -INFO vmware-vmx.exe 13448 [ws@4413 threadName="vmx"] TOOLS INSTALL register RPC: toolinstall.installerActive
2026-09-25T19:20:49.948Z -INFO vmware-vmx.exe 13448 [ws@4413 threadName="vmx"] TOOLS INSTALL register RPC: guest.upgrader_send_cmd_line_args
2026-09-25T19:20:49.949Z -INFO vmware-vmx.exe 13448 [ws@4413 threadName="vmx"] P9FS_PowerOn: 9PFS server is not enabled.
2026-09-25T19:20:49.949Z -INFO vmware-vmx.exe 13448 [ws@4413 threadName="vmx"] HgfsServerManagerVigorInit: Initialize: dev api
2026-09-25T19:20:49.949Z -INFO vmware-vmx.exe 13448 [ws@4413 threadName="vmx"] MKSBackdoor: Copy/paste enabled = 1
2026-09-25T19:20:49.949Z -INFO vmware-vmx.exe 13448 [ws@4413 threadName="vmx"] DEPLOYPKG: No pending deploy package name set
2026-09-25T19:20:49.949Z -INFO vmware-vmx.exe 13448 [ws@4413 threadName="vmx"] DEPLOYPKG: ToolsDeployPkgPublishState: state=0, code=0, message=(null)
2026-09-25T19:20:49.957Z -NOTICE vmware-vmx.exe 13448 [ws@4413 threadName="vmx"] ConfigDB: Setting monitor.phys_bits_used = "45"
2026-09-25T19:20:49.964Z -INFO vmware-vmx.exe 13448 [ws@4413 threadName="vmx"] Full guest CPUID with differences from hostCPUID highlighted.
2026-09-25T19:20:49.964Z -INFO vmware-vmx.exe 13448 [ws@4413 threadName="vmx"] guest vs. host CPUID guest vendor: GenuineIntel
2026-09-25T19:20:49.964Z -INFO vmware-vmx.exe 13448 [ws@4413 threadName="vmx"] guest vs. host CPUID guest family: 0x6 model: 0x9a stepping: 0x3
2026-09-25T19:20:49.964Z -INFO vmware-vmx.exe 13448 [ws@4413 threadName="vmx"] guest vs. host CPUID guest codename: Alder Lake-P
2026-09-25T19:20:49.964Z -INFO vmware-vmx.exe 13448 [ws@4413 threadName="vmx"] guest vs. host CPUID guest name: 12th Gen Intel(R) Core(TM) i5-12450H
2026-09-25T19:20:49.964Z -INFO vmware-vmx.exe 13448 [ws@4413 threadName="vmx"] guest vs. host CPUID       level eaxIn, ecxIn:        eax        ebx        ecx        edx
2026-09-25T19:20:49.964Z -INFO vmware-vmx.exe 13448 [ws@4413 threadName="vmx"] guest vs. host CPUID guest level 00000000,  0: 0x00000020 0x756e6547 0x6c65746e 0x49656e69
2026-09-25T19:20:49.964Z -INFO vmware-vmx.exe 13448 [ws@4413 threadName="vmx"] guest vs. host CPUID guest level 00000001,  0: 0x000906a3 0x00040800 0xf6fa3203 0x1f8bfbff
2026-09-25T19:20:49.964Z -INFO vmware-vmx.exe 13448 [ws@4413 threadName="vmx"] guest vs. host CPUID *host level 00000001,  0: 0x000906a3 0x00400800 0xfffaf3ab 0xbfcbfbff
2026-09-25T19:20:49.964Z -INFO vmware-vmx.exe 13448 [ws@4413 threadName="vmx"] guest vs. host CPUID guest level 00000002,  0: 0x00feff01 0x000000f0 0x00000000 0x00000000
2026-09-25T19:20:49.964Z -INFO vmware-vmx.exe 13448 [ws@4413 threadName="vmx"] guest vs. host CPUID guest level 00000004,  0: 0x0c000121 0x02c0003f 0x0000003f 0x00000000
2026-09-25T19:20:49.964Z -INFO vmware-vmx.exe 13448 [ws@4413 threadName="vmx"] guest vs. host CPUID *host level 00000004,  0: 0x7c004121 0x02c0003f 0x0000003f 0x00000000
2026-09-25T19:20:49.964Z -INFO vmware-vmx.exe 13448 [ws@4413 threadName="vmx"] guest vs. host CPUID guest level 00000004,  1: 0x0c000122 0x01c0003f 0x0000003f 0x00000000
2026-09-25T19:20:49.964Z -INFO vmware-vmx.exe 13448 [ws@4413 threadName="vmx"] guest vs. host CPUID *host level 00000004,  1: 0x7c004122 0x01c0003f 0x0000003f 0x00000000
2026-09-25T19:20:49.964Z -INFO vmware-vmx.exe 13448 [ws@4413 threadName="vmx"] guest vs. host CPUID guest level 00000004,  2: 0x0c000143 0x0240003f 0x000007ff 0x00000000
2026-09-25T19:20:49.964Z -INFO vmware-vmx.exe 13448 [ws@4413 threadName="vmx"] guest vs. host CPUID *host level 00000004,  2: 0x7c01c143 0x0240003f 0x000007ff 0x00000000
2026-09-25T19:20:49.964Z -INFO vmware-vmx.exe 13448 [ws@4413 threadName="vmx"] guest vs. host CPUID guest level 00000004,  3: 0x0c00c163 0x01c0003f 0x00005fff 0x00000004
2026-09-25T19:20:49.964Z -INFO vmware-vmx.exe 13448 [ws@4413 threadName="vmx"] guest vs. host CPUID *host level 00000004,  3: 0x7c0fc163 0x01c0003f 0x00005fff 0x00000004
2026-09-25T19:20:49.964Z -INFO vmware-vmx.exe 13448 [ws@4413 threadName="vmx"] guest vs. host CPUID guest level 00000004,  4: 0x0c000000 0x00000000 0x00000000 0x00000000
2026-09-25T19:20:49.964Z -INFO vmware-vmx.exe 13448 [ws@4413 threadName="vmx"] guest vs. host CPUID *host level 00000004,  4: 0x00000000 0x00000000 0x00000000 0x00000000
2026-09-25T19:20:49.964Z -INFO vmware-vmx.exe 13448 [ws@4413 threadName="vmx"] guest vs. host CPUID guest level 00000006,  0: 0x00000004 0x00000000 0x00000000 0x00000000
2026-09-25T19:20:49.964Z -INFO vmware-vmx.exe 13448 [ws@4413 threadName="vmx"] guest vs. host CPUID *host level 00000006,  0: 0x009f8ff3 0x00000002 0x00000409 0x00000003
2026-09-25T19:20:49.964Z -INFO vmware-vmx.exe 13448 [ws@4413 threadName="vmx"] guest vs. host CPUID guest level 00000007,  0: 0x00000001 0x219c27ab 0x18400704 0xbc004410
2026-09-25T19:20:49.964Z -INFO vmware-vmx.exe 13448 [ws@4413 threadName="vmx"] guest vs. host CPUID *host level 00000007,  0: 0x00000001 0x239ca7a9 0x184007a4 0xbc18c410
2026-09-25T19:20:49.964Z -INFO vmware-vmx.exe 13448 [ws@4413 threadName="vmx"] guest vs. host CPUID guest level 00000007,  1: 0x00000810 0x00000000 0x00000000 0x00000000
2026-09-25T19:20:49.964Z -INFO vmware-vmx.exe 13448 [ws@4413 threadName="vmx"] guest vs. host CPUID *host level 00000007,  1: 0x00400810 0x00000000 0x00000000 0x00000000
2026-09-25T19:20:49.964Z -INFO vmware-vmx.exe 13448 [ws@4413 threadName="vmx"] guest vs. host CPUID guest level 0000000a,  0: 0x07300601 0x000000ff 0x00000007 0x00008000
2026-09-25T19:20:49.964Z -INFO vmware-vmx.exe 13448 [ws@4413 threadName="vmx"] guest vs. host CPUID *host level 0000000a,  0: 0x07300605 0x00000000 0x00000007 0x00008603
2026-09-25T19:20:49.964Z -INFO vmware-vmx.exe 13448 [ws@4413 threadName="vmx"] guest vs. host CPUID guest level 0000000b,  0: 0x00000000 0x00000001 0x00000100 0x00000000
2026-09-25T19:20:49.964Z -INFO vmware-vmx.exe 13448 [ws@4413 threadName="vmx"] guest vs. host CPUID *host level 0000000b,  0: 0x00000001 0x00000002 0x00000100 0x00000000
2026-09-25T19:20:49.964Z -INFO vmware-vmx.exe 13448 [ws@4413 threadName="vmx"] guest vs. host CPUID guest level 0000000b,  1: 0x00000002 0x00000003 0x00000201 0x00000000
2026-09-25T19:20:49.964Z -INFO vmware-vmx.exe 13448 [ws@4413 threadName="vmx"] guest vs. host CPUID *host level 0000000b,  1: 0x00000006 0x0000000c 0x00000201 0x00000000
2026-09-25T19:20:49.964Z -INFO vmware-vmx.exe 13448 [ws@4413 threadName="vmx"] guest vs. host CPUID guest level 0000000d,  0: 0x00000007 0x00000340 0x00000340 0x00000000
2026-09-25T19:20:49.964Z -INFO vmware-vmx.exe 13448 [ws@4413 threadName="vmx"] guest vs. host CPUID guest level 0000000d,  1: 0x0000000f 0x00000350 0x00000000 0x00000000
2026-09-25T19:20:49.964Z -INFO vmware-vmx.exe 13448 [ws@4413 threadName="vmx"] guest vs. host CPUID *host level 0000000d,  1: 0x0000000f 0x00000350 0x00001800 0x00000000
2026-09-25T19:20:49.965Z -INFO vmware-vmx.exe 13448 [ws@4413 threadName="vmx"] guest vs. host CPUID guest level 0000000d,  2: 0x00000100 0x00000240 0x00000000 0x00000000
2026-09-25T19:20:49.965Z -INFO vmware-vmx.exe 13448 [ws@4413 threadName="vmx"] guest vs. host CPUID guest level 00000014,  0: 0x00000000 0x00000000 0x00000000 0x00000000
2026-09-25T19:20:49.965Z -INFO vmware-vmx.exe 13448 [ws@4413 threadName="vmx"] guest vs. host CPUID *host level 00000014,  0: 0x00000001 0x0000005f 0x00000007 0x00000000
2026-09-25T19:20:49.965Z -INFO vmware-vmx.exe 13448 [ws@4413 threadName="vmx"] guest vs. host CPUID guest level 00000014,  1: 0x00000000 0x00000000 0x00000000 0x00000000
2026-09-25T19:20:49.965Z -INFO vmware-vmx.exe 13448 [ws@4413 threadName="vmx"] guest vs. host CPUID *host level 00000014,  1: 0x02490002 0x003f003f 0x00000000 0x00000000
2026-09-25T19:20:49.965Z -INFO vmware-vmx.exe 13448 [ws@4413 threadName="vmx"] guest vs. host CPUID guest level 00000015,  0: 0x00000000 0x00000000 0x00000000 0x00000000
2026-09-25T19:20:49.965Z -INFO vmware-vmx.exe 13448 [ws@4413 threadName="vmx"] guest vs. host CPUID *host level 00000015,  0: 0x00000002 0x00000082 0x0249f000 0x00000000
2026-09-25T19:20:49.965Z -INFO vmware-vmx.exe 13448 [ws@4413 threadName="vmx"] guest vs. host CPUID guest level 0000001a,  0: 0x00000000 0x00000000 0x00000000 0x00000000
2026-09-25T19:20:49.965Z -INFO vmware-vmx.exe 13448 [ws@4413 threadName="vmx"] guest vs. host CPUID *host level 0000001a,  0: 0x40000001 0x00000000 0x00000000 0x00000000
2026-09-25T19:20:49.965Z -INFO vmware-vmx.exe 13448 [ws@4413 threadName="vmx"] guest vs. host CPUID guest level 0000001c,  0: 0x00000000 0x00000000 0x00000000 0x00000000
2026-09-25T19:20:49.965Z -INFO vmware-vmx.exe 13448 [ws@4413 threadName="vmx"] guest vs. host CPUID *host level 0000001c,  0: 0x4000000b 0x00000007 0x00000007 0x00000000
2026-09-25T19:20:49.965Z -INFO vmware-vmx.exe 13448 [ws@4413 threadName="vmx"] guest vs. host CPUID guest level 0000001f,  0: 0x00000000 0x00000001 0x00000100 0x00000000
2026-09-25T19:20:49.965Z -INFO vmware-vmx.exe 13448 [ws@4413 threadName="vmx"] guest vs. host CPUID *host level 0000001f,  0: 0x00000001 0x00000002 0x00000100 0x00000000
2026-09-25T19:20:49.965Z -INFO vmware-vmx.exe 13448 [ws@4413 threadName="vmx"] guest vs. host CPUID guest level 0000001f,  1: 0x00000002 0x00000003 0x00000201 0x00000000
2026-09-25T19:20:49.965Z -INFO vmware-vmx.exe 13448 [ws@4413 threadName="vmx"] guest vs. host CPUID *host level 0000001f,  1: 0x00000006 0x0000000c 0x00000201 0x00000000
2026-09-25T19:20:49.965Z -INFO vmware-vmx.exe 13448 [ws@4413 threadName="vmx"] guest vs. host CPUID guest level 00000020,  0: 0x00000000 0x00000000 0x00000000 0x00000000
2026-09-25T19:20:49.965Z -INFO vmware-vmx.exe 13448 [ws@4413 threadName="vmx"] guest vs. host CPUID *host level 00000020,  0: 0x00000000 0x00000001 0x00000000 0x00000000
2026-09-25T19:20:49.965Z -INFO vmware-vmx.exe 13448 [ws@4413 threadName="vmx"] guest vs. host CPUID guest level 40000000,  0: 0x40000010 0x61774d56 0x4d566572 0x65726177
2026-09-25T19:20:49.965Z -INFO vmware-vmx.exe 13448 [ws@4413 threadName="vmx"] guest vs. host CPUID *host level 40000000,  0: 0x4000000c 0x7263694d 0x666f736f 0x76482074
2026-09-25T19:20:49.965Z -INFO vmware-vmx.exe 13448 [ws@4413 threadName="vmx"] guest vs. host CPUID guest level 40000010,  0: 0x00261600 0x000101d0 0x00000002 0x00000000
2026-09-25T19:20:49.965Z -INFO vmware-vmx.exe 13448 [ws@4413 threadName="vmx"] guest vs. host CPUID guest level 80000000,  0: 0x80000008 0x00000000 0x00000000 0x00000000
2026-09-25T19:20:49.965Z -INFO vmware-vmx.exe 13448 [ws@4413 threadName="vmx"] guest vs. host CPUID guest level 80000001,  0: 0x00000000 0x00000000 0x00000121 0x2c100800
2026-09-25T19:20:49.965Z -INFO vmware-vmx.exe 13448 [ws@4413 threadName="vmx"] guest vs. host CPUID guest level 80000002,  0: 0x68743231 0x6e654720 0x746e4920 0x52286c65
2026-09-25T19:20:49.965Z -INFO vmware-vmx.exe 13448 [ws@4413 threadName="vmx"] guest vs. host CPUID guest level 80000003,  0: 0x6f432029 0x54286572 0x6920294d 0x32312d35
2026-09-25T19:20:49.965Z -INFO vmware-vmx.exe 13448 [ws@4413 threadName="vmx"] guest vs. host CPUID guest level 80000004,  0: 0x48303534 0x00000000 0x00000000 0x00000000
2026-09-25T19:20:49.965Z -INFO vmware-vmx.exe 13448 [ws@4413 threadName="vmx"] guest vs. host CPUID guest level 80000006,  0: 0x00000000 0x00000000 0x05007040 0x00000000
2026-09-25T19:20:49.965Z -INFO vmware-vmx.exe 13448 [ws@4413 threadName="vmx"] guest vs. host CPUID guest level 80000007,  0: 0x00000000 0x00000000 0x00000000 0x00000100
2026-09-25T19:20:49.965Z -INFO vmware-vmx.exe 13448 [ws@4413 threadName="vmx"] guest vs. host CPUID guest level 80000008,  0: 0x0000302d 0x00000000 0x00000000 0x00000000
2026-09-25T19:20:49.965Z -INFO vmware-vmx.exe 13448 [ws@4413 threadName="vmx"] guest vs. host CPUID *host level 80000008,  0: 0x00003027 0x00000000 0x00000000 0x00000000
2026-09-25T19:20:49.965Z -INFO vmware-vmx.exe 13448 [ws@4413 threadName="vmx"] Minimum ucode level: 0x00000419
2026-09-25T19:20:49.965Z -INFO vmware-vmx.exe 13448 [ws@4413 threadName="vmx"] VPMC: events will use hybrid freeze.
2026-09-25T19:20:49.965Z -INFO vmware-vmx.exe 13448 [ws@4413 threadName="vmx"] VPMC: gen counters: num 6 mask 0xffffffffffff
2026-09-25T19:20:49.965Z -INFO vmware-vmx.exe 13448 [ws@4413 threadName="vmx"] VPMC: fix counters: num 0 mask 0; version 1
2026-09-25T19:20:49.965Z -INFO vmware-vmx.exe 13448 [ws@4413 threadName="vmx"] VPMC: hardware counters: 0
2026-09-25T19:20:49.965Z -INFO vmware-vmx.exe 13448 [ws@4413 threadName="vmx"] VPMC: perf capabilities: 0x2000
2026-09-25T19:20:49.965Z -INFO vmware-vmx.exe 13448 [ws@4413 threadName="vmx"] Guest MSR IA32_ARCH_CAPABILITIES 0x10a = 0x2f
2026-09-25T19:20:49.966Z -INFO vmware-vmx.exe 13448 [ws@4413 threadName="vmx"] SVGA-PCI: BAR gfbSize=134217728, fifoSize=8388608
2026-09-25T19:20:49.966Z -INFO vmware-vmx.exe 13448 [ws@4413 threadName="vmx"] SVGA: SVGA_REG_MEMORY_SIZE=134217728
2026-09-25T19:20:49.966Z -INFO vmware-vmx.exe 13448 [ws@4413 threadName="vmx"] SVGA: SVGA_REG_VRAM_SIZE=134217728
2026-09-25T19:20:49.966Z -INFO vmware-vmx.exe 13448 [ws@4413 threadName="vmx"] SVGA: Final Device caps : 0xfdffc3e2
2026-09-25T19:20:49.966Z -INFO vmware-vmx.exe 13448 [ws@4413 threadName="vmx"] SVGA: Final Device caps2: 0x0001efff
2026-09-25T19:20:49.966Z -INFO vmware-vmx.exe 13448 [ws@4413 threadName="vmx"] PStrIntern expansion: nBkts=256
2026-09-25T19:20:49.967Z -INFO vmware-vmx.exe 13448 [ws@4413 threadName="vmx"] FeatureCompat: Capabilities:
2026-09-25T19:20:49.967Z -INFO vmware-vmx.exe 13448 [ws@4413 threadName="vmx"] Capability Found: cpuid.sse3 = 1
2026-09-25T19:20:49.967Z -INFO vmware-vmx.exe 13448 [ws@4413 threadName="vmx"] Capability Found: cpuid.pclmulqdq = 1
2026-09-25T19:20:49.967Z -INFO vmware-vmx.exe 13448 [ws@4413 threadName="vmx"] Capability Found: cpuid.mwait = 1
2026-09-25T19:20:49.967Z -INFO vmware-vmx.exe 13448 [ws@4413 threadName="vmx"] Capability Found: cpuid.vmx = 1
2026-09-25T19:20:49.967Z -INFO vmware-vmx.exe 13448 [ws@4413 threadName="vmx"] Capability Found: cpuid.ssse3 = 1
2026-09-25T19:20:49.967Z -INFO vmware-vmx.exe 13448 [ws@4413 threadName="vmx"] Capability Found: cpuid.fma = 1
2026-09-25T19:20:49.967Z -INFO vmware-vmx.exe 13448 [ws@4413 threadName="vmx"] Capability Found: cpuid.cmpxchg16b = 1
2026-09-25T19:20:49.967Z -INFO vmware-vmx.exe 13448 [ws@4413 threadName="vmx"] Capability Found: cpuid.pcid = 1
2026-09-25T19:20:49.967Z -INFO vmware-vmx.exe 13448 [ws@4413 threadName="vmx"] Capability Found: cpuid.sse41 = 1
2026-09-25T19:20:49.967Z -INFO vmware-vmx.exe 13448 [ws@4413 threadName="vmx"] Capability Found: cpuid.sse42 = 1
2026-09-25T19:20:49.967Z -INFO vmware-vmx.exe 13448 [ws@4413 threadName="vmx"] Capability Found: cpuid.movbe = 1
2026-09-25T19:20:49.967Z -INFO vmware-vmx.exe 13448 [ws@4413 threadName="vmx"] Capability Found: cpuid.popcnt = 1
2026-09-25T19:20:49.967Z -INFO vmware-vmx.exe 13448 [ws@4413 threadName="vmx"] Capability Found: cpuid.aes = 1
2026-09-25T19:20:49.967Z -INFO vmware-vmx.exe 13448 [ws@4413 threadName="vmx"] Capability Found: cpuid.xsave = 1
2026-09-25T19:20:49.967Z -INFO vmware-vmx.exe 13448 [ws@4413 threadName="vmx"] Capability Found: cpuid.avx = 1
2026-09-25T19:20:49.967Z -INFO vmware-vmx.exe 13448 [ws@4413 threadName="vmx"] Capability Found: cpuid.f16c = 1
2026-09-25T19:20:49.967Z -INFO vmware-vmx.exe 13448 [ws@4413 threadName="vmx"] Capability Found: cpuid.rdrand = 1
2026-09-25T19:20:49.967Z -INFO vmware-vmx.exe 13448 [ws@4413 threadName="vmx"] Capability Found: cpuid.ds = 1
2026-09-25T19:20:49.967Z -INFO vmware-vmx.exe 13448 [ws@4413 threadName="vmx"] Capability Found: cpuid.ss = 1
2026-09-25T19:20:49.967Z -INFO vmware-vmx.exe 13448 [ws@4413 threadName="vmx"] Capability Found: cpuid.fsgsbase = 1
2026-09-25T19:20:49.967Z -INFO vmware-vmx.exe 13448 [ws@4413 threadName="vmx"] Capability Found: cpuid.bmi1 = 1
2026-09-25T19:20:49.967Z -INFO vmware-vmx.exe 13448 [ws@4413 threadName="vmx"] Capability Found: cpuid.avx2 = 1
2026-09-25T19:20:49.967Z -INFO vmware-vmx.exe 13448 [ws@4413 threadName="vmx"] Capability Found: cpuid.smep = 1
2026-09-25T19:20:49.967Z -INFO vmware-vmx.exe 13448 [ws@4413 threadName="vmx"] Capability Found: cpuid.bmi2 = 1
2026-09-25T19:20:49.967Z -INFO vmware-vmx.exe 13448 [ws@4413 threadName="vmx"] Capability Found: cpuid.enfstrg = 1
2026-09-25T19:20:49.967Z -INFO vmware-vmx.exe 13448 [ws@4413 threadName="vmx"] Capability Found: cpuid.invpcid = 1
2026-09-25T19:20:49.967Z -INFO vmware-vmx.exe 13448 [ws@4413 threadName="vmx"] Capability Found: cpuid.rdseed = 1
2026-09-25T19:20:49.967Z -INFO vmware-vmx.exe 13448 [ws@4413 threadName="vmx"] Capability Found: cpuid.adx = 1
2026-09-25T19:20:49.967Z -INFO vmware-vmx.exe 13448 [ws@4413 threadName="vmx"] Capability Found: cpuid.smap = 1
2026-09-25T19:20:49.967Z -INFO vmware-vmx.exe 13448 [ws@4413 threadName="vmx"] Capability Found: cpuid.clflushopt = 1
2026-09-25T19:20:49.967Z -INFO vmware-vmx.exe 13448 [ws@4413 threadName="vmx"] Capability Found: cpuid.clwb = 1
2026-09-25T19:20:49.967Z -INFO vmware-vmx.exe 13448 [ws@4413 threadName="vmx"] Capability Found: cpuid.sha = 1
2026-09-25T19:20:49.967Z -INFO vmware-vmx.exe 13448 [ws@4413 threadName="vmx"] Capability Found: cpuid.umip = 1
2026-09-25T19:20:49.967Z -INFO vmware-vmx.exe 13448 [ws@4413 threadName="vmx"] Capability Found: cpuid.gfni = 1
2026-09-25T19:20:49.967Z -INFO vmware-vmx.exe 13448 [ws@4413 threadName="vmx"] Capability Found: cpuid.vaes = 1
2026-09-25T19:20:49.967Z -INFO vmware-vmx.exe 13448 [ws@4413 threadName="vmx"] Capability Found: cpuid.vpclmulqdq = 1
2026-09-25T19:20:49.967Z -INFO vmware-vmx.exe 13448 [ws@4413 threadName="vmx"] Capability Found: cpuid.rdpid = 1
2026-09-25T19:20:49.967Z -INFO vmware-vmx.exe 13448 [ws@4413 threadName="vmx"] Capability Found: cpuid.movdiri = 1
2026-09-25T19:20:49.967Z -INFO vmware-vmx.exe 13448 [ws@4413 threadName="vmx"] Capability Found: cpuid.movdir64b = 1
2026-09-25T19:20:49.967Z -INFO vmware-vmx.exe 13448 [ws@4413 threadName="vmx"] Capability Found: cpuid.fast_short_repmov = 1
2026-09-25T19:20:49.967Z -INFO vmware-vmx.exe 13448 [ws@4413 threadName="vmx"] Capability Found: cpuid.mdclear = 1
2026-09-25T19:20:49.967Z -INFO vmware-vmx.exe 13448 [ws@4413 threadName="vmx"] Capability Found: cpuid.serialize = 1
2026-09-25T19:20:49.967Z -INFO vmware-vmx.exe 13448 [ws@4413 threadName="vmx"] Capability Found: cpuid.cet_ibt = 1
2026-09-25T19:20:49.967Z -INFO vmware-vmx.exe 13448 [ws@4413 threadName="vmx"] Capability Found: cpuid.stibp = 1
2026-09-25T19:20:49.967Z -INFO vmware-vmx.exe 13448 [ws@4413 threadName="vmx"] Capability Found: cpuid.fcmd = 1
2026-09-25T19:20:49.967Z -INFO vmware-vmx.exe 13448 [ws@4413 threadName="vmx"] Capability Found: cpuid.ssbd = 1
2026-09-25T19:20:49.967Z -INFO vmware-vmx.exe 13448 [ws@4413 threadName="vmx"] Capability Found: cpuid.avx_vnni = 1
2026-09-25T19:20:49.967Z -INFO vmware-vmx.exe 13448 [ws@4413 threadName="vmx"] Capability Found: cpuid.fast_short_stosb = 1
2026-09-25T19:20:49.967Z -INFO vmware-vmx.exe 13448 [ws@4413 threadName="vmx"] Capability Found: cpuid.xcr0_master_sse = 1
2026-09-25T19:20:49.967Z -INFO vmware-vmx.exe 13448 [ws@4413 threadName="vmx"] Capability Found: cpuid.xcr0_master_ymm_h = 1
2026-09-25T19:20:49.967Z -INFO vmware-vmx.exe 13448 [ws@4413 threadName="vmx"] Capability Found: cpuid.xcr0_master_bndregs = 1
2026-09-25T19:20:49.967Z -INFO vmware-vmx.exe 13448 [ws@4413 threadName="vmx"] Capability Found: cpuid.xcr0_master_bndcsr = 1
2026-09-25T19:20:49.967Z -INFO vmware-vmx.exe 13448 [ws@4413 threadName="vmx"] Capability Found: cpuid.xsaveopt = 1
2026-09-25T19:20:49.967Z -INFO vmware-vmx.exe 13448 [ws@4413 threadName="vmx"] Capability Found: cpuid.xsavec = 1
2026-09-25T19:20:49.967Z -INFO vmware-vmx.exe 13448 [ws@4413 threadName="vmx"] Capability Found: cpuid.xgetbv_ecx1 = 1
2026-09-25T19:20:49.968Z -INFO vmware-vmx.exe 13448 [ws@4413 threadName="vmx"] Capability Found: cpuid.xsaves = 1
2026-09-25T19:20:49.968Z -INFO vmware-vmx.exe 13448 [ws@4413 threadName="vmx"] Capability Found: cpuid.lahf64 = 1
2026-09-25T19:20:49.968Z -INFO vmware-vmx.exe 13448 [ws@4413 threadName="vmx"] Capability Found: cpuid.abm = 1
2026-09-25T19:20:49.968Z -INFO vmware-vmx.exe 13448 [ws@4413 threadName="vmx"] Capability Found: cpuid.3dnprefetch = 1
2026-09-25T19:20:49.968Z -INFO vmware-vmx.exe 13448 [ws@4413 threadName="vmx"] Capability Found: cpuid.nx = 1
2026-09-25T19:20:49.968Z -INFO vmware-vmx.exe 13448 [ws@4413 threadName="vmx"] Capability Found: cpuid.pdpe1gb = 1
2026-09-25T19:20:49.968Z -INFO vmware-vmx.exe 13448 [ws@4413 threadName="vmx"] Capability Found: cpuid.rdtscp = 1
2026-09-25T19:20:49.968Z -INFO vmware-vmx.exe 13448 [ws@4413 threadName="vmx"] Capability Found: cpuid.lm = 1
2026-09-25T19:20:49.968Z -INFO vmware-vmx.exe 13448 [ws@4413 threadName="vmx"] Capability Found: cpuid.intel = 1
2026-09-25T19:20:49.968Z -INFO vmware-vmx.exe 13448 [ws@4413 threadName="vmx"] Capability Found: cpuid.ibrs = 1
2026-09-25T19:20:49.968Z -INFO vmware-vmx.exe 13448 [ws@4413 threadName="vmx"] Capability Found: cpuid.ibpb = 1
2026-09-25T19:20:49.968Z -INFO vmware-vmx.exe 13448 [ws@4413 threadName="vmx"] Capability Found: hv.capable = 1
2026-09-25T19:20:49.968Z -INFO vmware-vmx.exe 13448 [ws@4413 threadName="vmx"] Capability Found: vt.realmode = 1
2026-09-25T19:20:49.968Z -INFO vmware-vmx.exe 13448 [ws@4413 threadName="vmx"] Capability Found: vt.mbx = 1
2026-09-25T19:20:49.968Z -INFO vmware-vmx.exe 13448 [ws@4413 threadName="vmx"] Capability Found: misc.cpuidfaulting = 1
2026-09-25T19:20:49.968Z -INFO vmware-vmx.exe 13448 [ws@4413 threadName="vmx"] Capability Found: vt.advexitinfo = 1
2026-09-25T19:20:49.968Z -INFO vmware-vmx.exe 13448 [ws@4413 threadName="vmx"] Capability Found: vt.eptad = 1
2026-09-25T19:20:49.968Z -INFO vmware-vmx.exe 13448 [ws@4413 threadName="vmx"] Capability Found: misc.rdcl_no = 1
2026-09-25T19:20:49.968Z -INFO vmware-vmx.exe 13448 [ws@4413 threadName="vmx"] Capability Found: misc.ibrs_all = 1
2026-09-25T19:20:49.968Z -INFO vmware-vmx.exe 13448 [ws@4413 threadName="vmx"] Capability Found: misc.mds_no = 1
2026-09-25T19:20:49.968Z -INFO vmware-vmx.exe 13448 [ws@4413 threadName="vmx"] Capability Found: vt.ignserrcode = 1
2026-09-25T19:20:49.968Z -INFO vmware-vmx.exe 13448 [ws@4413 threadName="vmx"] Capability Found: vt.eptsss = 1
2026-09-25T19:20:49.968Z -INFO vmware-vmx.exe 13448 [ws@4413 threadName="vmx"] Capability Found: svga0*svga.supports3d = 1
2026-09-25T19:20:49.968Z -INFO vmware-vmx.exe 13448 [ws@4413 threadName="vmx"] Capability Found: svga0*svga.basecapslevel = 9
2026-09-25T19:20:49.968Z -INFO vmware-vmx.exe 13448 [ws@4413 threadName="vmx"] Capability Found: svga0*svga.maxpointsize = 0xbd
2026-09-25T19:20:49.968Z -INFO vmware-vmx.exe 13448 [ws@4413 threadName="vmx"] Capability Found: svga0*svga.maxtexturesize = 0x8000
2026-09-25T19:20:49.968Z -INFO vmware-vmx.exe 13448 [ws@4413 threadName="vmx"] Capability Found: svga0*svga.maxvolumeextent = 0x4000
2026-09-25T19:20:49.968Z -INFO vmware-vmx.exe 13448 [ws@4413 threadName="vmx"] Capability Found: svga0*svga.maxtextureanisotropy = 0x10
2026-09-25T19:20:49.968Z -INFO vmware-vmx.exe 13448 [ws@4413 threadName="vmx"] Capability Found: svga0*svga.linestipple = 1
2026-09-25T19:20:49.968Z -INFO vmware-vmx.exe 13448 [ws@4413 threadName="vmx"] Capability Found: svga0*svga.dxmaxconstantbuffers = 0xf
2026-09-25T19:20:49.968Z -INFO vmware-vmx.exe 13448 [ws@4413 threadName="vmx"] Capability Found: svga0*svga.dxprovokingvertex = 1
2026-09-25T19:20:49.968Z -INFO vmware-vmx.exe 13448 [ws@4413 threadName="vmx"] Capability Found: svga0*svga.sm41 = 1
2026-09-25T19:20:49.968Z -INFO vmware-vmx.exe 13448 [ws@4413 threadName="vmx"] Capability Found: svga0*svga.multisample2x = 1
2026-09-25T19:20:49.968Z -INFO vmware-vmx.exe 13448 [ws@4413 threadName="vmx"] Capability Found: svga0*svga.multisample4x = 1
2026-09-25T19:20:49.968Z -INFO vmware-vmx.exe 13448 [ws@4413 threadName="vmx"] Capability Found: svga0*svga.msfullquality = 1
2026-09-25T19:20:49.968Z -INFO vmware-vmx.exe 13448 [ws@4413 threadName="vmx"] Capability Found: svga0*svga.logicops = 1
2026-09-25T19:20:49.968Z -INFO vmware-vmx.exe 13448 [ws@4413 threadName="vmx"] Capability Found: svga0*svga.bc67 = 9
2026-09-25T19:20:49.968Z -INFO vmware-vmx.exe 13448 [ws@4413 threadName="vmx"] Capability Found: svga0*svga.sm5 = 1
2026-09-25T19:20:49.968Z -INFO vmware-vmx.exe 13448 [ws@4413 threadName="vmx"] Capability Found: svga0*svga.multisample8x = 1
2026-09-25T19:20:49.968Z -INFO vmware-vmx.exe 13448 [ws@4413 threadName="vmx"] Capability Found: svga0*svga.logicblendops = 1
2026-09-25T19:20:49.968Z -INFO vmware-vmx.exe 13448 [ws@4413 threadName="vmx"] Capability Found: svga0*svga.maxforcedsamplecount = 0x10
2026-09-25T19:20:49.968Z -INFO vmware-vmx.exe 13448 [ws@4413 threadName="vmx"] Capability Found: svga0*svga.gl43 = 1
2026-09-25T19:20:49.968Z -INFO vmware-vmx.exe 13448 [ws@4413 threadName="vmx"] FeatureCompat: Requirements:
2026-09-25T19:20:49.968Z -INFO vmware-vmx.exe 13448 [ws@4413 threadName="vmx"] VM Features Required: cpuid.sse3 - Bool:Min:1
2026-09-25T19:20:49.968Z -INFO vmware-vmx.exe 13448 [ws@4413 threadName="vmx"] VM Features Required: cpuid.pclmulqdq - Bool:Min:1
2026-09-25T19:20:49.968Z -INFO vmware-vmx.exe 13448 [ws@4413 threadName="vmx"] VM Features Required: cpuid.ssse3 - Bool:Min:1
2026-09-25T19:20:49.968Z -INFO vmware-vmx.exe 13448 [ws@4413 threadName="vmx"] VM Features Required: cpuid.fma - Bool:Min:1
2026-09-25T19:20:49.968Z -INFO vmware-vmx.exe 13448 [ws@4413 threadName="vmx"] VM Features Required: cpuid.cmpxchg16b - Bool:Min:1
2026-09-25T19:20:49.968Z -INFO vmware-vmx.exe 13448 [ws@4413 threadName="vmx"] VM Features Required: cpuid.pcid - Bool:Min:1
2026-09-25T19:20:49.968Z -INFO vmware-vmx.exe 13448 [ws@4413 threadName="vmx"] VM Features Required: cpuid.sse41 - Bool:Min:1
2026-09-25T19:20:49.968Z -INFO vmware-vmx.exe 13448 [ws@4413 threadName="vmx"] VM Features Required: cpuid.sse42 - Bool:Min:1
2026-09-25T19:20:49.968Z -INFO vmware-vmx.exe 13448 [ws@4413 threadName="vmx"] VM Features Required: cpuid.movbe - Bool:Min:1
2026-09-25T19:20:49.968Z -INFO vmware-vmx.exe 13448 [ws@4413 threadName="vmx"] VM Features Required: cpuid.popcnt - Bool:Min:1
2026-09-25T19:20:49.968Z -INFO vmware-vmx.exe 13448 [ws@4413 threadName="vmx"] VM Features Required: cpuid.aes - Bool:Min:1
2026-09-25T19:20:49.968Z -INFO vmware-vmx.exe 13448 [ws@4413 threadName="vmx"] VM Features Required: cpuid.xsave - Bool:Min:1
2026-09-25T19:20:49.968Z -INFO vmware-vmx.exe 13448 [ws@4413 threadName="vmx"] VM Features Required: cpuid.avx - Bool:Min:1
2026-09-25T19:20:49.968Z -INFO vmware-vmx.exe 13448 [ws@4413 threadName="vmx"] VM Features Required: cpuid.f16c - Bool:Min:1
2026-09-25T19:20:49.968Z -INFO vmware-vmx.exe 13448 [ws@4413 threadName="vmx"] VM Features Required: cpuid.rdrand - Bool:Min:1
2026-09-25T19:20:49.968Z -INFO vmware-vmx.exe 13448 [ws@4413 threadName="vmx"] VM Features Required: cpuid.ss - Bool:Min:1
2026-09-25T19:20:49.968Z -INFO vmware-vmx.exe 13448 [ws@4413 threadName="vmx"] VM Features Required: cpuid.fsgsbase - Bool:Min:1
2026-09-25T19:20:49.968Z -INFO vmware-vmx.exe 13448 [ws@4413 threadName="vmx"] VM Features Required: cpuid.bmi1 - Bool:Min:1
2026-09-25T19:20:49.968Z -INFO vmware-vmx.exe 13448 [ws@4413 threadName="vmx"] VM Features Required: cpuid.avx2 - Bool:Min:1
2026-09-25T19:20:49.968Z -INFO vmware-vmx.exe 13448 [ws@4413 threadName="vmx"] VM Features Required: cpuid.smep - Bool:Min:1
2026-09-25T19:20:49.968Z -INFO vmware-vmx.exe 13448 [ws@4413 threadName="vmx"] VM Features Required: cpuid.bmi2 - Bool:Min:1
2026-09-25T19:20:49.968Z -INFO vmware-vmx.exe 13448 [ws@4413 threadName="vmx"] VM Features Required: cpuid.enfstrg - Bool:Min:1
2026-09-25T19:20:49.968Z -INFO vmware-vmx.exe 13448 [ws@4413 threadName="vmx"] VM Features Required: cpuid.invpcid - Bool:Min:1
2026-09-25T19:20:49.968Z -INFO vmware-vmx.exe 13448 [ws@4413 threadName="vmx"] VM Features Required: cpuid.rdseed - Bool:Min:1
2026-09-25T19:20:49.968Z -INFO vmware-vmx.exe 13448 [ws@4413 threadName="vmx"] VM Features Required: cpuid.adx - Bool:Min:1
2026-09-25T19:20:49.968Z -INFO vmware-vmx.exe 13448 [ws@4413 threadName="vmx"] VM Features Required: cpuid.smap - Bool:Min:1
2026-09-25T19:20:49.968Z -INFO vmware-vmx.exe 13448 [ws@4413 threadName="vmx"] VM Features Required: cpuid.clflushopt - Bool:Min:1
2026-09-25T19:20:49.968Z -INFO vmware-vmx.exe 13448 [ws@4413 threadName="vmx"] VM Features Required: cpuid.clwb - Bool:Min:1
2026-09-25T19:20:49.969Z -INFO vmware-vmx.exe 13448 [ws@4413 threadName="vmx"] VM Features Required: cpuid.sha - Bool:Min:1
2026-09-25T19:20:49.969Z -INFO vmware-vmx.exe 13448 [ws@4413 threadName="vmx"] VM Features Required: cpuid.umip - Bool:Min:1
2026-09-25T19:20:49.969Z -INFO vmware-vmx.exe 13448 [ws@4413 threadName="vmx"] VM Features Required: cpuid.gfni - Bool:Min:1
2026-09-25T19:20:49.969Z -INFO vmware-vmx.exe 13448 [ws@4413 threadName="vmx"] VM Features Required: cpuid.vaes - Bool:Min:1
2026-09-25T19:20:49.969Z -INFO vmware-vmx.exe 13448 [ws@4413 threadName="vmx"] VM Features Required: cpuid.vpclmulqdq - Bool:Min:1
2026-09-25T19:20:49.969Z -INFO vmware-vmx.exe 13448 [ws@4413 threadName="vmx"] VM Features Required: cpuid.rdpid - Bool:Min:1
2026-09-25T19:20:49.969Z -INFO vmware-vmx.exe 13448 [ws@4413 threadName="vmx"] VM Features Required: cpuid.movdiri - Bool:Min:1
2026-09-25T19:20:49.969Z -INFO vmware-vmx.exe 13448 [ws@4413 threadName="vmx"] VM Features Required: cpuid.movdir64b - Bool:Min:1
2026-09-25T19:20:49.969Z -INFO vmware-vmx.exe 13448 [ws@4413 threadName="vmx"] VM Features Required: cpuid.fast_short_repmov - Bool:Min:1
2026-09-25T19:20:49.969Z -INFO vmware-vmx.exe 13448 [ws@4413 threadName="vmx"] VM Features Required: cpuid.mdclear - Bool:Min:1
2026-09-25T19:20:49.969Z -INFO vmware-vmx.exe 13448 [ws@4413 threadName="vmx"] VM Features Required: cpuid.serialize - Bool:Min:1
2026-09-25T19:20:49.969Z -INFO vmware-vmx.exe 13448 [ws@4413 threadName="vmx"] VM Features Required: cpuid.stibp - Bool:Min:1
2026-09-25T19:20:49.969Z -INFO vmware-vmx.exe 13448 [ws@4413 threadName="vmx"] VM Features Required: cpuid.fcmd - Bool:Min:1
2026-09-25T19:20:49.969Z -INFO vmware-vmx.exe 13448 [ws@4413 threadName="vmx"] VM Features Required: cpuid.ssbd - Bool:Min:1
2026-09-25T19:20:49.969Z -INFO vmware-vmx.exe 13448 [ws@4413 threadName="vmx"] VM Features Required: cpuid.avx_vnni - Bool:Min:1
2026-09-25T19:20:49.969Z -INFO vmware-vmx.exe 13448 [ws@4413 threadName="vmx"] VM Features Required: cpuid.fast_short_stosb - Bool:Min:1
2026-09-25T19:20:49.969Z -INFO vmware-vmx.exe 13448 [ws@4413 threadName="vmx"] VM Features Required: cpuid.xcr0_master_sse - Bool:Min:1
2026-09-25T19:20:49.969Z -INFO vmware-vmx.exe 13448 [ws@4413 threadName="vmx"] VM Features Required: cpuid.xcr0_master_ymm_h - Bool:Min:1
2026-09-25T19:20:49.969Z -INFO vmware-vmx.exe 13448 [ws@4413 threadName="vmx"] VM Features Required: cpuid.xsaveopt - Bool:Min:1
2026-09-25T19:20:49.969Z -INFO vmware-vmx.exe 13448 [ws@4413 threadName="vmx"] VM Features Required: cpuid.xsavec - Bool:Min:1
2026-09-25T19:20:49.969Z -INFO vmware-vmx.exe 13448 [ws@4413 threadName="vmx"] VM Features Required: cpuid.xgetbv_ecx1 - Bool:Min:1
2026-09-25T19:20:49.969Z -INFO vmware-vmx.exe 13448 [ws@4413 threadName="vmx"] VM Features Required: cpuid.xsaves - Bool:Min:1
2026-09-25T19:20:49.969Z -INFO vmware-vmx.exe 13448 [ws@4413 threadName="vmx"] VM Features Required: cpuid.lahf64 - Bool:Min:1
2026-09-25T19:20:49.969Z -INFO vmware-vmx.exe 13448 [ws@4413 threadName="vmx"] VM Features Required: cpuid.abm - Bool:Min:1
2026-09-25T19:20:49.969Z -INFO vmware-vmx.exe 13448 [ws@4413 threadName="vmx"] VM Features Required: cpuid.3dnprefetch - Bool:Min:1
2026-09-25T19:20:49.969Z -INFO vmware-vmx.exe 13448 [ws@4413 threadName="vmx"] VM Features Required: cpuid.nx - Bool:Min:1
2026-09-25T19:20:49.969Z -INFO vmware-vmx.exe 13448 [ws@4413 threadName="vmx"] VM Features Required: cpuid.pdpe1gb - Bool:Min:1
2026-09-25T19:20:49.969Z -INFO vmware-vmx.exe 13448 [ws@4413 threadName="vmx"] VM Features Required: cpuid.rdtscp - Bool:Min:1
2026-09-25T19:20:49.969Z -INFO vmware-vmx.exe 13448 [ws@4413 threadName="vmx"] VM Features Required: cpuid.lm - Bool:Min:1
2026-09-25T19:20:49.969Z -INFO vmware-vmx.exe 13448 [ws@4413 threadName="vmx"] VM Features Required: cpuid.intel - Bool:Min:1
2026-09-25T19:20:49.969Z -INFO vmware-vmx.exe 13448 [ws@4413 threadName="vmx"] VM Features Required: cpuid.ibrs - Bool:Min:1
2026-09-25T19:20:49.969Z -INFO vmware-vmx.exe 13448 [ws@4413 threadName="vmx"] VM Features Required: cpuid.ibpb - Bool:Min:1
2026-09-25T19:20:49.969Z -INFO vmware-vmx.exe 13448 [ws@4413 threadName="vmx"] VM Features Required: misc.rdcl_no - Bool:Min:1
2026-09-25T19:20:49.969Z -INFO vmware-vmx.exe 13448 [ws@4413 threadName="vmx"] VM Features Required: misc.ibrs_all - Bool:Min:1
2026-09-25T19:20:49.969Z -INFO vmware-vmx.exe 13448 [ws@4413 threadName="vmx"] VM Features Required: misc.mds_no - Bool:Min:1
2026-09-25T19:20:49.969Z -INFO vmware-vmx.exe 13448 [ws@4413 threadName="vmx"] VM Features Required: svga*svga.supports3d - Bool:Min:1
2026-09-25T19:20:49.969Z -INFO vmware-vmx.exe 13448 [ws@4413 threadName="vmx"] VM Features Required: svga*svga.basecapslevel - Num:Min:9
2026-09-25T19:20:49.969Z -INFO vmware-vmx.exe 13448 [ws@4413 threadName="vmx"] VM Features Required: svga*svga.maxpointsize - Num:Min:0xbd
2026-09-25T19:20:49.969Z -INFO vmware-vmx.exe 13448 [ws@4413 threadName="vmx"] VM Features Required: svga*svga.maxtexturesize - Num:Min:0x8000
2026-09-25T19:20:49.969Z -INFO vmware-vmx.exe 13448 [ws@4413 threadName="vmx"] VM Features Required: svga*svga.maxvolumeextent - Num:Min:0x4000
2026-09-25T19:20:49.969Z -INFO vmware-vmx.exe 13448 [ws@4413 threadName="vmx"] VM Features Required: svga*svga.maxtextureanisotropy - Num:Min:0x10
2026-09-25T19:20:49.969Z -INFO vmware-vmx.exe 13448 [ws@4413 threadName="vmx"] VM Features Required: svga*svga.linestipple - Bool:Min:1
2026-09-25T19:20:49.969Z -INFO vmware-vmx.exe 13448 [ws@4413 threadName="vmx"] VM Features Required: svga*svga.dxmaxconstantbuffers - Num:Min:0xf
2026-09-25T19:20:49.969Z -INFO vmware-vmx.exe 13448 [ws@4413 threadName="vmx"] VM Features Required: svga*svga.dxprovokingvertex - Bool:Min:1
2026-09-25T19:20:49.969Z -INFO vmware-vmx.exe 13448 [ws@4413 threadName="vmx"] VM Features Required: svga*svga.sm41 - Bool:Min:1
2026-09-25T19:20:49.969Z -INFO vmware-vmx.exe 13448 [ws@4413 threadName="vmx"] VM Features Required: svga*svga.multisample2x - Bool:Min:1
2026-09-25T19:20:49.969Z -INFO vmware-vmx.exe 13448 [ws@4413 threadName="vmx"] VM Features Required: svga*svga.multisample4x - Bool:Min:1
2026-09-25T19:20:49.969Z -INFO vmware-vmx.exe 13448 [ws@4413 threadName="vmx"] VM Features Required: svga*svga.msfullquality - Bool:Min:1
2026-09-25T19:20:49.969Z -INFO vmware-vmx.exe 13448 [ws@4413 threadName="vmx"] VM Features Required: svga*svga.logicops - Bool:Min:1
2026-09-25T19:20:49.969Z -INFO vmware-vmx.exe 13448 [ws@4413 threadName="vmx"] VM Features Required: svga*svga.bc67 - Num:Min:9
2026-09-25T19:20:49.969Z -INFO vmware-vmx.exe 13448 [ws@4413 threadName="vmx"] VM Features Required: svga*svga.sm5 - Bool:Min:1
2026-09-25T19:20:49.969Z -INFO vmware-vmx.exe 13448 [ws@4413 threadName="vmx"] VM Features Required: svga*svga.multisample8x - Bool:Min:1
2026-09-25T19:20:49.969Z -INFO vmware-vmx.exe 13448 [ws@4413 threadName="vmx"] VM Features Required: svga*svga.logicblendops - Bool:Min:1
2026-09-25T19:20:49.969Z -INFO vmware-vmx.exe 13448 [ws@4413 threadName="vmx"] VM Features Required: svga*svga.maxforcedsamplecount - Num:Min:0x10
2026-09-25T19:20:49.969Z -INFO vmware-vmx.exe 13448 [ws@4413 threadName="vmx"] VM Features Required: svga*svga.gl43 - Bool:Min:1
2026-09-25T19:20:50.140Z -INFO vmware-vmx.exe 13448 [ws@4413 threadName="vmx"] TOOLS received request in VMX to set option 'enableDnD' -> '1'
2026-09-25T19:20:50.141Z -INFO vmware-vmx.exe 13448 [ws@4413 threadName="vmx"] 
2026-09-25T19:20:50.141Z +INFO vmware-vmx.exe 13448 [ws@4413 threadName="vmx"] OvhdMem: Static (Power On) Overheads
2026-09-25T19:20:50.141Z -INFO vmware-vmx.exe 13448 [ws@4413 threadName="vmx"]                                                       reserved      |          used
2026-09-25T19:20:50.141Z -INFO vmware-vmx.exe 13448 [ws@4413 threadName="vmx"] OvhdMem excluded                                  cur    max    avg |    cur    max    avg
2026-09-25T19:20:50.141Z -INFO vmware-vmx.exe 13448 [ws@4413 threadName="vmx"] OvhdMem OvhdUser_MainMem                    :  913408 913408      - |      0      0      -
2026-09-25T19:20:50.141Z -INFO vmware-vmx.exe 13448 [ws@4413 threadName="vmx"] OvhdMem OvhdUser_VmxText                    :    7936   7936      - |      0      0      -
2026-09-25T19:20:50.141Z -INFO vmware-vmx.exe 13448 [ws@4413 threadName="vmx"] OvhdMem OvhdUser_VmxTextLibs                :   17408  17408      - |      0      0      -
2026-09-25T19:20:50.141Z -INFO vmware-vmx.exe 13448 [ws@4413 threadName="vmx"] OvhdMem Total excluded                      :  938752 938752      - |      -      -      -
2026-09-25T19:20:50.141Z -INFO vmware-vmx.exe 13448 [ws@4413 threadName="vmx"] OvhdMem Actual maximum                      :         938752        |             -
2026-09-25T19:20:50.141Z +INFO vmware-vmx.exe 13448 [ws@4413 threadName="vmx"] 
2026-09-25T19:20:50.141Z -INFO vmware-vmx.exe 13448 [ws@4413 threadName="vmx"]                                                       reserved      |          used
2026-09-25T19:20:50.141Z -INFO vmware-vmx.exe 13448 [ws@4413 threadName="vmx"] OvhdMem paged                                     cur    max    avg |    cur    max    avg
2026-09-25T19:20:50.141Z -INFO vmware-vmx.exe 13448 [ws@4413 threadName="vmx"] OvhdMem OvhdUser_STATS_vmm                  :      24     24      - |      0      0      -
2026-09-25T19:20:50.141Z -INFO vmware-vmx.exe 13448 [ws@4413 threadName="vmx"] OvhdMem OvhdUser_STATS_device               :      12     12      - |      0      0      -
2026-09-25T19:20:50.141Z -INFO vmware-vmx.exe 13448 [ws@4413 threadName="vmx"] OvhdMem OvhdUser_SvgaMobFallback            :  1048576 1048576      - |      0      0      -
2026-09-25T19:20:50.141Z -INFO vmware-vmx.exe 13448 [ws@4413 threadName="vmx"] OvhdMem OvhdUser_DiskLibMemUsed             :    3075   3075      - |      0      0      -
2026-09-25T19:20:50.141Z -INFO vmware-vmx.exe 13448 [ws@4413 threadName="vmx"] OvhdMem OvhdUser_SvgaSurfaceTable           :    2944   2944      - |    385    385      -
2026-09-25T19:20:50.141Z -INFO vmware-vmx.exe 13448 [ws@4413 threadName="vmx"] OvhdMem OvhdUser_SvgaSDirtyCache            :      96     96      - |      0      0      -
2026-09-25T19:20:50.141Z -INFO vmware-vmx.exe 13448 [ws@4413 threadName="vmx"] OvhdMem OvhdUser_SvgaShaderTable            :    1000   1000      - |    193    193      -
2026-09-25T19:20:50.141Z -INFO vmware-vmx.exe 13448 [ws@4413 threadName="vmx"] OvhdMem OvhdUser_SvgaShaderText             :    2048   2048      - |      0      0      -
2026-09-25T19:20:50.141Z -INFO vmware-vmx.exe 13448 [ws@4413 threadName="vmx"] OvhdMem OvhdUser_SvgaContextCache           :    1405   1405      - |      0      0      -
2026-09-25T19:20:50.141Z -INFO vmware-vmx.exe 13448 [ws@4413 threadName="vmx"] OvhdMem OvhdUser_SvgaObjTables              :    3908   3908      - |    202    202      -
2026-09-25T19:20:50.141Z -INFO vmware-vmx.exe 13448 [ws@4413 threadName="vmx"] OvhdMem OvhdUser_SvgaDXShaderText           :    4096   4096      - |      0      0      -
2026-09-25T19:20:50.141Z -INFO vmware-vmx.exe 13448 [ws@4413 threadName="vmx"] OvhdMem OvhdUser_SvgaVAProcessorTable       :       1      1      - |      0      0      -
2026-09-25T19:20:50.141Z -INFO vmware-vmx.exe 13448 [ws@4413 threadName="vmx"] OvhdMem OvhdUser_SvgaVADecoderTable         :       1      1      - |      0      0      -
2026-09-25T19:20:50.141Z -INFO vmware-vmx.exe 13448 [ws@4413 threadName="vmx"] OvhdMem OvhdUser_SvgaCursor                 :      10     10      - |     10     10      -
2026-09-25T19:20:50.141Z -INFO vmware-vmx.exe 13448 [ws@4413 threadName="vmx"] OvhdMem OvhdUser_SvgaPPNList                :    1026   1026      - |      0      0      -
2026-09-25T19:20:50.141Z -INFO vmware-vmx.exe 13448 [ws@4413 threadName="vmx"] OvhdMem OvhdUser_VmxGlobals                 :   10240  10240      - |      0      0      -
2026-09-25T19:20:50.141Z -INFO vmware-vmx.exe 13448 [ws@4413 threadName="vmx"] OvhdMem OvhdUser_VmxGlobalsLibs             :    3584   3584      - |      0      0      -
2026-09-25T19:20:50.141Z -INFO vmware-vmx.exe 13448 [ws@4413 threadName="vmx"] OvhdMem OvhdUser_VmxHeap                    :   10752  10752      - |      0      0      -
2026-09-25T19:20:50.141Z -INFO vmware-vmx.exe 13448 [ws@4413 threadName="vmx"] OvhdMem OvhdUser_VmxMks                     :      49     49      - |      0      0      -
2026-09-25T19:20:50.141Z -INFO vmware-vmx.exe 13448 [ws@4413 threadName="vmx"] OvhdMem OvhdUser_VmxMksRenderOps            :    3494   3494      - |   2781   2781      -
2026-09-25T19:20:50.141Z -INFO vmware-vmx.exe 13448 [ws@4413 threadName="vmx"] OvhdMem OvhdUser_VmxMks3d                   :  2392064 2392064      - |      0      0      -
2026-09-25T19:20:50.141Z -INFO vmware-vmx.exe 13448 [ws@4413 threadName="vmx"] OvhdMem OvhdUser_VmxMksLLVM                 :   12288  12288      - |      0      0      -
2026-09-25T19:20:50.141Z -INFO vmware-vmx.exe 13448 [ws@4413 threadName="vmx"] OvhdMem OvhdUser_VmxMksScreenTemp           :   69890  69890      - |      0      0      -
2026-09-25T19:20:50.141Z -INFO vmware-vmx.exe 13448 [ws@4413 threadName="vmx"] OvhdMem OvhdUser_VmxMksVnc                  :   74936  74936      - |      0      0      -
2026-09-25T19:20:50.141Z -INFO vmware-vmx.exe 13448 [ws@4413 threadName="vmx"] OvhdMem OvhdUser_VmxMksScreen               :  131075 131075      - |      0      0      -
2026-09-25T19:20:50.141Z -INFO vmware-vmx.exe 13448 [ws@4413 threadName="vmx"] OvhdMem OvhdUser_VmxMksSVGAVO               :    4096   4096      - |      0      0      -
2026-09-25T19:20:50.141Z -INFO vmware-vmx.exe 13448 [ws@4413 threadName="vmx"] OvhdMem OvhdUser_VmxMksSwbCursor            :    4096   4096      - |      0      0      -
2026-09-25T19:20:50.141Z -INFO vmware-vmx.exe 13448 [ws@4413 threadName="vmx"] OvhdMem OvhdUser_VmxPhysMemErrPages         :      10     10      - |      0      0      -
2026-09-25T19:20:50.141Z -INFO vmware-vmx.exe 13448 [ws@4413 threadName="vmx"] OvhdMem OvhdUser_VmxSLEntryBuf              :     128    128      - |      0      0      -
2026-09-25T19:20:50.141Z -INFO vmware-vmx.exe 13448 [ws@4413 threadName="vmx"] OvhdMem OvhdUser_VmxThreads                 :   41984  41984      - |      0      0      -
2026-09-25T19:20:50.141Z -INFO vmware-vmx.exe 13448 [ws@4413 threadName="vmx"] OvhdMem Total paged                         :  3826908 3826908      - |   3571   3571      -
2026-09-25T19:20:50.141Z -INFO vmware-vmx.exe 13448 [ws@4413 threadName="vmx"] OvhdMem Actual maximum                      :         3826908        |        3826908
2026-09-25T19:20:50.141Z +INFO vmware-vmx.exe 13448 [ws@4413 threadName="vmx"] 
2026-09-25T19:20:50.141Z -INFO vmware-vmx.exe 13448 [ws@4413 threadName="vmx"]                                                       reserved      |          used
2026-09-25T19:20:50.141Z -INFO vmware-vmx.exe 13448 [ws@4413 threadName="vmx"] OvhdMem nonpaged                                  cur    max    avg |    cur    max    avg
2026-09-25T19:20:50.141Z -INFO vmware-vmx.exe 13448 [ws@4413 threadName="vmx"] OvhdMem OvhdUser_SharedArea                 :      11     11      - |      0      0      -
2026-09-25T19:20:50.141Z -INFO vmware-vmx.exe 13448 [ws@4413 threadName="vmx"] OvhdMem OvhdUser_BusMemTraceBitmap          :      34     34      - |      0      0      -
2026-09-25T19:20:50.141Z -INFO vmware-vmx.exe 13448 [ws@4413 threadName="vmx"] OvhdMem OvhdUser_PFrame                     :       0   3064      - |      0      0      -
2026-09-25T19:20:50.141Z -INFO vmware-vmx.exe 13448 [ws@4413 threadName="vmx"] OvhdMem OvhdUser_BusMemFrame                :    1045   2140      - |      0      0      -
2026-09-25T19:20:50.141Z -INFO vmware-vmx.exe 13448 [ws@4413 threadName="vmx"] OvhdMem OvhdUser_VIDE_KSEG                  :      16     16      - |      0      0      -
2026-09-25T19:20:50.141Z -INFO vmware-vmx.exe 13448 [ws@4413 threadName="vmx"] OvhdMem OvhdUser_VGA                        :      64     64      - |      0      0      -
2026-09-25T19:20:50.141Z -INFO vmware-vmx.exe 13448 [ws@4413 threadName="vmx"] OvhdMem OvhdUser_BalloonMPN                 :       1      1      - |      0      0      -
2026-09-25T19:20:50.141Z -INFO vmware-vmx.exe 13448 [ws@4413 threadName="vmx"] OvhdMem OvhdUser_P2MUpdateBuffer            :       3      3      - |      0      0      -
2026-09-25T19:20:50.141Z -INFO vmware-vmx.exe 13448 [ws@4413 threadName="vmx"] OvhdMem OvhdUser_ServicesMPN                :       3      3      - |      0      0      -
2026-09-25T19:20:50.141Z -INFO vmware-vmx.exe 13448 [ws@4413 threadName="vmx"] OvhdMem OvhdUser_LocalApic                  :      12     12      - |      0      0      -
2026-09-25T19:20:50.141Z -INFO vmware-vmx.exe 13448 [ws@4413 threadName="vmx"] OvhdMem OvhdUser_VBIOS                      :       8      8      - |      0      0      -
2026-09-25T19:20:50.142Z -INFO vmware-vmx.exe 13448 [ws@4413 threadName="vmx"] OvhdMem OvhdUser_LSIBIOS                    :       4      4      - |      0      0      -
2026-09-25T19:20:50.142Z -INFO vmware-vmx.exe 13448 [ws@4413 threadName="vmx"] OvhdMem OvhdUser_LSIRings                   :       4      4      - |      0      0      -
2026-09-25T19:20:50.142Z -INFO vmware-vmx.exe 13448 [ws@4413 threadName="vmx"] OvhdMem OvhdUser_SAS1068BIOS                :       4      4      - |      0      0      -
2026-09-25T19:20:50.142Z -INFO vmware-vmx.exe 13448 [ws@4413 threadName="vmx"] OvhdMem OvhdUser_SBIOS                      :      16     16      - |      0      0      -
2026-09-25T19:20:50.142Z -INFO vmware-vmx.exe 13448 [ws@4413 threadName="vmx"] OvhdMem OvhdUser_AHCIBIOS                   :      16     16      - |      0      0      -
2026-09-25T19:20:50.142Z -INFO vmware-vmx.exe 13448 [ws@4413 threadName="vmx"] OvhdMem OvhdUser_AHCIREGS                   :       1      1      - |      0      0      -
2026-09-25T19:20:50.142Z -INFO vmware-vmx.exe 13448 [ws@4413 threadName="vmx"] OvhdMem OvhdUser_FlashRam                   :     128    128      - |      0      0      -
2026-09-25T19:20:50.142Z -INFO vmware-vmx.exe 13448 [ws@4413 threadName="vmx"] OvhdMem OvhdUser_SMM                        :      63     63      - |      0      0      -
2026-09-25T19:20:50.142Z -INFO vmware-vmx.exe 13448 [ws@4413 threadName="vmx"] OvhdMem OvhdUser_SVGAFB                     :   32768  32768      - |      0      0      -
2026-09-25T19:20:50.142Z -INFO vmware-vmx.exe 13448 [ws@4413 threadName="vmx"] OvhdMem OvhdUser_SVGAMEM                    :      64    512      - |      0      0      -
2026-09-25T19:20:50.142Z -INFO vmware-vmx.exe 13448 [ws@4413 threadName="vmx"] OvhdMem OvhdUser_HDAudioReg                 :       3      3      - |      0      0      -
2026-09-25T19:20:50.142Z -INFO vmware-vmx.exe 13448 [ws@4413 threadName="vmx"] OvhdMem OvhdUser_EHCIRegister               :       1      1      - |      0      0      -
2026-09-25T19:20:50.142Z -INFO vmware-vmx.exe 13448 [ws@4413 threadName="vmx"] OvhdMem OvhdUser_XhciRegister               :       1      1      - |      0      0      -
2026-09-25T19:20:50.142Z -INFO vmware-vmx.exe 13448 [ws@4413 threadName="vmx"] OvhdMem OvhdUser_HyperV                     :       2      2      - |      0      0      -
2026-09-25T19:20:50.142Z -INFO vmware-vmx.exe 13448 [ws@4413 threadName="vmx"] OvhdMem OvhdUser_ExtCfg                     :       4      4      - |      0      0      -
2026-09-25T19:20:50.142Z -INFO vmware-vmx.exe 13448 [ws@4413 threadName="vmx"] OvhdMem OvhdUser_vhvCachedVMCS              :      12     12      - |      0      0      -
2026-09-25T19:20:50.142Z -INFO vmware-vmx.exe 13448 [ws@4413 threadName="vmx"] OvhdMem OvhdUser_vhvNestedAPIC              :      12     12      - |      0      0      -
2026-09-25T19:20:50.142Z -INFO vmware-vmx.exe 13448 [ws@4413 threadName="vmx"] OvhdMem OvhdUser_LBR                        :      12     12      - |      0      0      -
2026-09-25T19:20:50.142Z -INFO vmware-vmx.exe 13448 [ws@4413 threadName="vmx"] OvhdMem OvhdUser_MonWired                   :     233    233      - |      0      0      -
2026-09-25T19:20:50.142Z -INFO vmware-vmx.exe 13448 [ws@4413 threadName="vmx"] OvhdMem OvhdUser_NVDC                       :       1      1      - |      0      0      -
2026-09-25T19:20:50.142Z -INFO vmware-vmx.exe 13448 [ws@4413 threadName="vmx"] OvhdMem OvhdUser_PCIeMMIOArea               :      70     70      - |      0      0      -
2026-09-25T19:20:50.142Z -INFO vmware-vmx.exe 13448 [ws@4413 threadName="vmx"] OvhdMem Total nonpaged                      :   34616  39223      - |      0      0      -
2026-09-25T19:20:50.142Z -INFO vmware-vmx.exe 13448 [ws@4413 threadName="vmx"] OvhdMem Actual maximum                      :          34616        |         39223
2026-09-25T19:20:50.142Z +INFO vmware-vmx.exe 13448 [ws@4413 threadName="vmx"] 
2026-09-25T19:20:50.142Z -INFO vmware-vmx.exe 13448 [ws@4413 threadName="vmx"]                                                       reserved      |          used
2026-09-25T19:20:50.142Z -INFO vmware-vmx.exe 13448 [ws@4413 threadName="vmx"] OvhdMem anonymous                                 cur    max    avg |    cur    max    avg
2026-09-25T19:20:50.142Z -INFO vmware-vmx.exe 13448 [ws@4413 threadName="vmx"] OvhdMem OvhdMon_Alloc                       :    1176   1176      - |      0      0      -
2026-09-25T19:20:50.142Z -INFO vmware-vmx.exe 13448 [ws@4413 threadName="vmx"] OvhdMem OvhdMon_BusMemFrame                 :     989   1046      - |      0      0      -
2026-09-25T19:20:50.142Z -INFO vmware-vmx.exe 13448 [ws@4413 threadName="vmx"] OvhdMem OvhdMon_BusMem2MInfo                :      14     14      - |      0      0      -
2026-09-25T19:20:50.142Z -INFO vmware-vmx.exe 13448 [ws@4413 threadName="vmx"] OvhdMem OvhdMon_BusMem1GInfo                :       1      1      - |      0      0      -
2026-09-25T19:20:50.142Z -INFO vmware-vmx.exe 13448 [ws@4413 threadName="vmx"] OvhdMem OvhdMon_BusMemZapListMPN            :       1      1      - |      0      0      -
2026-09-25T19:20:50.142Z -INFO vmware-vmx.exe 13448 [ws@4413 threadName="vmx"] OvhdMem OvhdMon_BusMemPreval                :      48     48      - |      0      0      -
2026-09-25T19:20:50.142Z -INFO vmware-vmx.exe 13448 [ws@4413 threadName="vmx"] OvhdMem OvhdMon_MonAS                       :      12     12      - |      0      0      -
2026-09-25T19:20:50.142Z -INFO vmware-vmx.exe 13448 [ws@4413 threadName="vmx"] OvhdMem OvhdMon_GuestMem                    :     480    480      - |      0      0      -
2026-09-25T19:20:50.142Z -INFO vmware-vmx.exe 13448 [ws@4413 threadName="vmx"] OvhdMem OvhdMon_TC                          :    6156   6156      - |      0      0      -
2026-09-25T19:20:50.142Z -INFO vmware-vmx.exe 13448 [ws@4413 threadName="vmx"] OvhdMem OvhdMon_BusMemMonAS                 :       5      6      - |      0      0      -
2026-09-25T19:20:50.142Z -INFO vmware-vmx.exe 13448 [ws@4413 threadName="vmx"] OvhdMem OvhdMon_PlatformMonAS               :       8      8      - |      0      0      -
2026-09-25T19:20:50.142Z -INFO vmware-vmx.exe 13448 [ws@4413 threadName="vmx"] OvhdMem OvhdMon_HVNuma                      :      24     24      - |      0      0      -
2026-09-25T19:20:50.142Z -INFO vmware-vmx.exe 13448 [ws@4413 threadName="vmx"] OvhdMem OvhdMon_HV                          :      12     12      - |      0      0      -
2026-09-25T19:20:50.142Z -INFO vmware-vmx.exe 13448 [ws@4413 threadName="vmx"] OvhdMem OvhdMon_HVMSRBitmap                 :       1      1      - |      0      0      -
2026-09-25T19:20:50.142Z -INFO vmware-vmx.exe 13448 [ws@4413 threadName="vmx"] OvhdMem OvhdMon_VHVGuestMSRBitmap           :      12     12      - |      0      0      -
2026-09-25T19:20:50.142Z -INFO vmware-vmx.exe 13448 [ws@4413 threadName="vmx"] OvhdMem OvhdMon_Numa                        :      90     90      - |      0      0      -
2026-09-25T19:20:50.142Z -INFO vmware-vmx.exe 13448 [ws@4413 threadName="vmx"] OvhdMem OvhdMon_BaseWired                   :     348    348      - |      0      0      -
2026-09-25T19:20:50.142Z -INFO vmware-vmx.exe 13448 [ws@4413 threadName="vmx"] OvhdMem OvhdMon_Bootstrap                   :    2300   2300      - |      0      0      -
2026-09-25T19:20:50.142Z -INFO vmware-vmx.exe 13448 [ws@4413 threadName="vmx"] OvhdMem OvhdMon_GPhysTraced                 :     443    443      - |      0      0      -
2026-09-25T19:20:50.142Z -INFO vmware-vmx.exe 13448 [ws@4413 threadName="vmx"] OvhdMem OvhdMon_GPhysHWMMU                  :    2128   2128      - |      0      0      -
2026-09-25T19:20:50.142Z -INFO vmware-vmx.exe 13448 [ws@4413 threadName="vmx"] OvhdMem OvhdMon_GPhysNoTrace                :     286    286      - |      0      0      -
2026-09-25T19:20:50.142Z -INFO vmware-vmx.exe 13448 [ws@4413 threadName="vmx"] OvhdMem OvhdMon_PhysMemGart                 :     104    104      - |      0      0      -
2026-09-25T19:20:50.142Z -INFO vmware-vmx.exe 13448 [ws@4413 threadName="vmx"] OvhdMem OvhdMon_PhysMemErr                  :      17     17      - |      0      0      -
2026-09-25T19:20:50.142Z -INFO vmware-vmx.exe 13448 [ws@4413 threadName="vmx"] OvhdMem OvhdMon_VProbe                      :       1      1      - |      0      0      -
2026-09-25T19:20:50.142Z -INFO vmware-vmx.exe 13448 [ws@4413 threadName="vmx"] OvhdMem Total anonymous                     :   14656  14714      - |      0      0      -
2026-09-25T19:20:50.142Z -INFO vmware-vmx.exe 13448 [ws@4413 threadName="vmx"] OvhdMem Actual maximum                      :          14656        |         14714
2026-09-25T19:20:50.142Z +INFO vmware-vmx.exe 13448 [ws@4413 threadName="vmx"] 
2026-09-25T19:20:50.142Z -INFO vmware-vmx.exe 13448 [ws@4413 threadName="vmx"] VMMEM: Precise Reservation: 15141MB (MainMem=3568MB)
2026-09-25T19:20:50.142Z -INFO vmware-vmx.exe 13448 [ws@4413 threadName="vmx"] Vix: [mainDispatch.c:1060]: VMAutomation_PowerOn. Powering on.
2026-09-25T19:20:50.143Z -NOTICE vmware-vmx.exe 13448 [ws@4413 threadName="vmx"] PowerOnTiming: ALL took 2102522 us
2026-09-25T19:20:50.143Z -INFO vmware-vmx.exe 13448 [ws@4413 threadName="vmx"] VMX_PowerOn: ModuleTable_PowerOn = 1
2026-09-25T19:20:50.143Z -NOTICE vmware-vmx.exe 13448 [ws@4413 threadName="vmx"] ConfigDB: Setting cleanShutdown = "FALSE"
2026-09-25T19:20:50.143Z -NOTICE vmware-vmx.exe 13448 [ws@4413 threadName="vmx"] ConfigDB: Setting softPowerOff = "FALSE"
2026-09-25T19:20:50.147Z -INFO vmware-vmx.exe 13448 [ws@4413 threadName="vcpu-0"] VTHREAD 19576 "vcpu-0"
2026-09-25T19:20:50.148Z -INFO vmware-vmx.exe 13448 [ws@4413 threadName="vcpu-0"] CPU reset: hard (mode Emulation)
2026-09-25T19:20:50.149Z -INFO vmware-vmx.exe 13448 [ws@4413 threadName="vcpu-1"] VTHREAD 21096 "vcpu-1"
2026-09-25T19:20:50.149Z -INFO vmware-vmx.exe 13448 [ws@4413 threadName="vcpu-2"] VTHREAD 19864 "vcpu-2"
2026-09-25T19:20:50.149Z -INFO vmware-vmx.exe 13448 [ws@4413 threadName="vcpu-1"] CPU reset: hard (mode Emulation)
2026-09-25T19:20:50.149Z -INFO vmware-vmx.exe 13448 [ws@4413 threadName="vcpu-3"] VTHREAD 20720 "vcpu-3"
2026-09-25T19:20:50.149Z -INFO vmware-vmx.exe 13448 [ws@4413 threadName="vcpu-2"] CPU reset: hard (mode Emulation)
2026-09-25T19:20:50.149Z -INFO vmware-vmx.exe 13448 [ws@4413 threadName="vcpu-3"] CPU reset: hard (mode Emulation)
2026-09-25T19:20:50.149Z -INFO vmware-vmx.exe 13448 [ws@4413 threadName="vcpu-4"] VTHREAD 7760 "vcpu-4"
2026-09-25T19:20:50.150Z -INFO vmware-vmx.exe 13448 [ws@4413 threadName="vcpu-4"] CPU reset: hard (mode Emulation)
2026-09-25T19:20:50.150Z -INFO vmware-vmx.exe 13448 [ws@4413 threadName="vcpu-5"] VTHREAD 1680 "vcpu-5"
2026-09-25T19:20:50.150Z -INFO vmware-vmx.exe 13448 [ws@4413 threadName="vcpu-5"] CPU reset: hard (mode Emulation)
2026-09-25T19:20:50.150Z -INFO vmware-vmx.exe 13448 [ws@4413 threadName="vcpu-6"] VTHREAD 20332 "vcpu-6"
2026-09-25T19:20:50.150Z -INFO vmware-vmx.exe 13448 [ws@4413 threadName="vcpu-6"] CPU reset: hard (mode Emulation)
2026-09-25T19:20:50.150Z -INFO vmware-vmx.exe 13448 [ws@4413 threadName="vcpu-7"] VTHREAD 11092 "vcpu-7"
2026-09-25T19:20:50.151Z -INFO vmware-vmx.exe 13448 [ws@4413 threadName="vcpu-7"] CPU reset: hard (mode Emulation)
2026-09-25T19:20:50.151Z -INFO vmware-vmx.exe 13448 [ws@4413 threadName="vcpu-8"] VTHREAD 10948 "vcpu-8"
2026-09-25T19:20:50.151Z -INFO vmware-vmx.exe 13448 [ws@4413 threadName="vcpu-8"] CPU reset: hard (mode Emulation)
2026-09-25T19:20:50.151Z -INFO vmware-vmx.exe 13448 [ws@4413 threadName="vcpu-9"] VTHREAD 15400 "vcpu-9"
2026-09-25T19:20:50.151Z -INFO vmware-vmx.exe 13448 [ws@4413 threadName="vcpu-9"] CPU reset: hard (mode Emulation)
2026-09-25T19:20:50.151Z -INFO vmware-vmx.exe 13448 [ws@4413 threadName="vcpu-10"] VTHREAD 20372 "vcpu-10"
2026-09-25T19:20:50.151Z -INFO vmware-vmx.exe 13448 [ws@4413 threadName="vcpu-10"] CPU reset: hard (mode Emulation)
2026-09-25T19:20:50.151Z -INFO vmware-vmx.exe 13448 [ws@4413 threadName="vcpu-11"] VTHREAD 9776 "vcpu-11"
2026-09-25T19:20:50.153Z -INFO vmware-vmx.exe 13448 [ws@4413 threadName="vcpu-11"] CPU reset: hard (mode Emulation)
2026-09-25T19:20:50.156Z -INFO vmware-vmx.exe 13448 [ws@4413 threadName="svga"] MKSThread: SVGA thread is entering the main loop
2026-09-25T19:20:50.156Z -INFO vmware-vmx.exe 13448 [ws@4413 threadName="vcpu-0"] GuestRpc: Successfully created RPCI listening socket.
2026-09-25T19:20:50.156Z -INFO vmware-vmx.exe 13448 [ws@4413 threadName="vcpu-0"] GuestRpc: Using vsocket for TCLO messaging is disabled.
2026-09-25T19:20:50.156Z -INFO vmware-vmx.exe 13448 [ws@4413 threadName="vcpu-0"] USB: DevID(200000040e0f0003): Connecting device desc:name:VMware\ Virtual\ USB\ Mouse vid:0e0f pid:0003 speed:full family:hid deviceType:virtual-hid info:0000004 version:5.
2026-09-25T19:20:50.156Z -NOTICE vmware-vmx.exe 13448 [ws@4413 threadName="vcpu-0"] ConfigDB: Setting usb:0.present = "TRUE"
2026-09-25T19:20:50.156Z -NOTICE vmware-vmx.exe 13448 [ws@4413 threadName="vcpu-0"] ConfigDB: Setting usb:0.deviceType = "hid"
2026-09-25T19:20:50.156Z -NOTICE vmware-vmx.exe 13448 [ws@4413 threadName="vcpu-0"] ConfigDB: Setting usb:0.port = "0"
2026-09-25T19:20:50.156Z -NOTICE vmware-vmx.exe 13448 [ws@4413 threadName="vcpu-0"] ConfigDB: Setting usb:0.parent = "-1"
2026-09-25T19:20:50.167Z -INFO vmware-vmx.exe 13448 [ws@4413 threadName="vcpu-0"] USB: DevID(10e0f0002): Connecting device desc:name:New\ Full-Speed\ Virtual\ Hub vid:0e0f pid:0002 speed:full family:hub deviceType:virtual-hub info:0000001 version:5.
2026-09-25T19:20:50.167Z -NOTICE vmware-vmx.exe 13448 [ws@4413 threadName="vcpu-0"] ConfigDB: Setting usb:1.speed = "2"
2026-09-25T19:20:50.167Z -NOTICE vmware-vmx.exe 13448 [ws@4413 threadName="vcpu-0"] ConfigDB: Setting usb:1.present = "TRUE"
2026-09-25T19:20:50.167Z -NOTICE vmware-vmx.exe 13448 [ws@4413 threadName="vcpu-0"] ConfigDB: Setting usb:1.deviceType = "hub"
2026-09-25T19:20:50.167Z -NOTICE vmware-vmx.exe 13448 [ws@4413 threadName="vcpu-0"] ConfigDB: Setting usb:1.port = "1"
2026-09-25T19:20:50.167Z -NOTICE vmware-vmx.exe 13448 [ws@4413 threadName="vcpu-0"] ConfigDB: Setting usb:1.parent = "-1"
2026-09-25T19:20:50.179Z -INFO vmware-vmx.exe 13448 [ws@4413 threadName="vcpu-0"] memoryHotplug: Node 0: Present: 3567 MB (100 %) Size:57087 MB (100 %)
2026-09-25T19:20:50.179Z -INFO vmware-vmx.exe 13448 [ws@4413 threadName="vcpu-0"] PIIX4: PM Resuming from suspend type 0x0, chipset.onlineStandby 0
2026-09-25T19:20:50.803Z -INFO vmware-vmx.exe 13448 [ws@4413 threadName="vcpu-0"] SOUND 660.264645 ES1371Win32GetMixerCtl mixerGetLineInfo error 1024
2026-09-25T19:20:50.803Z -INFO vmware-vmx.exe 13448 [ws@4413 threadName="vcpu-0"] VNET: 'ethernet0' enable link state propagation, lsp.state = 5
2026-09-25T19:20:50.804Z -INFO vmware-vmx.exe 13448 [ws@4413 threadName="vcpu-0"] VNET: MACVNetConnectToNetwork 'ethernet0' lsp.state = 4
2026-09-25T19:20:50.804Z -INFO vmware-vmx.exe 13448 [ws@4413 threadName="vcpu-0"] VNET: MACVNetConnectToNetwork 'Ethernet0' notify available.
2026-09-25T19:20:50.805Z -INFO vmware-vmx.exe 13448 [ws@4413 threadName="vcpu-0"] FLOPPYLIB-IMAGE: Floppy geometry 80/2/18 detected from boot sector.
2026-09-25T19:20:50.805Z -INFO vmware-vmx.exe 13448 [ws@4413 threadName="vcpu-0"] CDROM: Connecting sata0:1 to 'C:\ubuntu-24.04.4-desktop-amd64.iso'. type=2 remote=0
2026-09-25T19:20:50.806Z -INFO vmware-vmx.exe 13448 [ws@4413 threadName="vcpu-0"] DMG_Open: Not an unencrypted .dmg file (footer signature 0x45464920).
2026-09-25T19:20:50.807Z -INFO vmware-vmx.exe 13448 [ws@4413 threadName="vcpu-0"] DMG_Close: max cached entries 8
2026-09-25T19:20:50.807Z -INFO vmware-vmx.exe 13448 [ws@4413 threadName="vcpu-0"] CDROM: Checking initial physical media state...
2026-09-25T19:20:50.807Z -INFO vmware-vmx.exe 13448 [ws@4413 threadName="vcpu-0"] CDROM:  initial physical CDROM state is 1 (sense)
2026-09-25T19:20:50.808Z -INFO vmware-vmx.exe 13448 [ws@4413 threadName="vcpu-0"] CDROM: Connecting sata0:0 to 'autoinst.iso'. type=2 remote=0
2026-09-25T19:20:50.808Z -INFO vmware-vmx.exe 13448 [ws@4413 threadName="vcpu-0"] DMG_Open: Not an unencrypted .dmg file (footer signature 0x00000000).
2026-09-25T19:20:50.808Z -INFO vmware-vmx.exe 13448 [ws@4413 threadName="vcpu-0"] DMG_Close: max cached entries 8
2026-09-25T19:20:50.808Z -INFO vmware-vmx.exe 13448 [ws@4413 threadName="vcpu-0"] CDROM: Checking initial physical media state...
2026-09-25T19:20:50.808Z -INFO vmware-vmx.exe 13448 [ws@4413 threadName="vcpu-0"] CDROM:  initial physical CDROM state is 1 (sense)
2026-09-25T19:20:50.809Z -INFO vmware-vmx.exe 13448 [ws@4413 threadName="vcpu-0"] HGFSPublish: publishing 0 shares
2026-09-25T19:20:50.812Z -INFO vmware-vmx.exe 13448 [ws@4413 threadName="vcpu-0"] Win32U_GetFileAttributes: GetFileAttributesExW("C:\Users\Aleja\OneDrive\Documentos\Virtual Machines\m1\m1.vmpl", ...) failed, error: 2
2026-09-25T19:20:50.812Z -INFO vmware-vmx.exe 13448 [ws@4413 threadName="vcpu-0"] PolicyVMXFindPolicyKey: policy file does not exist.
2026-09-25T19:20:50.818Z -INFO vmware-vmx.exe 13448 [ws@4413 threadName="vcpu-0"] DEVSWAP: GuestOS does not require LSI adapter swap.
2026-09-25T19:20:50.819Z -NOTICE vmware-vmx.exe 13448 [ws@4413 threadName="vcpu-0"] Metrics lastUpdate (s): 24660
2026-09-25T19:20:50.819Z -INFO vmware-vmx.exe 13448 [ws@4413 threadName="vcpu-0"] Vix: [mainDispatch.c:4172]: VMAutomation_ReportPowerOpFinished: statevar=0, newAppState=1872, success=1 additionalError=0
2026-09-25T19:20:50.819Z -INFO vmware-vmx.exe 13448 [ws@4413 threadName="vcpu-0"] Vix: [mainDispatch.c:4089]: VMAutomationReportPowerStateChange: Reporting power state change (opcode=0, err=0).
2026-09-25T19:20:50.819Z -INFO vmware-vmx.exe 13448 [ws@4413 threadName="vcpu-0"] Vix: [mainDispatch.c:4089]: VMAutomationReportPowerStateChange: Reporting power state change (opcode=2, err=0).
2026-09-25T19:20:50.819Z -INFO vmware-vmx.exe 13448 [ws@4413 threadName="vcpu-0"] Transitioned vmx/execState/val to poweredOn
2026-09-25T19:20:50.819Z -INFO vmware-vmx.exe 13448 [ws@4413 threadName="vcpu-0"] Tools: Adding Tools inactivity timer.
2026-09-25T19:20:50.822Z -INFO vmware-vmx.exe 13448 [ws@4413 threadName="vmx"] USB: New set of 2 USB devices.
2026-09-25T19:20:50.822Z -INFO vmware-vmx.exe 13448 [ws@4413 threadName="vmx"] USB: Found device [name:Chicony\ Integrated\ Camera vid:04f2 pid:b6c2 path:1/1/6 speed:high family:video instanceId:USB\\VID_04F2&PID_B6C2\\0001 serialnum:0001 arbRuntimeKey:1 version:5]
2026-09-25T19:20:50.822Z -INFO vmware-vmx.exe 13448 [ws@4413 threadName="vmx"] USB: Found device [name:Intel(R)\ Wireless\ Bluetooth(R) vid:8087 pid:0026 path:1/1/9 speed:full family:wireless,bluetooth instanceId:USB\\VID_8087&PID_0026\\5&3B3FE15C&0&10 arbRuntimeKey:3 version:5]
2026-09-25T19:20:50.825Z -NOTICE vmware-vmx.exe 13448 [ws@4413 threadName="vmx"] ConfigDB: Setting floppy0.clientDevice = "FALSE"
2026-09-25T19:20:50.830Z -INFO vmware-vmx.exe 13448 [ws@4413 threadName="vmx"] VNET: MACVNetLinkStateEventHandler: event, up:1, adapter:0
2026-09-25T19:20:50.830Z -INFO vmware-vmx.exe 13448 [ws@4413 threadName="vmx"] VNET: MACVNetLinkStateEventHandler: 'ethernet0' state from 4 to 6.
2026-09-25T19:20:50.830Z -INFO vmware-vmx.exe 13448 [ws@4413 threadName="svga"] MKS: Renderer adapter luid = 0x1177B
2026-09-25T19:20:50.880Z -INFO vmware-vmx.exe 13448 [ws@4413 threadName="vmx"] USB: New set of 2 USB devices.
2026-09-25T19:20:50.880Z -INFO vmware-vmx.exe 13448 [ws@4413 threadName="vmx"] USB: Found device [name:Chicony\ Integrated\ Camera vid:04f2 pid:b6c2 path:1/1/6 speed:high family:video instanceId:USB\\VID_04F2&PID_B6C2\\0001 serialnum:0001 arbRuntimeKey:1 version:5]
2026-09-25T19:20:50.880Z -INFO vmware-vmx.exe 13448 [ws@4413 threadName="vmx"] USB: Found device [name:Intel(R)\ Wireless\ Bluetooth(R) vid:8087 pid:0026 path:1/1/9 speed:full family:wireless,bluetooth instanceId:USB\\VID_8087&PID_0026\\5&3B3FE15C&0&10 arbRuntimeKey:3 version:5]
2026-09-25T19:20:50.906Z -INFO vmware-vmx.exe 13448 [ws@4413 threadName="vcpu-0"] Syncing WHP TSCs took 239 us. Threshold is 1000 us.
2026-09-25T19:20:50.971Z -INFO vmware-vmx.exe 13448 [ws@4413 threadName="vmx"] VNET: MACVNetLinkStateTimerHandler: 'ethernet0' state from 6 to 1.
2026-09-25T19:20:50.985Z -INFO vmware-vmx.exe 13448 [ws@4413 threadName="mks"] MKSControlMgr: Control socket connected
2026-09-25T19:20:50.985Z -INFO vmware-vmx.exe 13448 [ws@4413 threadName="mks"] MKSControl: Connect
2026-09-25T19:20:50.992Z -INFO vmware-vmx.exe 13448 [ws@4413 threadName="svga"] SWBScreen: Screen 0 Defined: xywh(0, 0, 640, 480) flags=0x3
2026-09-25T19:20:51.010Z -INFO vmware-vmx.exe 13448 [ws@4413 threadName="mks"] MKS-VMDB: VMDB requested a screenshot
2026-09-25T19:20:51.021Z -INFO vmware-vmx.exe 13448 [ws@4413 threadName="svga"] MKSScreenShotMgr: Taking a screenshot
2026-09-25T19:20:51.114Z -INFO vmware-vmx.exe 13448 [ws@4413 threadName="mks"] SWBWindow: Number of MKSWindows changed: 1 rendering MKSWindow(s) of total 1.
2026-09-25T19:20:51.114Z -INFO vmware-vmx.exe 13448 [ws@4413 threadName="mks"] SWBWindow: Window 0 Defined CREATED: src screenId=-1, src xywh(0, 0, 640, 480) dest xywh(0, 0, 640, 480) pixelScale=1, flags=0x ALLOW_MKS_GRAB IS_RENDERING
2026-09-25T19:20:51.114Z -INFO vmware-vmx.exe 13448 [ws@4413 threadName="mks"] MKS-HWinMux: Backend Switch Queued
2026-09-25T19:20:51.114Z -INFO vmware-vmx.exe 13448 [ws@4413 threadName="mks"] SWBWindow: Number of MKSWindows changed: 1 rendering MKSWindow(s) of total 2.
2026-09-25T19:20:51.114Z -INFO vmware-vmx.exe 13448 [ws@4413 threadName="mks"] SWBWindow: Window 1 Defined CREATED: src screenId=-1, src xywh(0, 0, 640, 480) dest xywh(0, 0, 640, 480) pixelScale=1, flags=0x LIMIT_REFRESH_RATE
2026-09-25T19:20:51.114Z -INFO vmware-vmx.exe 13448 [ws@4413 threadName="mks"] MKS-HWinMux: Backend Switch Queued
2026-09-25T19:20:51.325Z -INFO vmware-vmx.exe 13448 [ws@4413 threadName="mks"] Vulkan Renderer: Available Vulkan devices:
2026-09-25T19:20:51.325Z -INFO vmware-vmx.exe 13448 [ws@4413 threadName="mks"] Vulkan Renderer: Vulkan Device 0:
2026-09-25T19:20:51.325Z -INFO vmware-vmx.exe 13448 [ws@4413 threadName="mks"] Vulkan Renderer:   Vendor: 'NVIDIA'
2026-09-25T19:20:51.325Z -INFO vmware-vmx.exe 13448 [ws@4413 threadName="mks"] Vulkan Renderer:   ID: 0x25a2
2026-09-25T19:20:51.325Z -INFO vmware-vmx.exe 13448 [ws@4413 threadName="mks"] Vulkan Renderer:   Type: 0x2
2026-09-25T19:20:51.325Z -INFO vmware-vmx.exe 13448 [ws@4413 threadName="mks"] Vulkan Renderer:   Name: 'NVIDIA GeForce RTX 3050 Laptop GPU'
2026-09-25T19:20:51.325Z -INFO vmware-vmx.exe 13448 [ws@4413 threadName="mks"] Vulkan Renderer:   GPU chip: Ampere (Ampere)
2026-09-25T19:20:51.325Z -INFO vmware-vmx.exe 13448 [ws@4413 threadName="mks"] Vulkan Renderer:   GPU type: Discrete
2026-09-25T19:20:51.325Z -INFO vmware-vmx.exe 13448 [ws@4413 threadName="mks"] Vulkan Renderer:   Driver Name: 'NVIDIA'
2026-09-25T19:20:51.325Z -INFO vmware-vmx.exe 13448 [ws@4413 threadName="mks"] Vulkan Renderer:   Driver Version: 0x8d890000
2026-09-25T19:20:51.325Z -INFO vmware-vmx.exe 13448 [ws@4413 threadName="mks"] Vulkan Renderer:   Driver ID: 0x4
2026-09-25T19:20:51.325Z -INFO vmware-vmx.exe 13448 [ws@4413 threadName="mks"] Vulkan Renderer:   Driver Info: '566.36'
2026-09-25T19:20:51.325Z -INFO vmware-vmx.exe 13448 [ws@4413 threadName="mks"] Vulkan Renderer:   API Version: 1.3.289
2026-09-25T19:20:51.325Z -INFO vmware-vmx.exe 13448 [ws@4413 threadName="mks"] Vulkan Renderer:   Device supported: yes
2026-09-25T19:20:51.326Z -INFO vmware-vmx.exe 13448 [ws@4413 threadName="mks"] Vulkan Renderer:   Presentation support: false
2026-09-25T19:20:51.326Z -INFO vmware-vmx.exe 13448 [ws@4413 threadName="mks"] Vulkan Renderer: Vulkan Device 1:
2026-09-25T19:20:51.326Z -INFO vmware-vmx.exe 13448 [ws@4413 threadName="mks"] Vulkan Renderer:   Vendor= 'Intel'
2026-09-25T19:20:51.326Z -INFO vmware-vmx.exe 13448 [ws@4413 threadName="mks"] Vulkan Renderer:   ID= 0x46a3
2026-09-25T19:20:51.326Z -INFO vmware-vmx.exe 13448 [ws@4413 threadName="mks"] Vulkan Renderer:   Type= 0x1
2026-09-25T19:20:51.326Z -INFO vmware-vmx.exe 13448 [ws@4413 threadName="mks"] Vulkan Renderer:   Name= 'Intel(R) UHD Graphics'
2026-09-25T19:20:51.326Z -INFO vmware-vmx.exe 13448 [ws@4413 threadName="mks"] Vulkan Renderer:   GPU chip= Alder Lake (Gen12.2)
2026-09-25T19:20:51.326Z -INFO vmware-vmx.exe 13448 [ws@4413 threadName="mks"] Vulkan Renderer:   GPU type= Integrated
2026-09-25T19:20:51.326Z -INFO vmware-vmx.exe 13448 [ws@4413 threadName="mks"] Vulkan Renderer:   Driver Name= 'Intel Corporation'
2026-09-25T19:20:51.326Z -INFO vmware-vmx.exe 13448 [ws@4413 threadName="mks"] Vulkan Renderer:   Driver Version= 0x19509f
2026-09-25T19:20:51.326Z -INFO vmware-vmx.exe 13448 [ws@4413 threadName="mks"] Vulkan Renderer:   Driver ID= 0x5
2026-09-25T19:20:51.326Z -INFO vmware-vmx.exe 13448 [ws@4413 threadName="mks"] Vulkan Renderer:   Driver Info= 'Intel driver'
2026-09-25T19:20:51.326Z -INFO vmware-vmx.exe 13448 [ws@4413 threadName="mks"] Vulkan Renderer:   API Version= 1.3.240
2026-09-25T19:20:51.326Z -INFO vmware-vmx.exe 13448 [ws@4413 threadName="mks"] Vulkan Renderer:   Device supported= yes
2026-09-25T19:20:51.326Z -INFO vmware-vmx.exe 13448 [ws@4413 threadName="mks"] Vulkan Renderer:   Presentation support= false
2026-09-25T19:20:51.326Z -INFO vmware-vmx.exe 13448 [ws@4413 threadName="mks"] Vulkan Renderer: Using device 0 of 2
2026-09-25T19:20:51.390Z -INFO vmware-vmx.exe 13448 [ws@4413 threadName="vcpu-0"] SVGA: Registering MemSpace at 0xe8000000(0) and 0xfe000000(0)
2026-09-25T19:20:51.390Z -INFO vmware-vmx.exe 13448 [ws@4413 threadName="vcpu-0"] SVGA: FIFO is already mapped
2026-09-25T19:20:51.400Z -INFO vmware-vmx.exe 13448 [ws@4413 threadName="vcpu-0"] SVGA: Unregistering MemSpace at 0xe8000000(0xe8000000) and 0xfe000000(0xfe000000)
2026-09-25T19:20:51.401Z -INFO vmware-vmx.exe 13448 [ws@4413 threadName="vcpu-0"] SVGA: FIFO is already mapped
2026-09-25T19:20:51.403Z -INFO vmware-vmx.exe 13448 [ws@4413 threadName="mks"] Vulkan Renderer: Using external handle 0x40 externalMemoryFeatures = 0x5, compatibleHandleTypes = 0x40
2026-09-25T19:20:51.403Z -INFO vmware-vmx.exe 13448 [ws@4413 threadName="mks"] Vulkan Renderer: Using external handle 0x2 externalMemoryFeatures = 0x6, compatibleHandleTypes = 0x2
2026-09-25T19:20:51.404Z -INFO vmware-vmx.exe 13448 [ws@4413 threadName="mks"] Vulkan Renderer: maxVerticesPerDraw: 180000000
2026-09-25T19:20:51.404Z -INFO vmware-vmx.exe 13448 [ws@4413 threadName="mks"] Vulkan Renderer: Maximum descriptors: 16384, Maximum Descriptor sets: 4000 
2026-09-25T19:20:51.416Z -INFO vmware-vmx.exe 13448 [ws@4413 threadName="mks"] Vulkan Renderer: Created with LUID: 0x000000000001177b
2026-09-25T19:20:51.416Z -INFO vmware-vmx.exe 13448 [ws@4413 threadName="mks"] MKS: Renderer adapter luid = 0x1177B
2026-09-25T19:20:51.416Z -INFO vmware-vmx.exe 13448 [ws@4413 threadName="mks"] Vulkan Renderer: Using Vulkan presentation
2026-09-25T19:20:51.640Z -INFO vmware-vmx.exe 13448 [ws@4413 threadName="mks"] MKS-HWinMux: Started VK presentation backend.
2026-09-25T19:20:51.644Z -INFO vmware-vmx.exe 13448 [ws@4413 threadName="svga"] Vulkan Renderer: Supported presentation image usage flags: 0x9f
2026-09-25T19:20:51.645Z -INFO vmware-vmx.exe 13448 [ws@4413 threadName="svga"] Vulkan Renderer: Presentation composite alpha flags = 0x1
2026-09-25T19:20:51.645Z -INFO vmware-vmx.exe 13448 [ws@4413 threadName="svga"] Vulkan Renderer: Supported swapchain length: 2..8
2026-09-25T19:20:51.698Z -INFO vmware-vmx.exe 13448 [ws@4413 threadName="vcpu-0"] SVGA: Registering MemSpace at 0xe8000000(0xe8000000) and 0xfe000000(0xfe000000)
2026-09-25T19:20:51.698Z -INFO vmware-vmx.exe 13448 [ws@4413 threadName="vcpu-0"] SVGA: FIFO is already mapped
2026-09-25T19:20:51.708Z -INFO vmware-vmx.exe 13448 [ws@4413 threadName="vcpu-0"] SVGA: Unregistering MemSpace at 0xe8000000(0xe8000000) and 0xfe000000(0xfe000000)
2026-09-25T19:20:51.708Z -INFO vmware-vmx.exe 13448 [ws@4413 threadName="vcpu-0"] SVGA: FIFO is already mapped
2026-09-25T19:20:51.711Z -INFO vmware-vmx.exe 13448 [ws@4413 threadName="vcpu-0"] SVGA: Registering IOSpace at 0x1070
2026-09-25T19:20:51.711Z -INFO vmware-vmx.exe 13448 [ws@4413 threadName="vcpu-0"] SVGA: Registering MemSpace at 0xe8000000(0xe8000000) and 0xfe000000(0xfe000000)
2026-09-25T19:20:51.711Z -INFO vmware-vmx.exe 13448 [ws@4413 threadName="vcpu-0"] SVGA: FIFO is already mapped
2026-09-25T19:20:51.807Z -INFO vmware-vmx.exe 13448 [ws@4413 threadName="vcpu-1"] CPU reset: soft (mode Emulation)
2026-09-25T19:20:51.813Z -INFO vmware-vmx.exe 13448 [ws@4413 threadName="vcpu-2"] CPU reset: soft (mode Emulation)
2026-09-25T19:20:51.817Z -INFO vmware-vmx.exe 13448 [ws@4413 threadName="vcpu-3"] CPU reset: soft (mode Emulation)
2026-09-25T19:20:51.821Z -INFO vmware-vmx.exe 13448 [ws@4413 threadName="vcpu-4"] CPU reset: soft (mode Emulation)
2026-09-25T19:20:51.825Z -INFO vmware-vmx.exe 13448 [ws@4413 threadName="vcpu-5"] CPU reset: soft (mode Emulation)
2026-09-25T19:20:51.830Z -INFO vmware-vmx.exe 13448 [ws@4413 threadName="vcpu-6"] CPU reset: soft (mode Emulation)
2026-09-25T19:20:51.836Z -INFO vmware-vmx.exe 13448 [ws@4413 threadName="vcpu-7"] CPU reset: soft (mode Emulation)
2026-09-25T19:20:51.851Z -INFO vmware-vmx.exe 13448 [ws@4413 threadName="vcpu-8"] CPU reset: soft (mode Emulation)
2026-09-25T19:20:51.857Z -INFO vmware-vmx.exe 13448 [ws@4413 threadName="vcpu-9"] CPU reset: soft (mode Emulation)
2026-09-25T19:20:51.863Z -INFO vmware-vmx.exe 13448 [ws@4413 threadName="vcpu-10"] CPU reset: soft (mode Emulation)
2026-09-25T19:20:51.867Z -INFO vmware-vmx.exe 13448 [ws@4413 threadName="vcpu-11"] CPU reset: soft (mode Emulation)
2026-09-25T19:20:51.899Z -INFO vmware-vmx.exe 13448 [ws@4413 threadName="vcpu-0"] SVGA: FIFO is already mapped
2026-09-25T19:20:52.001Z -INFO vmware-vmx.exe 13448 [ws@4413 threadName="svga"] Vulkan Renderer: Using 2-image Vk swapchain
2026-09-25T19:20:52.065Z -INFO vmware-vmx.exe 13448 [ws@4413 threadName="vcpu-0"] SVGA: FIFO is already mapped
2026-09-25T19:20:52.337Z -INFO vmware-vmx.exe 13448 [ws@4413 threadName="vcpu-0"] AHCI: Tried to enable/disable IO space.
2026-09-25T19:20:52.419Z -INFO vmware-vmx.exe 13448 [ws@4413 threadName="vcpu-0"] DISKUTIL: scsi0:0 : geometry=5221/255/63
2026-09-25T19:20:52.419Z -INFO vmware-vmx.exe 13448 [ws@4413 threadName="vcpu-0"] DISKUTIL: scsi0:0 : capacity=83886080 logical sector size=512
2026-09-25T19:20:52.970Z -INFO vmware-vmx.exe 13448 [ws@4413 threadName="vcpu-0"] AHCI: Tried to enable/disable IO space.
2026-09-25T19:20:52.971Z -INFO vmware-vmx.exe 13448 [ws@4413 threadName="vcpu-0"] AHCI-VMM:HBA reset issued on sata0.
2026-09-25T19:20:54.185Z -INFO vmware-vmx.exe 13448 [ws@4413 threadName="vcpu-1"] CPU reset: soft (mode Emulation)
2026-09-25T19:20:54.186Z -INFO vmware-vmx.exe 13448 [ws@4413 threadName="vcpu-2"] CPU reset: soft (mode Emulation)
2026-09-25T19:20:54.187Z -INFO vmware-vmx.exe 13448 [ws@4413 threadName="vcpu-3"] CPU reset: soft (mode Emulation)
2026-09-25T19:20:54.188Z -INFO vmware-vmx.exe 13448 [ws@4413 threadName="vcpu-4"] CPU reset: soft (mode Emulation)
2026-09-25T19:20:54.189Z -INFO vmware-vmx.exe 13448 [ws@4413 threadName="vcpu-5"] CPU reset: soft (mode Emulation)
2026-09-25T19:20:54.191Z -INFO vmware-vmx.exe 13448 [ws@4413 threadName="vcpu-6"] CPU reset: soft (mode Emulation)
2026-09-25T19:20:54.192Z -INFO vmware-vmx.exe 13448 [ws@4413 threadName="vcpu-7"] CPU reset: soft (mode Emulation)
2026-09-25T19:20:54.193Z -INFO vmware-vmx.exe 13448 [ws@4413 threadName="vcpu-8"] CPU reset: soft (mode Emulation)
2026-09-25T19:20:54.194Z -INFO vmware-vmx.exe 13448 [ws@4413 threadName="vcpu-9"] CPU reset: soft (mode Emulation)
2026-09-25T19:20:54.195Z -INFO vmware-vmx.exe 13448 [ws@4413 threadName="vcpu-10"] CPU reset: soft (mode Emulation)
2026-09-25T19:20:54.197Z -INFO vmware-vmx.exe 13448 [ws@4413 threadName="vcpu-11"] CPU reset: soft (mode Emulation)
2026-09-25T19:20:55.164Z -INFO vmware-vmx.exe 13448 [ws@4413 threadName="vcpu-0"] BIOS-UUID is 56 4d 88 2a 49 0e 21 bf-7a 80 62 7e d2 4c 8b d8
2026-09-25T19:20:55.402Z -INFO vmware-vmx.exe 13448 [ws@4413 threadName="svga"] SWBScreen: Screen 0 Resized: xywh(0, 0, 720, 400) flags=0x3
2026-09-25T19:20:56.997Z -INFO vmware-vmx.exe 13448 [ws@4413 threadName="vmx"] VNET: MACVNetLinkStateTimerHandler: 'ethernet0' state from 1 to 5.
2026-09-25T19:20:59.660Z -INFO vmware-vmx.exe 13448 [ws@4413 threadName="vcpu-1"] CPU reset: soft (mode Emulation)
2026-09-25T19:20:59.661Z -INFO vmware-vmx.exe 13448 [ws@4413 threadName="vcpu-2"] CPU reset: soft (mode Emulation)
2026-09-25T19:20:59.663Z -INFO vmware-vmx.exe 13448 [ws@4413 threadName="vcpu-3"] CPU reset: soft (mode Emulation)
2026-09-25T19:20:59.673Z -INFO vmware-vmx.exe 13448 [ws@4413 threadName="vcpu-10"] CPU reset: soft (mode Emulation)
2026-09-25T19:20:59.674Z -INFO vmware-vmx.exe 13448 [ws@4413 threadName="vcpu-11"] CPU reset: soft (mode Emulation)
2026-09-25T19:20:59.675Z -INFO vmware-vmx.exe 13448 [ws@4413 threadName="vcpu-4"] CPU reset: soft (mode Emulation)
2026-09-25T19:20:59.675Z -INFO vmware-vmx.exe 13448 [ws@4413 threadName="vcpu-9"] CPU reset: soft (mode Emulation)
2026-09-25T19:20:59.676Z -INFO vmware-vmx.exe 13448 [ws@4413 threadName="vcpu-8"] CPU reset: soft (mode Emulation)
2026-09-25T19:20:59.696Z -INFO vmware-vmx.exe 13448 [ws@4413 threadName="vcpu-7"] CPU reset: soft (mode Emulation)
2026-09-25T19:20:59.697Z -INFO vmware-vmx.exe 13448 [ws@4413 threadName="vcpu-6"] CPU reset: soft (mode Emulation)
2026-09-25T19:20:59.697Z -INFO vmware-vmx.exe 13448 [ws@4413 threadName="vcpu-5"] CPU reset: soft (mode Emulation)
2026-09-25T19:21:00.586Z -INFO vmware-vmx.exe 13448 [ws@4413 threadName="vcpu-0"] SVGA: Unregistering IOSpace at 0x1070
2026-09-25T19:21:00.586Z -INFO vmware-vmx.exe 13448 [ws@4413 threadName="vcpu-0"] SVGA: Unregistering MemSpace at 0xe8000000(0xe8000000) and 0xfe000000(0xfe000000)
2026-09-25T19:21:00.586Z -INFO vmware-vmx.exe 13448 [ws@4413 threadName="vcpu-0"] SVGA: FIFO is already mapped
2026-09-25T19:21:00.589Z -INFO vmware-vmx.exe 13448 [ws@4413 threadName="vcpu-0"] SVGA: Registering IOSpace at 0x1070
2026-09-25T19:21:00.589Z -INFO vmware-vmx.exe 13448 [ws@4413 threadName="vcpu-0"] SVGA: Registering MemSpace at 0xe8000000(0xe8000000) and 0xfe000000(0xfe000000)
2026-09-25T19:21:00.589Z -INFO vmware-vmx.exe 13448 [ws@4413 threadName="vcpu-0"] SVGA: FIFO is already mapped
2026-09-25T19:21:04.269Z -INFO vmware-vmx.exe 13448 [ws@4413 threadName="vcpu-1"] VMMouse: CMD Read ID
2026-09-25T19:21:04.285Z -INFO vmware-vmx.exe 13448 [ws@4413 threadName="vcpu-5"] AHCI-VMM:HBA reset issued on sata0.
2026-09-25T19:21:04.286Z -INFO vmware-vmx.exe 13448 [ws@4413 threadName="vcpu-5"] AHCI-VMM:Write to reserved or READ ONLY global register
2026-09-25T19:21:04.286Z -INFO vmware-vmx.exe 13448 [ws@4413 threadName="vcpu-5"] AHCI-VMM:Write to reserved or READ ONLY global register
2026-09-25T19:21:04.310Z -INFO vmware-vmx.exe 13448 [ws@4413 threadName="vcpu-5"] SCSI0: RESET BUS
2026-09-25T19:21:04.348Z -INFO vmware-vmx.exe 13448 [ws@4413 threadName="vcpu-11"] AHCI-VMM: sata0:0 Port COMRESET requested.
2026-09-25T19:21:04.348Z -INFO vmware-vmx.exe 13448 [ws@4413 threadName="vcpu-11"] AHCI-VMM: sata0:0: Moved to COMRESET state.
2026-09-25T19:21:04.348Z -INFO vmware-vmx.exe 13448 [ws@4413 threadName="vcpu-5"] AHCI-VMM: sata0:1 Port COMRESET requested.
2026-09-25T19:21:04.348Z -INFO vmware-vmx.exe 13448 [ws@4413 threadName="vcpu-5"] AHCI-VMM: sata0:1: Moved to COMRESET state.
2026-09-25T19:21:04.350Z -INFO vmware-vmx.exe 13448 [ws@4413 threadName="vcpu-10"] AHCI-VMM: sata0:2 Port COMRESET requested.
2026-09-25T19:21:04.350Z -INFO vmware-vmx.exe 13448 [ws@4413 threadName="vcpu-10"] AHCI-VMM: sata0:2: Write to PxSCTL.DET while no device present.
2026-09-25T19:21:04.350Z -INFO vmware-vmx.exe 13448 [ws@4413 threadName="vcpu-10"] AHCI-VMM: sata0:2: Moved to COMRESET state.
2026-09-25T19:21:04.350Z -INFO vmware-vmx.exe 13448 [ws@4413 threadName="vcpu-3"] AHCI-VMM: sata0:3 Port COMRESET requested.
2026-09-25T19:21:04.350Z -INFO vmware-vmx.exe 13448 [ws@4413 threadName="vcpu-3"] AHCI-VMM: sata0:3: Write to PxSCTL.DET while no device present.
2026-09-25T19:21:04.350Z -INFO vmware-vmx.exe 13448 [ws@4413 threadName="vcpu-3"] AHCI-VMM: sata0:3: Moved to COMRESET state.
2026-09-25T19:21:04.350Z -INFO vmware-vmx.exe 13448 [ws@4413 threadName="vcpu-11"] AHCI-VMM: sata0:0: Exiting COMRESET state.
2026-09-25T19:21:04.351Z -INFO vmware-vmx.exe 13448 [ws@4413 threadName="vcpu-8"] AHCI-VMM: sata0:4 Port COMRESET requested.
2026-09-25T19:21:04.351Z -INFO vmware-vmx.exe 13448 [ws@4413 threadName="vcpu-8"] AHCI-VMM: sata0:4: Write to PxSCTL.DET while no device present.
2026-09-25T19:21:04.351Z -INFO vmware-vmx.exe 13448 [ws@4413 threadName="vcpu-8"] AHCI-VMM: sata0:4: Moved to COMRESET state.
2026-09-25T19:21:04.351Z -INFO vmware-vmx.exe 13448 [ws@4413 threadName="vcpu-5"] AHCI-VMM: sata0:5 Port COMRESET requested.
2026-09-25T19:21:04.351Z -INFO vmware-vmx.exe 13448 [ws@4413 threadName="vcpu-5"] AHCI-VMM: sata0:5: Write to PxSCTL.DET while no device present.
2026-09-25T19:21:04.351Z -INFO vmware-vmx.exe 13448 [ws@4413 threadName="vcpu-5"] AHCI-VMM: sata0:5: Moved to COMRESET state.
2026-09-25T19:21:04.351Z -INFO vmware-vmx.exe 13448 [ws@4413 threadName="vcpu-11"] AHCI-VMM: sata0:2: Exiting COMRESET state.
2026-09-25T19:21:04.351Z -INFO vmware-vmx.exe 13448 [ws@4413 threadName="vcpu-4"] AHCI-VMM: sata0:7 Port COMRESET requested.
2026-09-25T19:21:04.351Z -INFO vmware-vmx.exe 13448 [ws@4413 threadName="vcpu-4"] AHCI-VMM: sata0:7: Write to PxSCTL.DET while no device present.
2026-09-25T19:21:04.351Z -INFO vmware-vmx.exe 13448 [ws@4413 threadName="vcpu-4"] AHCI-VMM: sata0:7: Moved to COMRESET state.
2026-09-25T19:21:04.351Z -INFO vmware-vmx.exe 13448 [ws@4413 threadName="vcpu-8"] AHCI-VMM: sata0:1: Exiting COMRESET state.
2026-09-25T19:21:04.353Z -INFO vmware-vmx.exe 13448 [ws@4413 threadName="vcpu-3"] AHCI-VMM: sata0:8 Port COMRESET requested.
2026-09-25T19:21:04.353Z -INFO vmware-vmx.exe 13448 [ws@4413 threadName="vcpu-3"] AHCI-VMM: sata0:8: Write to PxSCTL.DET while no device present.
2026-09-25T19:21:04.353Z -INFO vmware-vmx.exe 13448 [ws@4413 threadName="vcpu-3"] AHCI-VMM: sata0:8: Moved to COMRESET state.
2026-09-25T19:21:04.353Z -INFO vmware-vmx.exe 13448 [ws@4413 threadName="vcpu-4"] AHCI-VMM: sata0:9 Port COMRESET requested.
2026-09-25T19:21:04.353Z -INFO vmware-vmx.exe 13448 [ws@4413 threadName="vcpu-4"] AHCI-VMM: sata0:9: Write to PxSCTL.DET while no device present.
2026-09-25T19:21:04.353Z -INFO vmware-vmx.exe 13448 [ws@4413 threadName="vcpu-4"] AHCI-VMM: sata0:9: Moved to COMRESET state.
2026-09-25T19:21:04.353Z -INFO vmware-vmx.exe 13448 [ws@4413 threadName="vcpu-6"] AHCI-VMM: sata0:4: Exiting COMRESET state.
2026-09-25T19:21:04.353Z -INFO vmware-vmx.exe 13448 [ws@4413 threadName="vcpu-8"] AHCI-VMM: sata0:3: Exiting COMRESET state.
2026-09-25T19:21:04.353Z -INFO vmware-vmx.exe 13448 [ws@4413 threadName="vcpu-5"] AHCI-VMM: sata0:5: Exiting COMRESET state.
2026-09-25T19:21:04.353Z -INFO vmware-vmx.exe 13448 [ws@4413 threadName="vcpu-3"] AHCI-VMM: sata0:10 Port COMRESET requested.
2026-09-25T19:21:04.353Z -INFO vmware-vmx.exe 13448 [ws@4413 threadName="vcpu-3"] AHCI-VMM: sata0:10: Write to PxSCTL.DET while no device present.
2026-09-25T19:21:04.353Z -INFO vmware-vmx.exe 13448 [ws@4413 threadName="vcpu-3"] AHCI-VMM: sata0:10: Moved to COMRESET state.
2026-09-25T19:21:04.353Z -INFO vmware-vmx.exe 13448 [ws@4413 threadName="vcpu-6"] AHCI-VMM: sata0:6 Port COMRESET requested.
2026-09-25T19:21:04.353Z -INFO vmware-vmx.exe 13448 [ws@4413 threadName="vcpu-6"] AHCI-VMM: sata0:6: Write to PxSCTL.DET while no device present.
2026-09-25T19:21:04.353Z -INFO vmware-vmx.exe 13448 [ws@4413 threadName="vcpu-6"] AHCI-VMM: sata0:6: Moved to COMRESET state.
2026-09-25T19:21:04.354Z -INFO vmware-vmx.exe 13448 [ws@4413 threadName="vcpu-4"] AHCI-VMM: sata0:7: Exiting COMRESET state.
2026-09-25T19:21:04.354Z -INFO vmware-vmx.exe 13448 [ws@4413 threadName="vcpu-5"] AHCI-VMM: sata0:11 Port COMRESET requested.
2026-09-25T19:21:04.354Z -INFO vmware-vmx.exe 13448 [ws@4413 threadName="vcpu-5"] AHCI-VMM: sata0:11: Write to PxSCTL.DET while no device present.
2026-09-25T19:21:04.354Z -INFO vmware-vmx.exe 13448 [ws@4413 threadName="vcpu-5"] AHCI-VMM: sata0:11: Moved to COMRESET state.
2026-09-25T19:21:04.354Z -INFO vmware-vmx.exe 13448 [ws@4413 threadName="vcpu-3"] AHCI-VMM: sata0:8: Exiting COMRESET state.
2026-09-25T19:21:04.354Z -INFO vmware-vmx.exe 13448 [ws@4413 threadName="vcpu-4"] AHCI-VMM: sata0:9: Exiting COMRESET state.
2026-09-25T19:21:04.354Z -INFO vmware-vmx.exe 13448 [ws@4413 threadName="vcpu-5"] AHCI-VMM: sata0:12 Port COMRESET requested.
2026-09-25T19:21:04.354Z -INFO vmware-vmx.exe 13448 [ws@4413 threadName="vcpu-5"] AHCI-VMM: sata0:12: Write to PxSCTL.DET while no device present.
2026-09-25T19:21:04.354Z -INFO vmware-vmx.exe 13448 [ws@4413 threadName="vcpu-5"] AHCI-VMM: sata0:12: Moved to COMRESET state.
2026-09-25T19:21:04.354Z -INFO vmware-vmx.exe 13448 [ws@4413 threadName="vcpu-3"] AHCI-VMM: sata0:10: Exiting COMRESET state.
2026-09-25T19:21:04.354Z -INFO vmware-vmx.exe 13448 [ws@4413 threadName="vcpu-5"] AHCI-VMM: sata0:13 Port COMRESET requested.
2026-09-25T19:21:04.354Z -INFO vmware-vmx.exe 13448 [ws@4413 threadName="vcpu-5"] AHCI-VMM: sata0:13: Write to PxSCTL.DET while no device present.
2026-09-25T19:21:04.354Z -INFO vmware-vmx.exe 13448 [ws@4413 threadName="vcpu-5"] AHCI-VMM: sata0:13: Moved to COMRESET state.
2026-09-25T19:21:04.354Z -INFO vmware-vmx.exe 13448 [ws@4413 threadName="vcpu-6"] AHCI-VMM: sata0:6: Exiting COMRESET state.
2026-09-25T19:21:04.354Z -INFO vmware-vmx.exe 13448 [ws@4413 threadName="vcpu-5"] AHCI-VMM: sata0:14 Port COMRESET requested.
2026-09-25T19:21:04.354Z -INFO vmware-vmx.exe 13448 [ws@4413 threadName="vcpu-5"] AHCI-VMM: sata0:14: Write to PxSCTL.DET while no device present.
2026-09-25T19:21:04.354Z -INFO vmware-vmx.exe 13448 [ws@4413 threadName="vcpu-5"] AHCI-VMM: sata0:14: Moved to COMRESET state.
2026-09-25T19:21:04.356Z -INFO vmware-vmx.exe 13448 [ws@4413 threadName="vcpu-5"] AHCI-VMM: sata0:15 Port COMRESET requested.
2026-09-25T19:21:04.356Z -INFO vmware-vmx.exe 13448 [ws@4413 threadName="vcpu-5"] AHCI-VMM: sata0:15: Write to PxSCTL.DET while no device present.
2026-09-25T19:21:04.356Z -INFO vmware-vmx.exe 13448 [ws@4413 threadName="vcpu-5"] AHCI-VMM: sata0:15: Moved to COMRESET state.
2026-09-25T19:21:04.356Z -INFO vmware-vmx.exe 13448 [ws@4413 threadName="vcpu-3"] AHCI-VMM: sata0:11: Exiting COMRESET state.
2026-09-25T19:21:04.356Z -INFO vmware-vmx.exe 13448 [ws@4413 threadName="vcpu-5"] AHCI-VMM: sata0:12: Exiting COMRESET state.
2026-09-25T19:21:04.356Z -INFO vmware-vmx.exe 13448 [ws@4413 threadName="vcpu-5"] AHCI-VMM: sata0:16 Port COMRESET requested.
2026-09-25T19:21:04.356Z -INFO vmware-vmx.exe 13448 [ws@4413 threadName="vcpu-5"] AHCI-VMM: sata0:16: Write to PxSCTL.DET while no device present.
2026-09-25T19:21:04.356Z -INFO vmware-vmx.exe 13448 [ws@4413 threadName="vcpu-5"] AHCI-VMM: sata0:16: Moved to COMRESET state.
2026-09-25T19:21:04.356Z -INFO vmware-vmx.exe 13448 [ws@4413 threadName="vcpu-3"] AHCI-VMM: sata0:13: Exiting COMRESET state.
2026-09-25T19:21:04.356Z -INFO vmware-vmx.exe 13448 [ws@4413 threadName="vcpu-4"] AHCI-VMM: sata0:17 Port COMRESET requested.
2026-09-25T19:21:04.356Z -INFO vmware-vmx.exe 13448 [ws@4413 threadName="vcpu-4"] AHCI-VMM: sata0:17: Write to PxSCTL.DET while no device present.
2026-09-25T19:21:04.356Z -INFO vmware-vmx.exe 13448 [ws@4413 threadName="vcpu-4"] AHCI-VMM: sata0:17: Moved to COMRESET state.
2026-09-25T19:21:04.356Z -INFO vmware-vmx.exe 13448 [ws@4413 threadName="vcpu-5"] AHCI-VMM: sata0:14: Exiting COMRESET state.
2026-09-25T19:21:04.358Z -INFO vmware-vmx.exe 13448 [ws@4413 threadName="vcpu-3"] AHCI-VMM: sata0:18 Port COMRESET requested.
2026-09-25T19:21:04.358Z -INFO vmware-vmx.exe 13448 [ws@4413 threadName="vcpu-3"] AHCI-VMM: sata0:18: Write to PxSCTL.DET while no device present.
2026-09-25T19:21:04.358Z -INFO vmware-vmx.exe 13448 [ws@4413 threadName="vcpu-3"] AHCI-VMM: sata0:18: Moved to COMRESET state.
2026-09-25T19:21:04.358Z -INFO vmware-vmx.exe 13448 [ws@4413 threadName="vcpu-5"] AHCI-VMM: sata0:15: Exiting COMRESET state.
2026-09-25T19:21:04.358Z -INFO vmware-vmx.exe 13448 [ws@4413 threadName="vcpu-4"] AHCI-VMM: sata0:19 Port COMRESET requested.
2026-09-25T19:21:04.358Z -INFO vmware-vmx.exe 13448 [ws@4413 threadName="vcpu-4"] AHCI-VMM: sata0:19: Write to PxSCTL.DET while no device present.
2026-09-25T19:21:04.358Z -INFO vmware-vmx.exe 13448 [ws@4413 threadName="vcpu-4"] AHCI-VMM: sata0:19: Moved to COMRESET state.
2026-09-25T19:21:04.358Z -INFO vmware-vmx.exe 13448 [ws@4413 threadName="vcpu-5"] AHCI-VMM: sata0:16: Exiting COMRESET state.
2026-09-25T19:21:04.358Z -INFO vmware-vmx.exe 13448 [ws@4413 threadName="vcpu-4"] AHCI-VMM: sata0:20 Port COMRESET requested.
2026-09-25T19:21:04.358Z -INFO vmware-vmx.exe 13448 [ws@4413 threadName="vcpu-4"] AHCI-VMM: sata0:20: Write to PxSCTL.DET while no device present.
2026-09-25T19:21:04.358Z -INFO vmware-vmx.exe 13448 [ws@4413 threadName="vcpu-4"] AHCI-VMM: sata0:20: Moved to COMRESET state.
2026-09-25T19:21:04.358Z -INFO vmware-vmx.exe 13448 [ws@4413 threadName="vcpu-3"] AHCI-VMM: sata0:21 Port COMRESET requested.
2026-09-25T19:21:04.358Z -INFO vmware-vmx.exe 13448 [ws@4413 threadName="vcpu-3"] AHCI-VMM: sata0:21: Write to PxSCTL.DET while no device present.
2026-09-25T19:21:04.358Z -INFO vmware-vmx.exe 13448 [ws@4413 threadName="vcpu-3"] AHCI-VMM: sata0:21: Moved to COMRESET state.
2026-09-25T19:21:04.358Z -INFO vmware-vmx.exe 13448 [ws@4413 threadName="vcpu-4"] AHCI-VMM: sata0:17: Exiting COMRESET state.
2026-09-25T19:21:04.358Z -INFO vmware-vmx.exe 13448 [ws@4413 threadName="vcpu-3"] AHCI-VMM: sata0:18: Exiting COMRESET state.
2026-09-25T19:21:04.358Z -INFO vmware-vmx.exe 13448 [ws@4413 threadName="vcpu-5"] AHCI-VMM: sata0:22 Port COMRESET requested.
2026-09-25T19:21:04.358Z -INFO vmware-vmx.exe 13448 [ws@4413 threadName="vcpu-5"] AHCI-VMM: sata0:22: Write to PxSCTL.DET while no device present.
2026-09-25T19:21:04.358Z -INFO vmware-vmx.exe 13448 [ws@4413 threadName="vcpu-5"] AHCI-VMM: sata0:22: Moved to COMRESET state.
2026-09-25T19:21:04.359Z -INFO vmware-vmx.exe 13448 [ws@4413 threadName="vcpu-4"] AHCI-VMM: sata0:23 Port COMRESET requested.
2026-09-25T19:21:04.359Z -INFO vmware-vmx.exe 13448 [ws@4413 threadName="vcpu-4"] AHCI-VMM: sata0:23: Write to PxSCTL.DET while no device present.
2026-09-25T19:21:04.359Z -INFO vmware-vmx.exe 13448 [ws@4413 threadName="vcpu-4"] AHCI-VMM: sata0:23: Moved to COMRESET state.
2026-09-25T19:21:04.359Z -INFO vmware-vmx.exe 13448 [ws@4413 threadName="vcpu-5"] AHCI-VMM: sata0:19: Exiting COMRESET state.
2026-09-25T19:21:04.359Z -INFO vmware-vmx.exe 13448 [ws@4413 threadName="vcpu-4"] AHCI-VMM: sata0:20: Exiting COMRESET state.
2026-09-25T19:21:04.359Z -INFO vmware-vmx.exe 13448 [ws@4413 threadName="vcpu-6"] AHCI-VMM: sata0:24 Port COMRESET requested.
2026-09-25T19:21:04.359Z -INFO vmware-vmx.exe 13448 [ws@4413 threadName="vcpu-6"] AHCI-VMM: sata0:24: Write to PxSCTL.DET while no device present.
2026-09-25T19:21:04.359Z -INFO vmware-vmx.exe 13448 [ws@4413 threadName="vcpu-6"] AHCI-VMM: sata0:24: Moved to COMRESET state.
2026-09-25T19:21:04.359Z -INFO vmware-vmx.exe 13448 [ws@4413 threadName="vcpu-3"] AHCI-VMM: sata0:21: Exiting COMRESET state.
2026-09-25T19:21:04.359Z -INFO vmware-vmx.exe 13448 [ws@4413 threadName="vcpu-5"] AHCI-VMM: sata0:25 Port COMRESET requested.
2026-09-25T19:21:04.359Z -INFO vmware-vmx.exe 13448 [ws@4413 threadName="vcpu-5"] AHCI-VMM: sata0:25: Write to PxSCTL.DET while no device present.
2026-09-25T19:21:04.359Z -INFO vmware-vmx.exe 13448 [ws@4413 threadName="vcpu-5"] AHCI-VMM: sata0:25: Moved to COMRESET state.
2026-09-25T19:21:04.359Z -INFO vmware-vmx.exe 13448 [ws@4413 threadName="vcpu-4"] AHCI-VMM: sata0:26 Port COMRESET requested.
2026-09-25T19:21:04.359Z -INFO vmware-vmx.exe 13448 [ws@4413 threadName="vcpu-4"] AHCI-VMM: sata0:26: Write to PxSCTL.DET while no device present.
2026-09-25T19:21:04.359Z -INFO vmware-vmx.exe 13448 [ws@4413 threadName="vcpu-4"] AHCI-VMM: sata0:26: Moved to COMRESET state.
2026-09-25T19:21:04.359Z -INFO vmware-vmx.exe 13448 [ws@4413 threadName="vcpu-5"] AHCI-VMM: sata0:22: Exiting COMRESET state.
2026-09-25T19:21:04.359Z -INFO vmware-vmx.exe 13448 [ws@4413 threadName="vcpu-4"] AHCI-VMM: sata0:23: Exiting COMRESET state.
2026-09-25T19:21:04.361Z -INFO vmware-vmx.exe 13448 [ws@4413 threadName="vcpu-5"] AHCI-VMM: sata0:27 Port COMRESET requested.
2026-09-25T19:21:04.361Z -INFO vmware-vmx.exe 13448 [ws@4413 threadName="vcpu-5"] AHCI-VMM: sata0:27: Write to PxSCTL.DET while no device present.
2026-09-25T19:21:04.361Z -INFO vmware-vmx.exe 13448 [ws@4413 threadName="vcpu-5"] AHCI-VMM: sata0:27: Moved to COMRESET state.
2026-09-25T19:21:04.361Z -INFO vmware-vmx.exe 13448 [ws@4413 threadName="vcpu-6"] AHCI-VMM: sata0:24: Exiting COMRESET state.
2026-09-25T19:21:04.361Z -INFO vmware-vmx.exe 13448 [ws@4413 threadName="vcpu-4"] AHCI-VMM: sata0:28 Port COMRESET requested.
2026-09-25T19:21:04.361Z -INFO vmware-vmx.exe 13448 [ws@4413 threadName="vcpu-4"] AHCI-VMM: sata0:28: Write to PxSCTL.DET while no device present.
2026-09-25T19:21:04.361Z -INFO vmware-vmx.exe 13448 [ws@4413 threadName="vcpu-4"] AHCI-VMM: sata0:28: Moved to COMRESET state.
2026-09-25T19:21:04.361Z -INFO vmware-vmx.exe 13448 [ws@4413 threadName="vcpu-5"] AHCI-VMM: sata0:25: Exiting COMRESET state.
2026-09-25T19:21:04.361Z -INFO vmware-vmx.exe 13448 [ws@4413 threadName="vcpu-6"] AHCI-VMM: sata0:26: Exiting COMRESET state.
2026-09-25T19:21:04.362Z -INFO vmware-vmx.exe 13448 [ws@4413 threadName="vcpu-7"] AHCI-VMM: sata0:29 Port COMRESET requested.
2026-09-25T19:21:04.362Z -INFO vmware-vmx.exe 13448 [ws@4413 threadName="vcpu-7"] AHCI-VMM: sata0:29: Write to PxSCTL.DET while no device present.
2026-09-25T19:21:04.362Z -INFO vmware-vmx.exe 13448 [ws@4413 threadName="vcpu-7"] AHCI-VMM: sata0:29: Moved to COMRESET state.
2026-09-25T19:21:04.362Z -INFO vmware-vmx.exe 13448 [ws@4413 threadName="vcpu-5"] AHCI-VMM: sata0:27: Exiting COMRESET state.
2026-09-25T19:21:04.362Z -INFO vmware-vmx.exe 13448 [ws@4413 threadName="vcpu-4"] AHCI-VMM: sata0:28: Exiting COMRESET state.
2026-09-25T19:21:04.362Z -INFO vmware-vmx.exe 13448 [ws@4413 threadName="vcpu-7"] AHCI-VMM: sata0:29: Exiting COMRESET state.
2026-09-25T19:21:04.409Z -INFO vmware-vmx.exe 13448 [ws@4413 threadName="vcpu-3"] SCSI0: RESET BUS
2026-09-25T19:21:04.439Z -INFO vmware-vmx.exe 13448 [ws@4413 threadName="vcpu-4"] DISKUTIL: scsi0:0 : capacity=83886080 logical sector size=512
2026-09-25T19:21:04.439Z -INFO vmware-vmx.exe 13448 [ws@4413 threadName="vcpu-4"] SCSI DEVICE (scsi0:0): MODE SENSE(6) for unsupported page 0x8
2026-09-25T19:21:04.458Z -INFO vmware-vmx.exe 13448 [ws@4413 threadName="vcpu-4"] DISKUTIL: scsi0:0 : capacity=83886080 logical sector size=512
2026-09-25T19:21:04.458Z -INFO vmware-vmx.exe 13448 [ws@4413 threadName="vcpu-4"] SCSI DEVICE (scsi0:0): MODE SENSE(6) for unsupported page 0x8
2026-09-25T19:21:04.657Z -INFO vmware-vmx.exe 13448 [ws@4413 threadName="vcpu-7"] AHCI-VMM: sata0:3: Ignoring write (0x700) of reserved values to PxSCTL.IPM.
2026-09-25T19:21:04.657Z -INFO vmware-vmx.exe 13448 [ws@4413 threadName="vcpu-7"] AHCI-VMM: sata0:3: PxSCTL.DET already 0. Ignoring write 0.
2026-09-25T19:21:04.657Z -INFO vmware-vmx.exe 13448 [ws@4413 threadName="vcpu-11"] AHCI-VMM: sata0:2: Ignoring write (0x700) of reserved values to PxSCTL.IPM.
2026-09-25T19:21:04.657Z -INFO vmware-vmx.exe 13448 [ws@4413 threadName="vcpu-11"] AHCI-VMM: sata0:2: PxSCTL.DET already 0. Ignoring write 0.
2026-09-25T19:21:04.658Z -INFO vmware-vmx.exe 13448 [ws@4413 threadName="vcpu-5"] AHCI-VMM: sata0:5: Ignoring write (0x700) of reserved values to PxSCTL.IPM.
2026-09-25T19:21:04.658Z -INFO vmware-vmx.exe 13448 [ws@4413 threadName="vcpu-5"] AHCI-VMM: sata0:5: PxSCTL.DET already 0. Ignoring write 0.
2026-09-25T19:21:04.658Z -INFO vmware-vmx.exe 13448 [ws@4413 threadName="vcpu-8"] AHCI-VMM: sata0:4: Ignoring write (0x700) of reserved values to PxSCTL.IPM.
2026-09-25T19:21:04.658Z -INFO vmware-vmx.exe 13448 [ws@4413 threadName="vcpu-8"] AHCI-VMM: sata0:4: PxSCTL.DET already 0. Ignoring write 0.
2026-09-25T19:21:04.658Z -INFO vmware-vmx.exe 13448 [ws@4413 threadName="vcpu-6"] AHCI-VMM: sata0:1: Ignoring write (0x700) of reserved values to PxSCTL.IPM.
2026-09-25T19:21:04.658Z -INFO vmware-vmx.exe 13448 [ws@4413 threadName="vcpu-6"] AHCI-VMM: sata0:1: PxSCTL.DET already 0. Ignoring write 0.
2026-09-25T19:21:04.658Z -INFO vmware-vmx.exe 13448 [ws@4413 threadName="vcpu-9"] AHCI-VMM: sata0:0: Ignoring write (0x700) of reserved values to PxSCTL.IPM.
2026-09-25T19:21:04.658Z -INFO vmware-vmx.exe 13448 [ws@4413 threadName="vcpu-9"] AHCI-VMM: sata0:0: PxSCTL.DET already 0. Ignoring write 0.
2026-09-25T19:21:04.661Z -INFO vmware-vmx.exe 13448 [ws@4413 threadName="vcpu-4"] CDROM sata0:0: CMD 0x52 (*UNKNOWN (0x52)*) FAILED (key 0x5 asc 0x20 ascq 0)
2026-09-25T19:21:04.665Z -INFO vmware-vmx.exe 13448 [ws@4413 threadName="vcpu-4"] AHCI-VMM: sata0:13: Ignoring write (0x700) of reserved values to PxSCTL.IPM.
2026-09-25T19:21:04.665Z -INFO vmware-vmx.exe 13448 [ws@4413 threadName="vcpu-4"] AHCI-VMM: sata0:13: PxSCTL.DET already 0. Ignoring write 0.
2026-09-25T19:21:04.665Z -INFO vmware-vmx.exe 13448 [ws@4413 threadName="vcpu-5"] AHCI-VMM: sata0:18: Ignoring write (0x700) of reserved values to PxSCTL.IPM.
2026-09-25T19:21:04.665Z -INFO vmware-vmx.exe 13448 [ws@4413 threadName="vcpu-5"] AHCI-VMM: sata0:18: PxSCTL.DET already 0. Ignoring write 0.
2026-09-25T19:21:04.666Z -INFO vmware-vmx.exe 13448 [ws@4413 threadName="vcpu-4"] AHCI-VMM: sata0:16: Ignoring write (0x700) of reserved values to PxSCTL.IPM.
2026-09-25T19:21:04.666Z -INFO vmware-vmx.exe 13448 [ws@4413 threadName="vcpu-4"] AHCI-VMM: sata0:16: PxSCTL.DET already 0. Ignoring write 0.
2026-09-25T19:21:04.666Z -INFO vmware-vmx.exe 13448 [ws@4413 threadName="vcpu-4"] AHCI-VMM: sata0:12: Ignoring write (0x700) of reserved values to PxSCTL.IPM.
2026-09-25T19:21:04.666Z -INFO vmware-vmx.exe 13448 [ws@4413 threadName="vcpu-4"] AHCI-VMM: sata0:12: PxSCTL.DET already 0. Ignoring write 0.
2026-09-25T19:21:04.666Z -INFO vmware-vmx.exe 13448 [ws@4413 threadName="vcpu-4"] AHCI-VMM: sata0:21: Ignoring write (0x700) of reserved values to PxSCTL.IPM.
2026-09-25T19:21:04.666Z -INFO vmware-vmx.exe 13448 [ws@4413 threadName="vcpu-4"] AHCI-VMM: sata0:21: PxSCTL.DET already 0. Ignoring write 0.
2026-09-25T19:21:04.666Z -INFO vmware-vmx.exe 13448 [ws@4413 threadName="vcpu-5"] AHCI-VMM: sata0:11: Ignoring write (0x700) of reserved values to PxSCTL.IPM.
2026-09-25T19:21:04.666Z -INFO vmware-vmx.exe 13448 [ws@4413 threadName="vcpu-5"] AHCI-VMM: sata0:11: PxSCTL.DET already 0. Ignoring write 0.
2026-09-25T19:21:04.666Z -INFO vmware-vmx.exe 13448 [ws@4413 threadName="vcpu-3"] AHCI-VMM: sata0:14: Ignoring write (0x700) of reserved values to PxSCTL.IPM.
2026-09-25T19:21:04.666Z -INFO vmware-vmx.exe 13448 [ws@4413 threadName="vcpu-3"] AHCI-VMM: sata0:14: PxSCTL.DET already 0. Ignoring write 0.
2026-09-25T19:21:04.666Z -INFO vmware-vmx.exe 13448 [ws@4413 threadName="vcpu-5"] AHCI-VMM: sata0:15: Ignoring write (0x700) of reserved values to PxSCTL.IPM.
2026-09-25T19:21:04.666Z -INFO vmware-vmx.exe 13448 [ws@4413 threadName="vcpu-5"] AHCI-VMM: sata0:15: PxSCTL.DET already 0. Ignoring write 0.
2026-09-25T19:21:04.666Z -INFO vmware-vmx.exe 13448 [ws@4413 threadName="vcpu-3"] AHCI-VMM: sata0:10: Ignoring write (0x700) of reserved values to PxSCTL.IPM.
2026-09-25T19:21:04.666Z -INFO vmware-vmx.exe 13448 [ws@4413 threadName="vcpu-3"] AHCI-VMM: sata0:10: PxSCTL.DET already 0. Ignoring write 0.
2026-09-25T19:21:04.666Z -INFO vmware-vmx.exe 13448 [ws@4413 threadName="vcpu-5"] AHCI-VMM: sata0:7: Ignoring write (0x700) of reserved values to PxSCTL.IPM.
2026-09-25T19:21:04.666Z -INFO vmware-vmx.exe 13448 [ws@4413 threadName="vcpu-5"] AHCI-VMM: sata0:7: PxSCTL.DET already 0. Ignoring write 0.
2026-09-25T19:21:04.666Z -INFO vmware-vmx.exe 13448 [ws@4413 threadName="vcpu-3"] AHCI-VMM: sata0:20: Ignoring write (0x700) of reserved values to PxSCTL.IPM.
2026-09-25T19:21:04.666Z -INFO vmware-vmx.exe 13448 [ws@4413 threadName="vcpu-3"] AHCI-VMM: sata0:20: PxSCTL.DET already 0. Ignoring write 0.
2026-09-25T19:21:04.668Z -INFO vmware-vmx.exe 13448 [ws@4413 threadName="vcpu-5"] AHCI-VMM: sata0:22: Ignoring write (0x700) of reserved values to PxSCTL.IPM.
2026-09-25T19:21:04.668Z -INFO vmware-vmx.exe 13448 [ws@4413 threadName="vcpu-5"] AHCI-VMM: sata0:22: PxSCTL.DET already 0. Ignoring write 0.
2026-09-25T19:21:04.668Z -INFO vmware-vmx.exe 13448 [ws@4413 threadName="vcpu-3"] AHCI-VMM: sata0:19: Ignoring write (0x700) of reserved values to PxSCTL.IPM.
2026-09-25T19:21:04.668Z -INFO vmware-vmx.exe 13448 [ws@4413 threadName="vcpu-3"] AHCI-VMM: sata0:19: PxSCTL.DET already 0. Ignoring write 0.
2026-09-25T19:21:04.668Z -INFO vmware-vmx.exe 13448 [ws@4413 threadName="vcpu-7"] AHCI-VMM: sata0:23: Ignoring write (0x700) of reserved values to PxSCTL.IPM.
2026-09-25T19:21:04.668Z -INFO vmware-vmx.exe 13448 [ws@4413 threadName="vcpu-7"] AHCI-VMM: sata0:23: PxSCTL.DET already 0. Ignoring write 0.
2026-09-25T19:21:04.668Z -INFO vmware-vmx.exe 13448 [ws@4413 threadName="vcpu-6"] AHCI-VMM: sata0:6: Ignoring write (0x700) of reserved values to PxSCTL.IPM.
2026-09-25T19:21:04.668Z -INFO vmware-vmx.exe 13448 [ws@4413 threadName="vcpu-6"] AHCI-VMM: sata0:6: PxSCTL.DET already 0. Ignoring write 0.
2026-09-25T19:21:04.668Z -INFO vmware-vmx.exe 13448 [ws@4413 threadName="vcpu-8"] AHCI-VMM: sata0:9: Ignoring write (0x700) of reserved values to PxSCTL.IPM.
2026-09-25T19:21:04.668Z -INFO vmware-vmx.exe 13448 [ws@4413 threadName="vcpu-8"] AHCI-VMM: sata0:9: PxSCTL.DET already 0. Ignoring write 0.
2026-09-25T19:21:04.668Z -INFO vmware-vmx.exe 13448 [ws@4413 threadName="vcpu-7"] AHCI-VMM: sata0:17: Ignoring write (0x700) of reserved values to PxSCTL.IPM.
2026-09-25T19:21:04.668Z -INFO vmware-vmx.exe 13448 [ws@4413 threadName="vcpu-7"] AHCI-VMM: sata0:17: PxSCTL.DET already 0. Ignoring write 0.
2026-09-25T19:21:04.668Z -INFO vmware-vmx.exe 13448 [ws@4413 threadName="vcpu-4"] AHCI-VMM: sata0:8: Ignoring write (0x700) of reserved values to PxSCTL.IPM.
2026-09-25T19:21:04.668Z -INFO vmware-vmx.exe 13448 [ws@4413 threadName="vcpu-4"] AHCI-VMM: sata0:8: PxSCTL.DET already 0. Ignoring write 0.
2026-09-25T19:21:04.673Z -INFO vmware-vmx.exe 13448 [ws@4413 threadName="vcpu-6"] AHCI-VMM: sata0:26: Ignoring write (0x700) of reserved values to PxSCTL.IPM.
2026-09-25T19:21:04.673Z -INFO vmware-vmx.exe 13448 [ws@4413 threadName="vcpu-6"] AHCI-VMM: sata0:26: PxSCTL.DET already 0. Ignoring write 0.
2026-09-25T19:21:04.673Z -INFO vmware-vmx.exe 13448 [ws@4413 threadName="vcpu-3"] AHCI-VMM: sata0:25: Ignoring write (0x700) of reserved values to PxSCTL.IPM.
2026-09-25T19:21:04.674Z -INFO vmware-vmx.exe 13448 [ws@4413 threadName="vcpu-3"] AHCI-VMM: sata0:25: PxSCTL.DET already 0. Ignoring write 0.
2026-09-25T19:21:04.674Z -INFO vmware-vmx.exe 13448 [ws@4413 threadName="vcpu-7"] AHCI-VMM: sata0:27: Ignoring write (0x700) of reserved values to PxSCTL.IPM.
2026-09-25T19:21:04.674Z -INFO vmware-vmx.exe 13448 [ws@4413 threadName="vcpu-7"] AHCI-VMM: sata0:27: PxSCTL.DET already 0. Ignoring write 0.
2026-09-25T19:21:04.674Z -INFO vmware-vmx.exe 13448 [ws@4413 threadName="vcpu-8"] AHCI-VMM: sata0:29: Ignoring write (0x700) of reserved values to PxSCTL.IPM.
2026-09-25T19:21:04.674Z -INFO vmware-vmx.exe 13448 [ws@4413 threadName="vcpu-8"] AHCI-VMM: sata0:29: PxSCTL.DET already 0. Ignoring write 0.
2026-09-25T19:21:04.674Z -INFO vmware-vmx.exe 13448 [ws@4413 threadName="vcpu-7"] AHCI-VMM: sata0:24: Ignoring write (0x700) of reserved values to PxSCTL.IPM.
2026-09-25T19:21:04.674Z -INFO vmware-vmx.exe 13448 [ws@4413 threadName="vcpu-7"] AHCI-VMM: sata0:24: PxSCTL.DET already 0. Ignoring write 0.
2026-09-25T19:21:04.674Z -INFO vmware-vmx.exe 13448 [ws@4413 threadName="vcpu-3"] AHCI-VMM: sata0:28: Ignoring write (0x700) of reserved values to PxSCTL.IPM.
2026-09-25T19:21:04.674Z -INFO vmware-vmx.exe 13448 [ws@4413 threadName="vcpu-3"] AHCI-VMM: sata0:28: PxSCTL.DET already 0. Ignoring write 0.
2026-09-25T19:21:04.695Z -INFO vmware-vmx.exe 13448 [ws@4413 threadName="vcpu-8"] CDROM sata0:1: CMD 0x52 (*UNKNOWN (0x52)*) FAILED (key 0x5 asc 0x20 ascq 0)
2026-09-25T19:21:04.733Z -INFO vmware-vmx.exe 13448 [ws@4413 threadName="vcpu-1"] CDROM sata0:0: CMD 0x52 (*UNKNOWN (0x52)*) FAILED (key 0x5 asc 0x20 ascq 0)
2026-09-25T19:21:04.735Z -INFO vmware-vmx.exe 13448 [ws@4413 threadName="vcpu-8"] CDROM sata0:1: CMD 0x52 (*UNKNOWN (0x52)*) FAILED (key 0x5 asc 0x20 ascq 0)
2026-09-25T19:21:04.780Z -INFO vmware-vmx.exe 13448 [ws@4413 threadName="vcpu-5"] CDROM: Emulate GET CONFIGURATION RT 0 starting feature 0
2026-09-25T19:21:04.780Z -INFO vmware-vmx.exe 13448 [ws@4413 threadName="vcpu-9"] CDROM: Emulate GET CONFIGURATION RT 0 starting feature 0
2026-09-25T19:21:04.780Z -INFO vmware-vmx.exe 13448 [ws@4413 threadName="vcpu-5"] CDROM: Emulate GET CONFIGURATION RT 0 starting feature 0
2026-09-25T19:21:04.782Z -INFO vmware-vmx.exe 13448 [ws@4413 threadName="vcpu-9"] CDROM: Emulate GET CONFIGURATION RT 0 starting feature 0
2026-09-25T19:21:04.806Z -INFO vmware-vmx.exe 13448 [ws@4413 threadName="vcpu-3"] CDROM: Emulate GET CONFIGURATION RT 0 starting feature 0
2026-09-25T19:21:04.806Z -INFO vmware-vmx.exe 13448 [ws@4413 threadName="vcpu-10"] CDROM: Emulate GET CONFIGURATION RT 0 starting feature 0
2026-09-25T19:21:04.807Z -INFO vmware-vmx.exe 13448 [ws@4413 threadName="vcpu-3"] CDROM: Emulate GET CONFIGURATION RT 0 starting feature 0
2026-09-25T19:21:04.809Z -INFO vmware-vmx.exe 13448 [ws@4413 threadName="vcpu-10"] CDROM: Emulate GET CONFIGURATION RT 0 starting feature 0
2026-09-25T19:21:04.824Z -INFO vmware-vmx.exe 13448 [ws@4413 threadName="vcpu-0"] CDROM sata0:0: CMD 0x52 (*UNKNOWN (0x52)*) FAILED (key 0x5 asc 0x20 ascq 0)
2026-09-25T19:21:04.825Z -INFO vmware-vmx.exe 13448 [ws@4413 threadName="vcpu-8"] CDROM sata0:1: CMD 0x52 (*UNKNOWN (0x52)*) FAILED (key 0x5 asc 0x20 ascq 0)
2026-09-25T19:21:06.660Z -INFO vmware-vmx.exe 13448 [ws@4413 threadName="vcpu-2"] CDROM: Emulate GET CONFIGURATION RT 0 starting feature 0
2026-09-25T19:21:06.667Z -INFO vmware-vmx.exe 13448 [ws@4413 threadName="vcpu-6"] CDROM: Emulate GET CONFIGURATION RT 0 starting feature 0
2026-09-25T19:21:06.667Z -INFO vmware-vmx.exe 13448 [ws@4413 threadName="vcpu-6"] CDROM: Emulate GET CONFIGURATION RT 0 starting feature 0
2026-09-25T19:21:06.672Z -INFO vmware-vmx.exe 13448 [ws@4413 threadName="vcpu-6"] CDROM: Emulate GET CONFIGURATION RT 0 starting feature 0
2026-09-25T19:21:06.681Z -INFO vmware-vmx.exe 13448 [ws@4413 threadName="vcpu-4"] CDROM sata0:0: CMD 0x52 (*UNKNOWN (0x52)*) FAILED (key 0x5 asc 0x20 ascq 0)
2026-09-25T19:21:06.746Z -INFO vmware-vmx.exe 13448 [ws@4413 threadName="vcpu-7"] CDROM: Emulate GET CONFIGURATION RT 0 starting feature 0
2026-09-25T19:21:06.762Z -INFO vmware-vmx.exe 13448 [ws@4413 threadName="vcpu-0"] CDROM: Emulate GET CONFIGURATION RT 0 starting feature 0
2026-09-25T19:21:06.770Z -INFO vmware-vmx.exe 13448 [ws@4413 threadName="vcpu-10"] CDROM: Emulate GET CONFIGURATION RT 0 starting feature 0
2026-09-25T19:21:06.770Z -INFO vmware-vmx.exe 13448 [ws@4413 threadName="vcpu-10"] CDROM: Emulate GET CONFIGURATION RT 0 starting feature 0
2026-09-25T19:21:06.777Z -INFO vmware-vmx.exe 13448 [ws@4413 threadName="vcpu-7"] CDROM: Emulate GET CONFIGURATION RT 0 starting feature 0
2026-09-25T19:21:06.786Z -INFO vmware-vmx.exe 13448 [ws@4413 threadName="vcpu-11"] CDROM sata0:1: CMD 0x52 (*UNKNOWN (0x52)*) FAILED (key 0x5 asc 0x20 ascq 0)
2026-09-25T19:21:06.891Z -INFO vmware-vmx.exe 13448 [ws@4413 threadName="vcpu-0"] CDROM: Emulate GET CONFIGURATION RT 0 starting feature 0
2026-09-25T19:21:12.044Z -INFO vmware-vmx.exe 13448 [ws@4413 threadName="vcpu-8"] CDROM: Emulate GET CONFIGURATION RT 0 starting feature 0
2026-09-25T19:21:12.044Z -INFO vmware-vmx.exe 13448 [ws@4413 threadName="vcpu-8"] CDROM: Emulate GET CONFIGURATION RT 0 starting feature 0
2026-09-25T19:21:12.053Z -INFO vmware-vmx.exe 13448 [ws@4413 threadName="vcpu-0"] CDROM sata0:0: CMD 0x52 (*UNKNOWN (0x52)*) FAILED (key 0x5 asc 0x20 ascq 0)
2026-09-25T19:21:14.405Z -INFO vmware-vmx.exe 13448 [ws@4413 threadName="vcpu-5"] CDROM sata0:0: CMD 0x52 (*UNKNOWN (0x52)*) FAILED (key 0x5 asc 0x20 ascq 0)
2026-09-25T19:21:14.852Z -INFO vmware-vmx.exe 13448 [ws@4413 threadName="vcpu-5"] CDROM sata0:1: CMD 0x52 (*UNKNOWN (0x52)*) FAILED (key 0x5 asc 0x20 ascq 0)
2026-09-25T19:21:16.859Z -INFO vmware-vmx.exe 13448 [ws@4413 threadName="vcpu-3"] CDROM: Emulate GET CONFIGURATION RT 0 starting feature 0
2026-09-25T19:21:16.860Z -INFO vmware-vmx.exe 13448 [ws@4413 threadName="vcpu-8"] CDROM: Emulate GET CONFIGURATION RT 0 starting feature 0
2026-09-25T19:21:16.860Z -INFO vmware-vmx.exe 13448 [ws@4413 threadName="vcpu-3"] CDROM: Emulate GET CONFIGURATION RT 0 starting feature 0
2026-09-25T19:21:16.860Z -INFO vmware-vmx.exe 13448 [ws@4413 threadName="vcpu-8"] CDROM: Emulate GET CONFIGURATION RT 0 starting feature 0
2026-09-25T19:21:16.905Z -INFO vmware-vmx.exe 13448 [ws@4413 threadName="vcpu-3"] CDROM sata0:0: CMD 0x52 (*UNKNOWN (0x52)*) FAILED (key 0x5 asc 0x20 ascq 0)
2026-09-25T19:21:16.912Z -INFO vmware-vmx.exe 13448 [ws@4413 threadName="vcpu-9"] CDROM sata0:1: CMD 0x52 (*UNKNOWN (0x52)*) FAILED (key 0x5 asc 0x20 ascq 0)
2026-09-25T19:21:17.217Z -INFO vmware-vmx.exe 13448 [ws@4413 threadName="vcpu-8"] VMCI: Capabilities in use by device: 0x38.
2026-09-25T19:21:17.316Z -INFO vmware-vmx.exe 13448 [ws@4413 threadName="vcpu-9"] SVGA: FIFO is already mapped
2026-09-25T19:21:17.336Z -INFO vmware-vmx.exe 13448 [ws@4413 threadName="svga"] SVGA hiding SVGA
2026-09-25T19:21:17.465Z -INFO vmware-vmx.exe 13448 [ws@4413 threadName="vcpu-9"] Guest: vmwgfx: Module Version: 2.21.0 (kernel: 6.17.0-14-generic)
2026-09-25T19:21:17.465Z -INFO vmware-vmx.exe 13448 [ws@4413 threadName="vcpu-9"] SVGA: Guest reported SVGA driver: (2, 101777417, 34930688, 0)
2026-09-25T19:21:17.468Z -INFO vmware-vmx.exe 13448 [ws@4413 threadName="svga"] SVGA enabling SVGA
2026-09-25T19:21:17.468Z -INFO vmware-vmx.exe 13448 [ws@4413 threadName="svga"] SWBScreen: Screen 0 Destroyed: xywh(0, 0, 720, 400) flags=0x3
2026-09-25T19:21:17.502Z -INFO vmware-vmx.exe 13448 [ws@4413 threadName="svga"] SVGA-ScreenMgr: Screen type changed to RegisterMode
2026-09-25T19:21:17.502Z -INFO vmware-vmx.exe 13448 [ws@4413 threadName="svga"] SWBScreen: Screen 1 Defined: xywh(0, 0, 1280, 768) flags=0x2
2026-09-25T19:21:17.526Z -INFO vmware-vmx.exe 13448 [ws@4413 threadName="svga"] SWBScreen: Screen 1 Destroyed: xywh(0, 0, 1280, 768) flags=0x2
2026-09-25T19:21:17.527Z -NOTICE vmware-vmx.exe 13448 [ws@4413 threadName="svga"] ConfigDB: Setting svga.guestBackedPrimaryAware = "TRUE"
2026-09-25T19:21:17.527Z -INFO vmware-vmx.exe 13448 [ws@4413 threadName="svga"] SVGA-ScreenMgr: Screen type changed to ScreenTarget
2026-09-25T19:21:17.527Z -INFO vmware-vmx.exe 13448 [ws@4413 threadName="svga"] SWBScreen: Screen 1 Defined: xywh(0, 0, 1280, 800) flags=0x2
2026-09-25T19:21:17.923Z -INFO vmware-vmx.exe 13448 [ws@4413 threadName="vcpu-0"] Tools: Running status rpc handler: 0 => 1.
2026-09-25T19:21:17.923Z -INFO vmware-vmx.exe 13448 [ws@4413 threadName="vcpu-0"] Tools: Changing running status: 0 => 1.
2026-09-25T19:21:17.923Z -INFO vmware-vmx.exe 13448 [ws@4413 threadName="vcpu-0"] Tools: [RunningStatus] Last heartbeat value 1 (last received 0s ago)
2026-09-25T19:21:17.923Z -INFO vmware-vmx.exe 13448 [ws@4413 threadName="vcpu-0"] Tools: Removing Tools inactivity timer.
2026-09-25T19:21:18.518Z -INFO vmware-vmx.exe 13448 [ws@4413 threadName="vcpu-4"] SOUND 687.979465 ES1371Win32GetMixerCtl mixerGetLineInfo error 1024
2026-09-25T19:21:19.075Z -INFO vmware-vmx.exe 13448 [ws@4413 threadName="vcpu-9"] CDROM sata0:0: CMD 0x52 (*UNKNOWN (0x52)*) FAILED (key 0x5 asc 0x20 ascq 0)
2026-09-25T19:21:19.987Z -INFO vmware-vmx.exe 13448 [ws@4413 threadName="vcpu-10"] CDROM sata0:1: CMD 0x52 (*UNKNOWN (0x52)*) FAILED (key 0x5 asc 0x20 ascq 0)
2026-09-25T19:21:38.923Z -INFO vmware-vmx.exe 13448 [ws@4413 threadName="vcpu-0"] Tools: Tools heartbeat timeout.
2026-09-25T19:21:38.923Z -INFO vmware-vmx.exe 13448 [ws@4413 threadName="vcpu-0"] Tools: Running status rpc handler: 1 => 0.
2026-09-25T19:21:38.923Z -INFO vmware-vmx.exe 13448 [ws@4413 threadName="vcpu-0"] Tools: Changing running status: 1 => 0.
2026-09-25T19:21:38.923Z -INFO vmware-vmx.exe 13448 [ws@4413 threadName="vcpu-0"] Tools: [RunningStatus] Last heartbeat value 1 (last received 21s ago)
2026-09-25T19:21:38.925Z -INFO vmware-vmx.exe 13448 [ws@4413 threadName="vcpu-0"] TOOLS hostVerifiedSamlToken capability set to FALSE.
2026-09-25T19:21:40.483Z -INFO vmware-vmx.exe 13448 [ws@4413 threadName="vcpu-5"] CDROM: Emulate GET CONFIGURATION RT 0 starting feature 0
2026-09-25T19:21:40.491Z -INFO vmware-vmx.exe 13448 [ws@4413 threadName="vcpu-2"] CDROM: Emulate GET CONFIGURATION RT 0 starting feature 0
2026-09-25T19:21:40.495Z -INFO vmware-vmx.exe 13448 [ws@4413 threadName="vcpu-2"] CDROM: Emulate GET CONFIGURATION RT 0 starting feature 0
2026-09-25T19:21:40.496Z -INFO vmware-vmx.exe 13448 [ws@4413 threadName="vcpu-2"] CDROM: Emulate GET CONFIGURATION RT 0 starting feature 0
2026-09-25T19:21:40.519Z -INFO vmware-vmx.exe 13448 [ws@4413 threadName="vcpu-7"] CDROM sata0:0: CMD 0x52 (*UNKNOWN (0x52)*) FAILED (key 0x5 asc 0x20 ascq 0)
2026-09-25T19:21:40.530Z -INFO vmware-vmx.exe 13448 [ws@4413 threadName="vcpu-4"] CDROM sata0:1: CMD 0x52 (*UNKNOWN (0x52)*) FAILED (key 0x5 asc 0x20 ascq 0)
2026-09-25T19:22:55.216Z -INFO vmware-vmx.exe 13448 [ws@4413 threadName="vcpu-3"] Guest: Mesa: SVGA3D; build: RELEASE;  LLVM;
2026-09-25T19:22:55.217Z -INFO vmware-vmx.exe 13448 [ws@4413 threadName="vcpu-3"] Guest: Mesa: 25.1.7-1ubuntu2~24.04.1
2026-09-25T19:22:55.672Z -INFO vmware-vmx.exe 13448 [ws@4413 threadName="vcpu-3"] Guest: Mesa: SVGA3D; build: RELEASE;  LLVM;
2026-09-25T19:22:55.672Z -INFO vmware-vmx.exe 13448 [ws@4413 threadName="vcpu-3"] Guest: Mesa: 25.1.7-1ubuntu2~24.04.1
2026-09-25T19:22:55.923Z -INFO vmware-vmx.exe 13448 [ws@4413 threadName="vcpu-0"] Tools: Running status rpc handler: 0 => 1.
2026-09-25T19:22:55.923Z -INFO vmware-vmx.exe 13448 [ws@4413 threadName="vcpu-0"] Tools: Changing running status: 0 => 1.
2026-09-25T19:22:55.923Z -INFO vmware-vmx.exe 13448 [ws@4413 threadName="vcpu-0"] Tools: [RunningStatus] Last heartbeat value 2 (last received 0s ago)
2026-09-25T19:22:56.624Z -INFO vmware-vmx.exe 13448 [ws@4413 threadName="vcpu-4"] Guest: Mesa: SVGA3D; build: RELEASE;  LLVM;
2026-09-25T19:22:56.624Z -INFO vmware-vmx.exe 13448 [ws@4413 threadName="vcpu-4"] Guest: Mesa: 25.2.8-0ubuntu0.24.04.1
2026-09-25T19:22:58.827Z -INFO vmware-vmx.exe 13448 [ws@4413 threadName="vcpu-8"] Guest: Mesa: SVGA3D; build: RELEASE;  LLVM;
2026-09-25T19:22:58.829Z -INFO vmware-vmx.exe 13448 [ws@4413 threadName="vcpu-8"] Guest: Mesa: 25.2.8-0ubuntu0.24.04.1
2026-09-25T19:22:59.516Z -INFO vmware-vmx.exe 13448 [ws@4413 threadName="vcpu-3"] Guest: Mesa: SVGA3D; build: RELEASE;  LLVM;
2026-09-25T19:22:59.518Z -INFO vmware-vmx.exe 13448 [ws@4413 threadName="vcpu-3"] Guest: Mesa: 25.2.8-0ubuntu0.24.04.1
2026-09-25T19:23:03.144Z -INFO vmware-vmx.exe 13448 [ws@4413 threadName="vcpu-11"] Guest: Mesa: SVGA3D; build: RELEASE;  LLVM;
2026-09-25T19:23:03.144Z -INFO vmware-vmx.exe 13448 [ws@4413 threadName="vcpu-11"] Guest: Mesa: 25.2.8-0ubuntu0.24.04.1
2026-09-25T19:23:04.787Z -INFO vmware-vmx.exe 13448 [ws@4413 threadName="vcpu-11"] Guest: Mesa: SVGA3D; build: RELEASE;  LLVM;
2026-09-25T19:23:04.787Z -INFO vmware-vmx.exe 13448 [ws@4413 threadName="vcpu-11"] Guest: Mesa: 25.2.8-0ubuntu0.24.04.1
2026-09-25T19:23:06.357Z -INFO vmware-vmx.exe 13448 [ws@4413 threadName="vcpu-7"] Guest: Mesa: SVGA3D; build: RELEASE;  LLVM;
2026-09-25T19:23:06.357Z -INFO vmware-vmx.exe 13448 [ws@4413 threadName="vcpu-7"] Guest: Mesa: 25.2.8-0ubuntu0~bpo22.04.1~ppa1
2026-09-25T19:23:10.529Z -INFO vmware-vmx.exe 13448 [ws@4413 threadName="vcpu-5"] Guest: Mesa: SVGA3D; build: RELEASE;  LLVM;
2026-09-25T19:23:10.529Z -INFO vmware-vmx.exe 13448 [ws@4413 threadName="vcpu-5"] Guest: Mesa: 25.2.8-0ubuntu0.24.04.1
2026-09-25T19:23:13.508Z -INFO vmware-vmx.exe 13448 [ws@4413 threadName="vcpu-7"] Guest: Mesa: SVGA3D; build: RELEASE;  LLVM;
2026-09-25T19:23:13.509Z -INFO vmware-vmx.exe 13448 [ws@4413 threadName="vcpu-7"] Guest: Mesa: 25.2.8-0ubuntu0.24.04.1
2026-09-25T19:23:13.706Z -INFO vmware-vmx.exe 13448 [ws@4413 threadName="svga"] MKSWin32: Successfully enabled high resolution system timer.
2026-09-25T19:23:18.258Z -INFO vmware-vmx.exe 13448 [ws@4413 threadName="vcpu-4"] Guest: Mesa: SVGA3D; build: RELEASE;  LLVM;
2026-09-25T19:23:18.258Z -INFO vmware-vmx.exe 13448 [ws@4413 threadName="vcpu-4"] Guest: Mesa: 25.2.8-0ubuntu0.24.04.1
2026-09-25T19:23:18.329Z -INFO vmware-vmx.exe 13448 [ws@4413 threadName="vcpu-11"] CDROM: Emulate GET CONFIGURATION RT 0 starting feature 0
2026-09-25T19:23:18.334Z -INFO vmware-vmx.exe 13448 [ws@4413 threadName="vcpu-11"] CDROM sata0:0: CMD 0x52 (*UNKNOWN (0x52)*) FAILED (key 0x5 asc 0x20 ascq 0)
2026-09-25T19:23:18.389Z -INFO vmware-vmx.exe 13448 [ws@4413 threadName="vcpu-7"] CDROM sata0:0: CMD 0x52 (*UNKNOWN (0x52)*) FAILED (key 0x5 asc 0x20 ascq 0)
2026-09-25T19:23:18.453Z -INFO vmware-vmx.exe 13448 [ws@4413 threadName="vcpu-9"] CDROM: Emulate GET CONFIGURATION RT 0 starting feature 0
2026-09-25T19:23:18.457Z -INFO vmware-vmx.exe 13448 [ws@4413 threadName="vcpu-3"] CDROM sata0:1: CMD 0x52 (*UNKNOWN (0x52)*) FAILED (key 0x5 asc 0x20 ascq 0)
2026-09-25T19:23:18.505Z -INFO vmware-vmx.exe 13448 [ws@4413 threadName="vcpu-3"] CDROM sata0:1: CMD 0x52 (*UNKNOWN (0x52)*) FAILED (key 0x5 asc 0x20 ascq 0)
2026-09-25T19:23:24.529Z -INFO vmware-vmx.exe 13448 [ws@4413 threadName="vcpu-4"] Guest: Mesa: SVGA3D; build: RELEASE;  LLVM;
2026-09-25T19:23:24.533Z -INFO vmware-vmx.exe 13448 [ws@4413 threadName="vcpu-4"] Guest: Mesa: 23.2.1-1ubuntu3.1~22.04.3
2026-09-25T19:23:28.537Z -INFO vmware-vmx.exe 13448 [ws@4413 threadName="vcpu-7"] CDROM sata0:1: CMD 0x52 (*UNKNOWN (0x52)*) FAILED (key 0x5 asc 0x20 ascq 0)
2026-09-25T19:23:35.145Z -INFO vmware-vmx.exe 13448 [ws@4413 threadName="DAC1"] VTHREAD 16080 "DAC1"
2026-09-25T19:23:45.923Z -INFO vmware-vmx.exe 13448 [ws@4413 threadName="vcpu-0"] Tools: Tools heartbeat timeout.
2026-09-25T19:23:45.923Z -INFO vmware-vmx.exe 13448 [ws@4413 threadName="vcpu-0"] Tools: Running status rpc handler: 1 => 0.
2026-09-25T19:23:45.923Z -INFO vmware-vmx.exe 13448 [ws@4413 threadName="vcpu-0"] Tools: Changing running status: 1 => 0.
2026-09-25T19:23:45.923Z -INFO vmware-vmx.exe 13448 [ws@4413 threadName="vcpu-0"] Tools: [RunningStatus] Last heartbeat value 12 (last received 21s ago)
2026-09-25T19:23:45.926Z -INFO vmware-vmx.exe 13448 [ws@4413 threadName="vcpu-0"] TOOLS hostVerifiedSamlToken capability set to FALSE.
2026-09-25T19:23:51.051Z -INFO vmware-vmx.exe 13448 [ws@4413 threadName="vmx"] GuestRpcSendTimedOut: message to toolbox timed out.
2026-09-25T19:23:51.066Z -INFO vmware-vmx.exe 13448 [ws@4413 threadName="vmx"] Vix: [guestCommands.c:1947]: Error VIX_E_TOOLS_NOT_RUNNING in VMAutomationTranslateGuestRpcError(): VMware Tools no se está ejecutando en el invitado.
2026-09-25T19:24:22.304Z -INFO vmware-vmx.exe 13448 [ws@4413 threadName="vcpu-8"] CDROM: Emulate GET CONFIGURATION RT 0 starting feature 0
2026-09-25T19:24:22.306Z -INFO vmware-vmx.exe 13448 [ws@4413 threadName="vcpu-8"] CDROM: Emulate GET CONFIGURATION RT 0 starting feature 0
2026-09-25T19:24:22.307Z -INFO vmware-vmx.exe 13448 [ws@4413 threadName="vcpu-4"] CDROM: Emulate GET CONFIGURATION RT 0 starting feature 0
2026-09-25T19:24:22.310Z -INFO vmware-vmx.exe 13448 [ws@4413 threadName="vcpu-4"] CDROM: Emulate GET CONFIGURATION RT 0 starting feature 0
2026-09-25T19:24:22.377Z -INFO vmware-vmx.exe 13448 [ws@4413 threadName="vcpu-8"] CDROM sata0:0: CMD 0x52 (*UNKNOWN (0x52)*) FAILED (key 0x5 asc 0x20 ascq 0)
2026-09-25T19:24:22.387Z -INFO vmware-vmx.exe 13448 [ws@4413 threadName="vcpu-11"] CDROM sata0:1: CMD 0x52 (*UNKNOWN (0x52)*) FAILED (key 0x5 asc 0x20 ascq 0)
2026-09-25T19:24:23.375Z -INFO vmware-vmx.exe 13448 [ws@4413 threadName="vcpu-6"] CDROM: Emulate GET CONFIGURATION RT 0 starting feature 0
2026-09-25T19:24:23.375Z -INFO vmware-vmx.exe 13448 [ws@4413 threadName="vcpu-6"] CDROM sata0:0: CMD 0x52 (*UNKNOWN (0x52)*) FAILED (key 0x5 asc 0x20 ascq 0)
2026-09-25T19:24:23.419Z -INFO vmware-vmx.exe 13448 [ws@4413 threadName="vcpu-7"] CDROM sata0:0: CMD 0x52 (*UNKNOWN (0x52)*) FAILED (key 0x5 asc 0x20 ascq 0)
2026-09-25T19:24:23.481Z -INFO vmware-vmx.exe 13448 [ws@4413 threadName="vcpu-8"] CDROM: Emulate GET CONFIGURATION RT 0 starting feature 0
2026-09-25T19:24:23.482Z -INFO vmware-vmx.exe 13448 [ws@4413 threadName="vcpu-8"] CDROM sata0:1: CMD 0x52 (*UNKNOWN (0x52)*) FAILED (key 0x5 asc 0x20 ascq 0)
2026-09-25T19:24:23.524Z -INFO vmware-vmx.exe 13448 [ws@4413 threadName="vcpu-8"] CDROM sata0:1: CMD 0x52 (*UNKNOWN (0x52)*) FAILED (key 0x5 asc 0x20 ascq 0)
2026-09-25T19:24:24.413Z -INFO vmware-vmx.exe 13448 [ws@4413 threadName="vcpu-3"] Guest: Mesa: SVGA3D; build: RELEASE;  LLVM;
2026-09-25T19:24:24.413Z -INFO vmware-vmx.exe 13448 [ws@4413 threadName="vcpu-3"] Guest: Mesa: 25.2.8-0ubuntu0.24.04.1
2026-09-25T19:24:24.923Z -INFO vmware-vmx.exe 13448 [ws@4413 threadName="vcpu-0"] Tools: Running status rpc handler: 0 => 1.
2026-09-25T19:24:24.923Z -INFO vmware-vmx.exe 13448 [ws@4413 threadName="vcpu-0"] Tools: Changing running status: 0 => 1.
2026-09-25T19:24:24.923Z -INFO vmware-vmx.exe 13448 [ws@4413 threadName="vcpu-0"] Tools: [RunningStatus] Last heartbeat value 13 (last received 0s ago)
2026-09-25T19:24:25.950Z -INFO vmware-vmx.exe 13448 [ws@4413 threadName="vcpu-4"] Guest: Mesa: SVGA3D; build: RELEASE;  LLVM;
2026-09-25T19:24:25.951Z -INFO vmware-vmx.exe 13448 [ws@4413 threadName="vcpu-4"] Guest: Mesa: 25.2.8-0ubuntu0.24.04.1
2026-09-25T19:24:26.522Z -INFO vmware-vmx.exe 13448 [ws@4413 threadName="vcpu-9"] Guest: Mesa: SVGA3D; build: RELEASE;  LLVM;
2026-09-25T19:24:26.522Z -INFO vmware-vmx.exe 13448 [ws@4413 threadName="vcpu-9"] Guest: Mesa: 25.2.8-0ubuntu0.24.04.1
2026-09-25T19:24:46.924Z -INFO vmware-vmx.exe 13448 [ws@4413 threadName="vcpu-0"] Tools: Tools heartbeat timeout.
2026-09-25T19:24:46.924Z -INFO vmware-vmx.exe 13448 [ws@4413 threadName="vcpu-0"] Tools: Running status rpc handler: 1 => 0.
2026-09-25T19:24:46.924Z -INFO vmware-vmx.exe 13448 [ws@4413 threadName="vcpu-0"] Tools: Changing running status: 1 => 0.
2026-09-25T19:24:46.924Z -INFO vmware-vmx.exe 13448 [ws@4413 threadName="vcpu-0"] Tools: [RunningStatus] Last heartbeat value 14 (last received 20s ago)
2026-09-25T19:24:46.933Z -INFO vmware-vmx.exe 13448 [ws@4413 threadName="vcpu-0"] TOOLS hostVerifiedSamlToken capability set to FALSE.
2026-09-25T19:27:09.824Z -INFO vmware-vmx.exe 13448 [ws@4413 threadName="vcpu-4"] Guest: Mesa: SVGA3D; build: RELEASE;  LLVM;
2026-09-25T19:27:09.824Z -INFO vmware-vmx.exe 13448 [ws@4413 threadName="vcpu-4"] Guest: Mesa: 25.2.8-0ubuntu0.24.04.1
2026-09-25T19:27:09.923Z -INFO vmware-vmx.exe 13448 [ws@4413 threadName="vcpu-0"] Tools: Running status rpc handler: 0 => 1.
2026-09-25T19:27:09.923Z -INFO vmware-vmx.exe 13448 [ws@4413 threadName="vcpu-0"] Tools: Changing running status: 0 => 1.
2026-09-25T19:27:09.923Z -INFO vmware-vmx.exe 13448 [ws@4413 threadName="vcpu-0"] Tools: [RunningStatus] Last heartbeat value 15 (last received 0s ago)
2026-09-25T19:27:23.369Z -INFO vmware-vmx.exe 13448 [ws@4413 threadName="svga"] MKSWin32: Turned off high resolution system timer.
2026-09-25T19:27:23.370Z -INFO vmware-vmx.exe 13448 [ws@4413 threadName="svga"] MKSWin32: Successfully enabled high resolution system timer.
2026-09-25T19:27:24.031Z -INFO vmware-vmx.exe 13448 [ws@4413 threadName="vcpu-5"] Guest: Mesa: SVGA3D; build: RELEASE;  LLVM;
2026-09-25T19:27:24.031Z -INFO vmware-vmx.exe 13448 [ws@4413 threadName="vcpu-5"] Guest: Mesa: 25.2.8-0ubuntu0.24.04.1
2026-09-25T19:27:25.003Z -INFO vmware-vmx.exe 13448 [ws@4413 threadName="vcpu-6"] Guest: Mesa: SVGA3D; build: RELEASE;  LLVM;
2026-09-25T19:27:25.003Z -INFO vmware-vmx.exe 13448 [ws@4413 threadName="vcpu-6"] Guest: Mesa: 25.2.8-0ubuntu0.24.04.1
2026-09-25T19:27:25.525Z -INFO vmware-vmx.exe 13448 [ws@4413 threadName="vcpu-10"] Guest: Mesa: SVGA3D; build: RELEASE;  LLVM;
2026-09-25T19:27:25.525Z -INFO vmware-vmx.exe 13448 [ws@4413 threadName="vcpu-10"] Guest: Mesa: 25.2.8-0ubuntu0.24.04.1
2026-09-25T19:27:25.535Z -INFO vmware-vmx.exe 13448 [ws@4413 threadName="vcpu-0"] Guest: Mesa: SVGA3D; build: RELEASE;  LLVM;
2026-09-25T19:27:25.536Z -INFO vmware-vmx.exe 13448 [ws@4413 threadName="vcpu-0"] Guest: Mesa: 25.2.8-0ubuntu0.24.04.1
2026-09-25T19:27:26.085Z -INFO vmware-vmx.exe 13448 [ws@4413 threadName="vcpu-4"] Guest: Mesa: SVGA3D; build: RELEASE;  LLVM;
2026-09-25T19:27:26.086Z -INFO vmware-vmx.exe 13448 [ws@4413 threadName="vcpu-4"] Guest: Mesa: 25.2.8-0ubuntu0.24.04.1
2026-09-25T19:27:30.281Z -INFO vmware-vmx.exe 13448 [ws@4413 threadName="DAC1"] VTHREAD 11176 "DAC1"
2026-09-25T19:27:46.923Z -INFO vmware-vmx.exe 13448 [ws@4413 threadName="vcpu-0"] Tools: Tools heartbeat timeout.
2026-09-25T19:27:46.923Z -INFO vmware-vmx.exe 13448 [ws@4413 threadName="vcpu-0"] Tools: Running status rpc handler: 1 => 0.
2026-09-25T19:27:46.923Z -INFO vmware-vmx.exe 13448 [ws@4413 threadName="vcpu-0"] Tools: Changing running status: 1 => 0.
2026-09-25T19:27:46.923Z -INFO vmware-vmx.exe 13448 [ws@4413 threadName="vcpu-0"] Tools: [RunningStatus] Last heartbeat value 18 (last received 20s ago)
2026-09-25T19:27:46.924Z -INFO vmware-vmx.exe 13448 [ws@4413 threadName="vcpu-0"] TOOLS hostVerifiedSamlToken capability set to FALSE.
2026-09-25T19:28:14.464Z -INFO vmware-vmx.exe 13448 [ws@4413 threadName="mks"] MKS-VMDB: VMDB requested a screenshot
2026-09-25T19:28:14.469Z -INFO vmware-vmx.exe 13448 [ws@4413 threadName="svga"] MKSScreenShotMgr: Taking a screenshot
2026-09-25T19:34:18.383Z -INFO vmware-vmx.exe 13448 [ws@4413 threadName="DAC1"] VTHREAD 13788 "DAC1"
2026-09-25T19:43:13.394Z -INFO vmware-vmx.exe 13448 [ws@4413 threadName="svga"] MKSWin32: Turned off high resolution system timer.
2026-09-25T19:43:13.403Z -INFO vmware-vmx.exe 13448 [ws@4413 threadName="svga"] MKSWin32: Successfully enabled high resolution system timer.
2026-09-25T19:43:19.754Z -INFO vmware-vmx.exe 13448 [ws@4413 threadName="vcpu-4"] Guest: Mesa: SVGA3D; build: RELEASE;  LLVM;
2026-09-25T19:43:19.755Z -INFO vmware-vmx.exe 13448 [ws@4413 threadName="vcpu-6"] Guest: Mesa: SVGA3D; build: RELEASE;  LLVM;
2026-09-25T19:43:19.755Z -INFO vmware-vmx.exe 13448 [ws@4413 threadName="vcpu-4"] Guest: Mesa: 25.2.8-0ubuntu0.24.04.1
2026-09-25T19:43:19.755Z -INFO vmware-vmx.exe 13448 [ws@4413 threadName="vcpu-6"] Guest: Mesa: 25.2.8-0ubuntu0.24.04.1
2026-09-25T19:43:19.755Z -INFO vmware-vmx.exe 13448 [ws@4413 threadName="vcpu-7"] Guest: Mesa: SVGA3D; build: RELEASE;  LLVM;
2026-09-25T19:43:19.756Z -INFO vmware-vmx.exe 13448 [ws@4413 threadName="vcpu-7"] Guest: Mesa: 25.2.8-0ubuntu0.24.04.1
2026-09-25T19:43:19.924Z -INFO vmware-vmx.exe 13448 [ws@4413 threadName="vcpu-0"] Tools: Running status rpc handler: 0 => 1.
2026-09-25T19:43:19.925Z -INFO vmware-vmx.exe 13448 [ws@4413 threadName="vcpu-0"] Tools: Changing running status: 0 => 1.
2026-09-25T19:43:19.925Z -INFO vmware-vmx.exe 13448 [ws@4413 threadName="vcpu-0"] Tools: [RunningStatus] Last heartbeat value 19 (last received 0s ago)
2026-09-25T19:43:20.335Z -INFO vmware-vmx.exe 13448 [ws@4413 threadName="vcpu-6"] Guest: Mesa: SVGA3D; build: RELEASE;  LLVM;
2026-09-25T19:43:20.335Z -INFO vmware-vmx.exe 13448 [ws@4413 threadName="vcpu-6"] Guest: Mesa: 25.2.8-0ubuntu0.24.04.1
2026-09-25T19:43:40.927Z -INFO vmware-vmx.exe 13448 [ws@4413 threadName="vcpu-0"] Tools: Tools heartbeat timeout.
2026-09-25T19:43:40.927Z -INFO vmware-vmx.exe 13448 [ws@4413 threadName="vcpu-0"] Tools: Running status rpc handler: 1 => 0.
2026-09-25T19:43:40.928Z -INFO vmware-vmx.exe 13448 [ws@4413 threadName="vcpu-0"] Tools: Changing running status: 1 => 0.
2026-09-25T19:43:40.928Z -INFO vmware-vmx.exe 13448 [ws@4413 threadName="vcpu-0"] Tools: [RunningStatus] Last heartbeat value 20 (last received 20s ago)
2026-09-25T19:43:40.929Z -INFO vmware-vmx.exe 13448 [ws@4413 threadName="vcpu-0"] TOOLS hostVerifiedSamlToken capability set to FALSE.
2026-09-25T19:44:33.836Z -INFO vmware-vmx.exe 13448 [ws@4413 threadName="vcpu-8"] Guest: Mesa: SVGA3D; build: RELEASE;  LLVM;
2026-09-25T19:44:33.836Z -INFO vmware-vmx.exe 13448 [ws@4413 threadName="vcpu-8"] Guest: Mesa: 25.2.8-0ubuntu0~bpo22.04.1~ppa1
2026-09-25T19:44:33.923Z -INFO vmware-vmx.exe 13448 [ws@4413 threadName="vcpu-0"] Tools: Running status rpc handler: 0 => 1.
2026-09-25T19:44:33.923Z -INFO vmware-vmx.exe 13448 [ws@4413 threadName="vcpu-0"] Tools: Changing running status: 0 => 1.
2026-09-25T19:44:33.923Z -INFO vmware-vmx.exe 13448 [ws@4413 threadName="vcpu-0"] Tools: [RunningStatus] Last heartbeat value 21 (last received 0s ago)
2026-09-25T19:44:38.377Z -INFO vmware-vmx.exe 13448 [ws@4413 threadName="vcpu-0"] Guest: Mesa: SVGA3D; build: RELEASE;  LLVM;
2026-09-25T19:44:38.377Z -INFO vmware-vmx.exe 13448 [ws@4413 threadName="vcpu-0"] Guest: Mesa: 25.2.8-0ubuntu0~bpo22.04.1~ppa1
2026-09-25T19:44:59.923Z -INFO vmware-vmx.exe 13448 [ws@4413 threadName="vcpu-0"] Tools: Tools heartbeat timeout.
2026-09-25T19:44:59.923Z -INFO vmware-vmx.exe 13448 [ws@4413 threadName="vcpu-0"] Tools: Running status rpc handler: 1 => 0.
2026-09-25T19:44:59.923Z -INFO vmware-vmx.exe 13448 [ws@4413 threadName="vcpu-0"] Tools: Changing running status: 1 => 0.
2026-09-25T19:44:59.923Z -INFO vmware-vmx.exe 13448 [ws@4413 threadName="vcpu-0"] Tools: [RunningStatus] Last heartbeat value 22 (last received 21s ago)
2026-09-25T19:44:59.927Z -INFO vmware-vmx.exe 13448 [ws@4413 threadName="vcpu-0"] TOOLS hostVerifiedSamlToken capability set to FALSE.
2026-09-25T19:53:47.626Z -INFO vmware-vmx.exe 13448 [ws@4413 threadName="DAC1"] VTHREAD 17520 "DAC1"
2026-09-25T19:59:05.766Z -INFO vmware-vmx.exe 13448 [ws@4413 threadName="mks"] MKS-VMDB: VMDB requested a screenshot
2026-09-25T19:59:05.769Z -INFO vmware-vmx.exe 13448 [ws@4413 threadName="svga"] MKSScreenShotMgr: Taking a screenshot
2026-09-25T20:09:56.678Z -INFO vmware-vmx.exe 13448 [ws@4413 threadName="DAC1"] VTHREAD 1540 "DAC1"
2026-09-25T20:12:39.600Z -INFO vmware-vmx.exe 13448 [ws@4413 threadName="DAC1"] VTHREAD 19660 "DAC1"
2026-09-25T20:29:34.220Z -INFO vmware-vmx.exe 13448 [ws@4413 threadName="vcpu-0"] CDROM sata0:1: CMD 0x52 (*UNKNOWN (0x52)*) FAILED (key 0x5 asc 0x20 ascq 0)
2026-09-25T20:29:34.977Z -INFO vmware-vmx.exe 13448 [ws@4413 threadName="svga"] MKSWin32: Turned off high resolution system timer.
2026-09-25T20:30:29.771Z -INFO vmware-vmx.exe 13448 [ws@4413 threadName="vmx"] CDROM: Guest eject on 'sata0:1'. Disconnecting disc image.
2026-09-25T20:30:29.779Z -INFO vmware-vmx.exe 13448 [ws@4413 threadName="vmx"] CDROM: Disconnected cdrom: sata0:1
2026-09-25T20:30:31.490Z -INFO vmware-vmx.exe 13448 [ws@4413 threadName="vcpu-3"] VMMouse: CMD Disable
2026-09-25T20:30:31.490Z -INFO vmware-vmx.exe 13448 [ws@4413 threadName="vcpu-3"] VMMouse: Disabling VMMouse mode
2026-09-25T20:30:31.640Z -INFO vmware-vmx.exe 13448 [ws@4413 threadName="vcpu-0"] PIIX4: PM Soft Off.  Good-bye.
2026-09-25T20:30:31.640Z -INFO vmware-vmx.exe 13448 [ws@4413 threadName="vcpu-0"] Chipset: The guest has requested that the virtual machine be powered off.
2026-09-25T20:30:31.640Z -NOTICE vmware-vmx.exe 13448 [ws@4413 threadName="vcpu-0"] ConfigDB: Setting softPowerOff = "TRUE"
2026-09-25T20:30:31.650Z -INFO vmware-vmx.exe 13448 [ws@4413 threadName="vcpu-0"] VMX: Issuing power-off request...
2026-09-25T20:30:31.650Z -INFO vmware-vmx.exe 13448 [ws@4413 threadName="vmx"] Stopping VCPU threads...
2026-09-25T20:30:31.656Z -INFO vmware-vmx.exe 13448 [ws@4413 threadName="vmx"] Stopping MKS/SVGA threads
2026-09-25T20:30:31.656Z -INFO vmware-vmx.exe 13448 [ws@4413 threadName="vmx"] MKSThread: Requesting MKS exit
2026-09-25T20:30:31.656Z -INFO vmware-vmx.exe 13448 [ws@4413 threadName="svga"] MKSThread: SVGA thread is exiting the main loop
2026-09-25T20:30:31.657Z -INFO vmware-vmx.exe 13448 [ws@4413 threadName="svga"] SWBScreen: Screen 1 Destroyed: xywh(0, 0, 1280, 800) flags=0x2
2026-09-25T20:30:31.658Z -INFO vmware-vmx.exe 13448 [ws@4413 threadName="mks"] SWBWindow: Window 0 Destroyed DESTROYED: src screenId=-1, src xywh(0, 0, 1280, 800) dest xywh(0, 0, 1280, 800) pixelScale=1, flags=0x HAS_HOST_ORIGIN ALLOW_MKS_GRAB IS_RENDERING
2026-09-25T20:30:31.705Z -INFO vmware-vmx.exe 13448 [ws@4413 threadName="mks"] SWBWindow: Number of MKSWindows changed: 0 rendering MKSWindow(s) of total 1.
2026-09-25T20:30:31.705Z -INFO vmware-vmx.exe 13448 [ws@4413 threadName="mks"] SWBWindow: Window 1 Destroyed DESTROYED: src screenId=-1, src xywh(0, 0, 1280, 800) dest xywh(0, 0, 1280, 800) pixelScale=1, flags=0x LIMIT_REFRESH_RATE
2026-09-25T20:30:31.705Z -INFO vmware-vmx.exe 13448 [ws@4413 threadName="mks"] MKS-HWinMux: Backend Switch Queued
2026-09-25T20:30:31.705Z -INFO vmware-vmx.exe 13448 [ws@4413 threadName="mks"] SWBWindow: Number of MKSWindows changed: 0 rendering MKSWindow(s) of total 0.
2026-09-25T20:30:31.706Z -INFO vmware-vmx.exe 13448 [ws@4413 threadName="vmx"] MKS/SVGA threads are stopped
2026-09-25T20:30:31.706Z -INFO vmware-vmx.exe 13448 [ws@4413 threadName="vmx"] USB: DevID(10e0f0002): Disconnecting device.
2026-09-25T20:30:31.709Z -INFO vmware-vmx.exe 13448 [ws@4413 threadName="vmx"] USB: DevID(200000040e0f0003): Disconnecting device.
2026-09-25T20:30:31.711Z -INFO vmware-vmx.exe 13448 [ws@4413 threadName="vmx"] 
2026-09-25T20:30:31.711Z +INFO vmware-vmx.exe 13448 [ws@4413 threadName="vmx"] OvhdMem: Final (Power Off) Overheads
2026-09-25T20:30:31.711Z -INFO vmware-vmx.exe 13448 [ws@4413 threadName="vmx"]                                                       reserved      |          used
2026-09-25T20:30:31.711Z -INFO vmware-vmx.exe 13448 [ws@4413 threadName="vmx"] OvhdMem excluded                                  cur    max    avg |    cur    max    avg
2026-09-25T20:30:31.711Z -INFO vmware-vmx.exe 13448 [ws@4413 threadName="vmx"] OvhdMem OvhdUser_MainMem                    :  913408 913408      - |      0      0      -
2026-09-25T20:30:31.711Z -INFO vmware-vmx.exe 13448 [ws@4413 threadName="vmx"] OvhdMem OvhdUser_VmxText                    :    7936   7936      - |      0      0      -
2026-09-25T20:30:31.711Z -INFO vmware-vmx.exe 13448 [ws@4413 threadName="vmx"] OvhdMem OvhdUser_VmxTextLibs                :   17408  17408      - |      0      0      -
2026-09-25T20:30:31.711Z -INFO vmware-vmx.exe 13448 [ws@4413 threadName="vmx"] OvhdMem Total excluded                      :  938752 938752      - |      -      -      -
2026-09-25T20:30:31.711Z -INFO vmware-vmx.exe 13448 [ws@4413 threadName="vmx"] OvhdMem Actual maximum                      :         938752        |             -
2026-09-25T20:30:31.711Z +INFO vmware-vmx.exe 13448 [ws@4413 threadName="vmx"] 
2026-09-25T20:30:31.711Z -INFO vmware-vmx.exe 13448 [ws@4413 threadName="vmx"]                                                       reserved      |          used
2026-09-25T20:30:31.711Z -INFO vmware-vmx.exe 13448 [ws@4413 threadName="vmx"] OvhdMem paged                                     cur    max    avg |    cur    max    avg
2026-09-25T20:30:31.711Z -INFO vmware-vmx.exe 13448 [ws@4413 threadName="vmx"] OvhdMem OvhdUser_STATS_vmm                  :      24     24      - |      0      0      -
2026-09-25T20:30:31.711Z -INFO vmware-vmx.exe 13448 [ws@4413 threadName="vmx"] OvhdMem OvhdUser_STATS_device               :      12     12      - |      0      0      -
2026-09-25T20:30:31.711Z -INFO vmware-vmx.exe 13448 [ws@4413 threadName="vmx"] OvhdMem OvhdUser_SvgaMobFallback            :  1048576 1048576      - |      0      0      -
2026-09-25T20:30:31.711Z -INFO vmware-vmx.exe 13448 [ws@4413 threadName="vmx"] OvhdMem OvhdUser_DiskLibMemUsed             :    3075   3075      - |      0      0      -
2026-09-25T20:30:31.711Z -INFO vmware-vmx.exe 13448 [ws@4413 threadName="vmx"] OvhdMem OvhdUser_SvgaSurfaceTable           :    2944   2944      - |    459    459      -
2026-09-25T20:30:31.711Z -INFO vmware-vmx.exe 13448 [ws@4413 threadName="vmx"] OvhdMem OvhdUser_SvgaSDirtyCache            :      96     96      - |      0      0      -
2026-09-25T20:30:31.711Z -INFO vmware-vmx.exe 13448 [ws@4413 threadName="vmx"] OvhdMem OvhdUser_SvgaShaderTable            :    1000   1000      - |    193    193      -
2026-09-25T20:30:31.711Z -INFO vmware-vmx.exe 13448 [ws@4413 threadName="vmx"] OvhdMem OvhdUser_SvgaShaderText             :    2048   2048      - |      0      0      -
2026-09-25T20:30:31.711Z -INFO vmware-vmx.exe 13448 [ws@4413 threadName="vmx"] OvhdMem OvhdUser_SvgaContextCache           :    1405   1405      - |      2      2      -
2026-09-25T20:30:31.711Z -INFO vmware-vmx.exe 13448 [ws@4413 threadName="vmx"] OvhdMem OvhdUser_SvgaObjTables              :    3908   3908      - |    387    387      -
2026-09-25T20:30:31.711Z -INFO vmware-vmx.exe 13448 [ws@4413 threadName="vmx"] OvhdMem OvhdUser_SvgaDXShaderText           :    4096   4096      - |    256    256      -
2026-09-25T20:30:31.711Z -INFO vmware-vmx.exe 13448 [ws@4413 threadName="vmx"] OvhdMem OvhdUser_SvgaVAProcessorTable       :       1      1      - |      0      0      -
2026-09-25T20:30:31.711Z -INFO vmware-vmx.exe 13448 [ws@4413 threadName="vmx"] OvhdMem OvhdUser_SvgaVADecoderTable         :       1      1      - |      0      0      -
2026-09-25T20:30:31.711Z -INFO vmware-vmx.exe 13448 [ws@4413 threadName="vmx"] OvhdMem OvhdUser_SvgaCursor                 :      10     10      - |     10     10      -
2026-09-25T20:30:31.711Z -INFO vmware-vmx.exe 13448 [ws@4413 threadName="vmx"] OvhdMem OvhdUser_SvgaPPNList                :    1026   1026      - |      0      0      -
2026-09-25T20:30:31.711Z -INFO vmware-vmx.exe 13448 [ws@4413 threadName="vmx"] OvhdMem OvhdUser_VmxGlobals                 :   10240  10240      - |      0      0      -
2026-09-25T20:30:31.711Z -INFO vmware-vmx.exe 13448 [ws@4413 threadName="vmx"] OvhdMem OvhdUser_VmxGlobalsLibs             :    3584   3584      - |      0      0      -
2026-09-25T20:30:31.711Z -INFO vmware-vmx.exe 13448 [ws@4413 threadName="vmx"] OvhdMem OvhdUser_VmxHeap                    :   10752  10752      - |      0      0      -
2026-09-25T20:30:31.711Z -INFO vmware-vmx.exe 13448 [ws@4413 threadName="vmx"] OvhdMem OvhdUser_VmxMks                     :      49     49      - |     17     17      -
2026-09-25T20:30:31.711Z -INFO vmware-vmx.exe 13448 [ws@4413 threadName="vmx"] OvhdMem OvhdUser_VmxMksRenderOps            :    3494   3494      - |   2781   2781      -
2026-09-25T20:30:31.711Z -INFO vmware-vmx.exe 13448 [ws@4413 threadName="vmx"] OvhdMem OvhdUser_VmxMks3d                   :  2392064 2392064      - |      0      1      -
2026-09-25T20:30:31.711Z -INFO vmware-vmx.exe 13448 [ws@4413 threadName="vmx"] OvhdMem OvhdUser_VmxMksLLVM                 :   12288  12288      - |      0      0      -
2026-09-25T20:30:31.711Z -INFO vmware-vmx.exe 13448 [ws@4413 threadName="vmx"] OvhdMem OvhdUser_VmxMksScreenTemp           :   69890  69890      - |      0    187      -
2026-09-25T20:30:31.711Z -INFO vmware-vmx.exe 13448 [ws@4413 threadName="vmx"] OvhdMem OvhdUser_VmxMksVnc                  :   74936  74936      - |      0      0      -
2026-09-25T20:30:31.711Z -INFO vmware-vmx.exe 13448 [ws@4413 threadName="vmx"] OvhdMem OvhdUser_VmxMksScreen               :  131075 131075      - |      0      0      -
2026-09-25T20:30:31.711Z -INFO vmware-vmx.exe 13448 [ws@4413 threadName="vmx"] OvhdMem OvhdUser_VmxMksSVGAVO               :    4096   4096      - |      0      0      -
2026-09-25T20:30:31.711Z -INFO vmware-vmx.exe 13448 [ws@4413 threadName="vmx"] OvhdMem OvhdUser_VmxMksSwbCursor            :    4096   4096      - |    120    120      -
2026-09-25T20:30:31.711Z -INFO vmware-vmx.exe 13448 [ws@4413 threadName="vmx"] OvhdMem OvhdUser_VmxPhysMemErrPages         :      10     10      - |      0      0      -
2026-09-25T20:30:31.711Z -INFO vmware-vmx.exe 13448 [ws@4413 threadName="vmx"] OvhdMem OvhdUser_VmxSLEntryBuf              :     128    128      - |      0      0      -
2026-09-25T20:30:31.711Z -INFO vmware-vmx.exe 13448 [ws@4413 threadName="vmx"] OvhdMem OvhdUser_VmxThreads                 :   41984  41984      - |      0      0      -
2026-09-25T20:30:31.711Z -INFO vmware-vmx.exe 13448 [ws@4413 threadName="vmx"] OvhdMem Total paged                         :  3826908 3826908      - |   4225   4413      -
2026-09-25T20:30:31.711Z -INFO vmware-vmx.exe 13448 [ws@4413 threadName="vmx"] OvhdMem Actual maximum                      :         3826908        |        3826908
2026-09-25T20:30:31.711Z +INFO vmware-vmx.exe 13448 [ws@4413 threadName="vmx"] 
2026-09-25T20:30:31.711Z -INFO vmware-vmx.exe 13448 [ws@4413 threadName="vmx"]                                                       reserved      |          used
2026-09-25T20:30:31.711Z -INFO vmware-vmx.exe 13448 [ws@4413 threadName="vmx"] OvhdMem nonpaged                                  cur    max    avg |    cur    max    avg
2026-09-25T20:30:31.712Z -INFO vmware-vmx.exe 13448 [ws@4413 threadName="vmx"] OvhdMem OvhdUser_SharedArea                 :      11     11      - |      0      0      -
2026-09-25T20:30:31.712Z -INFO vmware-vmx.exe 13448 [ws@4413 threadName="vmx"] OvhdMem OvhdUser_BusMemTraceBitmap          :      34     34      - |      0      0      -
2026-09-25T20:30:31.712Z -INFO vmware-vmx.exe 13448 [ws@4413 threadName="vmx"] OvhdMem OvhdUser_PFrame                     :       0   3064      - |      0      0      -
2026-09-25T20:30:31.712Z -INFO vmware-vmx.exe 13448 [ws@4413 threadName="vmx"] OvhdMem OvhdUser_BusMemFrame                :    1045   2140      - |      0      0      -
2026-09-25T20:30:31.712Z -INFO vmware-vmx.exe 13448 [ws@4413 threadName="vmx"] OvhdMem OvhdUser_VIDE_KSEG                  :      16     16      - |      0      0      -
2026-09-25T20:30:31.712Z -INFO vmware-vmx.exe 13448 [ws@4413 threadName="vmx"] OvhdMem OvhdUser_VGA                        :      64     64      - |      0      0      -
2026-09-25T20:30:31.712Z -INFO vmware-vmx.exe 13448 [ws@4413 threadName="vmx"] OvhdMem OvhdUser_BalloonMPN                 :       1      1      - |      0      0      -
2026-09-25T20:30:31.712Z -INFO vmware-vmx.exe 13448 [ws@4413 threadName="vmx"] OvhdMem OvhdUser_P2MUpdateBuffer            :       3      3      - |      0      0      -
2026-09-25T20:30:31.712Z -INFO vmware-vmx.exe 13448 [ws@4413 threadName="vmx"] OvhdMem OvhdUser_ServicesMPN                :       3      3      - |      0      0      -
2026-09-25T20:30:31.712Z -INFO vmware-vmx.exe 13448 [ws@4413 threadName="vmx"] OvhdMem OvhdUser_LocalApic                  :      12     12      - |      0      0      -
2026-09-25T20:30:31.712Z -INFO vmware-vmx.exe 13448 [ws@4413 threadName="vmx"] OvhdMem OvhdUser_VBIOS                      :       8      8      - |      0      0      -
2026-09-25T20:30:31.712Z -INFO vmware-vmx.exe 13448 [ws@4413 threadName="vmx"] OvhdMem OvhdUser_LSIBIOS                    :       4      4      - |      0      0      -
2026-09-25T20:30:31.712Z -INFO vmware-vmx.exe 13448 [ws@4413 threadName="vmx"] OvhdMem OvhdUser_LSIRings                   :       4      4      - |      0      0      -
2026-09-25T20:30:31.712Z -INFO vmware-vmx.exe 13448 [ws@4413 threadName="vmx"] OvhdMem OvhdUser_SAS1068BIOS                :       4      4      - |      0      0      -
2026-09-25T20:30:31.712Z -INFO vmware-vmx.exe 13448 [ws@4413 threadName="vmx"] OvhdMem OvhdUser_SBIOS                      :      16     16      - |      0      0      -
2026-09-25T20:30:31.712Z -INFO vmware-vmx.exe 13448 [ws@4413 threadName="vmx"] OvhdMem OvhdUser_AHCIBIOS                   :      16     16      - |      0      0      -
2026-09-25T20:30:31.712Z -INFO vmware-vmx.exe 13448 [ws@4413 threadName="vmx"] OvhdMem OvhdUser_AHCIREGS                   :       1      1      - |      0      0      -
2026-09-25T20:30:31.712Z -INFO vmware-vmx.exe 13448 [ws@4413 threadName="vmx"] OvhdMem OvhdUser_FlashRam                   :     128    128      - |      0      0      -
2026-09-25T20:30:31.712Z -INFO vmware-vmx.exe 13448 [ws@4413 threadName="vmx"] OvhdMem OvhdUser_SMM                        :      63     63      - |      0      0      -
2026-09-25T20:30:31.712Z -INFO vmware-vmx.exe 13448 [ws@4413 threadName="vmx"] OvhdMem OvhdUser_SVGAFB                     :   32768  32768      - |      0      0      -
2026-09-25T20:30:31.712Z -INFO vmware-vmx.exe 13448 [ws@4413 threadName="vmx"] OvhdMem OvhdUser_SVGAMEM                    :      64    512      - |      0      0      -
2026-09-25T20:30:31.712Z -INFO vmware-vmx.exe 13448 [ws@4413 threadName="vmx"] OvhdMem OvhdUser_HDAudioReg                 :       3      3      - |      0      0      -
2026-09-25T20:30:31.712Z -INFO vmware-vmx.exe 13448 [ws@4413 threadName="vmx"] OvhdMem OvhdUser_EHCIRegister               :       1      1      - |      0      0      -
2026-09-25T20:30:31.712Z -INFO vmware-vmx.exe 13448 [ws@4413 threadName="vmx"] OvhdMem OvhdUser_XhciRegister               :       1      1      - |      0      0      -
2026-09-25T20:30:31.712Z -INFO vmware-vmx.exe 13448 [ws@4413 threadName="vmx"] OvhdMem OvhdUser_HyperV                     :       2      2      - |      0      0      -
2026-09-25T20:30:31.712Z -INFO vmware-vmx.exe 13448 [ws@4413 threadName="vmx"] OvhdMem OvhdUser_ExtCfg                     :       4      4      - |      0      0      -
2026-09-25T20:30:31.712Z -INFO vmware-vmx.exe 13448 [ws@4413 threadName="vmx"] OvhdMem OvhdUser_vhvCachedVMCS              :      12     12      - |      0      0      -
2026-09-25T20:30:31.712Z -INFO vmware-vmx.exe 13448 [ws@4413 threadName="vmx"] OvhdMem OvhdUser_vhvNestedAPIC              :      12     12      - |      0      0      -
2026-09-25T20:30:31.712Z -INFO vmware-vmx.exe 13448 [ws@4413 threadName="vmx"] OvhdMem OvhdUser_LBR                        :      12     12      - |      0      0      -
2026-09-25T20:30:31.712Z -INFO vmware-vmx.exe 13448 [ws@4413 threadName="vmx"] OvhdMem OvhdUser_MonWired                   :     233    233      - |      0      0      -
2026-09-25T20:30:31.712Z -INFO vmware-vmx.exe 13448 [ws@4413 threadName="vmx"] OvhdMem OvhdUser_NVDC                       :       1      1      - |      0      0      -
2026-09-25T20:30:31.712Z -INFO vmware-vmx.exe 13448 [ws@4413 threadName="vmx"] OvhdMem OvhdUser_PCIeMMIOArea               :      70     70      - |      0      0      -
2026-09-25T20:30:31.712Z -INFO vmware-vmx.exe 13448 [ws@4413 threadName="vmx"] OvhdMem Total nonpaged                      :   34616  39223      - |      0      0      -
2026-09-25T20:30:31.712Z -INFO vmware-vmx.exe 13448 [ws@4413 threadName="vmx"] OvhdMem Actual maximum                      :          34616        |         39223
2026-09-25T20:30:31.712Z +INFO vmware-vmx.exe 13448 [ws@4413 threadName="vmx"] 
2026-09-25T20:30:31.712Z -INFO vmware-vmx.exe 13448 [ws@4413 threadName="vmx"]                                                       reserved      |          used
2026-09-25T20:30:31.712Z -INFO vmware-vmx.exe 13448 [ws@4413 threadName="vmx"] OvhdMem anonymous                                 cur    max    avg |    cur    max    avg
2026-09-25T20:30:31.712Z -INFO vmware-vmx.exe 13448 [ws@4413 threadName="vmx"] OvhdMem OvhdMon_Alloc                       :    1176   1176      - |      0      0      -
2026-09-25T20:30:31.712Z -INFO vmware-vmx.exe 13448 [ws@4413 threadName="vmx"] OvhdMem OvhdMon_BusMemFrame                 :     989   1046      - |      0      0      -
2026-09-25T20:30:31.712Z -INFO vmware-vmx.exe 13448 [ws@4413 threadName="vmx"] OvhdMem OvhdMon_BusMem2MInfo                :      14     14      - |      0      0      -
2026-09-25T20:30:31.712Z -INFO vmware-vmx.exe 13448 [ws@4413 threadName="vmx"] OvhdMem OvhdMon_BusMem1GInfo                :       1      1      - |      0      0      -
2026-09-25T20:30:31.712Z -INFO vmware-vmx.exe 13448 [ws@4413 threadName="vmx"] OvhdMem OvhdMon_BusMemZapListMPN            :       1      1      - |      0      0      -
2026-09-25T20:30:31.712Z -INFO vmware-vmx.exe 13448 [ws@4413 threadName="vmx"] OvhdMem OvhdMon_BusMemPreval                :      48     48      - |      0      0      -
2026-09-25T20:30:31.712Z -INFO vmware-vmx.exe 13448 [ws@4413 threadName="vmx"] OvhdMem OvhdMon_MonAS                       :      12     12      - |      0      0      -
2026-09-25T20:30:31.712Z -INFO vmware-vmx.exe 13448 [ws@4413 threadName="vmx"] OvhdMem OvhdMon_GuestMem                    :     480    480      - |      0      0      -
2026-09-25T20:30:31.712Z -INFO vmware-vmx.exe 13448 [ws@4413 threadName="vmx"] OvhdMem OvhdMon_TC                          :    6156   6156      - |      0      0      -
2026-09-25T20:30:31.712Z -INFO vmware-vmx.exe 13448 [ws@4413 threadName="vmx"] OvhdMem OvhdMon_BusMemMonAS                 :       5      6      - |      0      0      -
2026-09-25T20:30:31.712Z -INFO vmware-vmx.exe 13448 [ws@4413 threadName="vmx"] OvhdMem OvhdMon_PlatformMonAS               :       8      8      - |      0      0      -
2026-09-25T20:30:31.712Z -INFO vmware-vmx.exe 13448 [ws@4413 threadName="vmx"] OvhdMem OvhdMon_HVNuma                      :      24     24      - |      0      0      -
2026-09-25T20:30:31.712Z -INFO vmware-vmx.exe 13448 [ws@4413 threadName="vmx"] OvhdMem OvhdMon_HV                          :      12     12      - |      0      0      -
2026-09-25T20:30:31.712Z -INFO vmware-vmx.exe 13448 [ws@4413 threadName="vmx"] OvhdMem OvhdMon_HVMSRBitmap                 :       1      1      - |      0      0      -
2026-09-25T20:30:31.712Z -INFO vmware-vmx.exe 13448 [ws@4413 threadName="vmx"] OvhdMem OvhdMon_VHVGuestMSRBitmap           :      12     12      - |      0      0      -
2026-09-25T20:30:31.712Z -INFO vmware-vmx.exe 13448 [ws@4413 threadName="vmx"] OvhdMem OvhdMon_Numa                        :      90     90      - |      0      0      -
2026-09-25T20:30:31.712Z -INFO vmware-vmx.exe 13448 [ws@4413 threadName="vmx"] OvhdMem OvhdMon_BaseWired                   :     348    348      - |      0      0      -
2026-09-25T20:30:31.712Z -INFO vmware-vmx.exe 13448 [ws@4413 threadName="vmx"] OvhdMem OvhdMon_Bootstrap                   :    2300   2300      - |      0      0      -
2026-09-25T20:30:31.712Z -INFO vmware-vmx.exe 13448 [ws@4413 threadName="vmx"] OvhdMem OvhdMon_GPhysTraced                 :     443    443      - |      0      0      -
2026-09-25T20:30:31.712Z -INFO vmware-vmx.exe 13448 [ws@4413 threadName="vmx"] OvhdMem OvhdMon_GPhysHWMMU                  :    2128   2128      - |      0      0      -
2026-09-25T20:30:31.712Z -INFO vmware-vmx.exe 13448 [ws@4413 threadName="vmx"] OvhdMem OvhdMon_GPhysNoTrace                :     286    286      - |      0      0      -
2026-09-25T20:30:31.712Z -INFO vmware-vmx.exe 13448 [ws@4413 threadName="vmx"] OvhdMem OvhdMon_PhysMemGart                 :     104    104      - |      0      0      -
2026-09-25T20:30:31.712Z -INFO vmware-vmx.exe 13448 [ws@4413 threadName="vmx"] OvhdMem OvhdMon_PhysMemErr                  :      17     17      - |      0      0      -
2026-09-25T20:30:31.712Z -INFO vmware-vmx.exe 13448 [ws@4413 threadName="vmx"] OvhdMem OvhdMon_VProbe                      :       1      1      - |      0      0      -
2026-09-25T20:30:31.712Z -INFO vmware-vmx.exe 13448 [ws@4413 threadName="vmx"] OvhdMem Total anonymous                     :   14656  14714      - |      0      0      -
2026-09-25T20:30:31.712Z -INFO vmware-vmx.exe 13448 [ws@4413 threadName="vmx"] OvhdMem Actual maximum                      :          14656        |         14714
2026-09-25T20:30:31.712Z +INFO vmware-vmx.exe 13448 [ws@4413 threadName="vmx"] 
2026-09-25T20:30:31.713Z -INFO vmware-vmx.exe 13448 [ws@4413 threadName="vmx"] VMMEM: Maximum Reservation: 15159MB (MainMem=3568MB)
2026-09-25T20:30:31.714Z -INFO vmware-vmx.exe 13448 [ws@4413 threadName="vmx"] MemSched: BALLOON HIST [0, 913408]: 0 0 0 0 0 0 0 0 0 0 0 0
2026-09-25T20:30:31.714Z -INFO vmware-vmx.exe 13448 [ws@4413 threadName="vmx"] MemSched: BALLOON P50 1 P70 1 P90 1 MIN 913408 MAX 0
2026-09-25T20:30:31.714Z -INFO vmware-vmx.exe 13448 [ws@4413 threadName="vmx"] MemSched: SWAP HIST [0, 913408]: 0 0 0 0 0 0 0 0 0 0 0 0
2026-09-25T20:30:31.714Z -INFO vmware-vmx.exe 13448 [ws@4413 threadName="vmx"] MemSched: SWAP P50 1 P70 1 P90 1 MIN 913408 MAX 0
2026-09-25T20:30:31.714Z -INFO vmware-vmx.exe 13448 [ws@4413 threadName="vmx"] MemSched: LOCK HIST [0, 913408]: 0 0 0 0 0 0 0 0 0 0 0 0
2026-09-25T20:30:31.714Z -INFO vmware-vmx.exe 13448 [ws@4413 threadName="vmx"] MemSched: LOCK P50 1 P70 1 P90 1 MIN 913408 MAX 0
2026-09-25T20:30:31.714Z -INFO vmware-vmx.exe 13448 [ws@4413 threadName="vmx"] MemSched: LOCK_TARGET HIST [0, 913408]: 0 0 0 0 0 0 0 0 0 0 0 0
2026-09-25T20:30:31.714Z -INFO vmware-vmx.exe 13448 [ws@4413 threadName="vmx"] MemSched: LOCK_TARGET P50 1 P70 1 P90 1 MIN 913408 MAX 0
2026-09-25T20:30:31.714Z -INFO vmware-vmx.exe 13448 [ws@4413 threadName="vmx"] MemSched: ACTIVE_PCT HIST [0, 100]: 0 0 0 0 0 0 0 0 0 0 0 0
2026-09-25T20:30:31.714Z -INFO vmware-vmx.exe 13448 [ws@4413 threadName="vmx"] MemSched: ACTIVE_PCT P50 1 P70 1 P90 1 MIN 100 MAX 0
2026-09-25T20:30:31.714Z -INFO vmware-vmx.exe 13448 [ws@4413 threadName="vmx"] MemSched: NUM_VMS HIST [0, 10]: 0 0 0 0 0 0 0 0 0 0 0 0
2026-09-25T20:30:31.714Z -INFO vmware-vmx.exe 13448 [ws@4413 threadName="vmx"] MemSched: NUM_VMS P50 1 P70 1 P90 1 MIN 10 MAX 0
2026-09-25T20:30:31.714Z -INFO vmware-vmx.exe 13448 [ws@4413 threadName="vmx"] MemSched: HOSTLOCK HIST [0, 1406201]: 0 0 0 0 0 0 0 0 0 0 0 0
2026-09-25T20:30:31.714Z -INFO vmware-vmx.exe 13448 [ws@4413 threadName="vmx"] MemSched: HOSTLOCK P50 1 P70 1 P90 1 MIN 1406201 MAX 0
2026-09-25T20:30:31.714Z -INFO vmware-vmx.exe 13448 [ws@4413 threadName="vmx"] TOOLS received request in VMX to set option 'enableDnD' -> '0'
2026-09-25T20:30:31.716Z -INFO vmware-vmx.exe 13448 [ws@4413 threadName="vmx"] TOOLS received request in VMX to set option 'copypaste' -> '0'
2026-09-25T20:30:31.797Z -INFO vmware-vmx.exe 13448 [ws@4413 threadName="vmx"] HgfsServerManagerVigorExit: Destroy:
2026-09-25T20:30:31.799Z -INFO vmware-vmx.exe 13448 [ws@4413 threadName="vmx"] ToolsISO: Refreshing imageName for 'ubuntu-64' (refreshCount=1, lastCount=1).
2026-09-25T20:30:31.802Z -INFO vmware-vmx.exe 13448 [ws@4413 threadName="vmx"] ToolsISO: open of C:\Program Files (x86)\VMware\VMware Workstation\isoimages_manifest.txt.sig failed: Could not find the file
2026-09-25T20:30:31.802Z -INFO vmware-vmx.exe 13448 [ws@4413 threadName="vmx"] ToolsISO: Unable to read signature file 'C:\Program Files (x86)\VMware\VMware Workstation\isoimages_manifest.txt.sig', ignoring.
2026-09-25T20:30:31.803Z -INFO vmware-vmx.exe 13448 [ws@4413 threadName="vmx"] ToolsISO: Updated cached value for imageName to 'linux.iso'.
2026-09-25T20:30:31.803Z -INFO vmware-vmx.exe 13448 [ws@4413 threadName="vmx"] ToolsISO: Selected Tools ISO 'linux.iso' for 'ubuntu-64' guest.
2026-09-25T20:30:31.803Z -INFO vmware-vmx.exe 13448 [ws@4413 threadName="vmx"] Win32U_GetFileAttributes: GetFileAttributesExW("C:\Program Files (x86)\VMware\VMware Workstation\linux.iso", ...) failed, error: 2
2026-09-25T20:30:31.803Z -INFO vmware-vmx.exe 13448 [ws@4413 threadName="vmx"] TOOLS updated cached value for isoImageExists to 0.
2026-09-25T20:30:31.804Z -INFO vmware-vmx.exe 13448 [ws@4413 threadName="vmx"] Tools: ToolsRunningStatus_Exit, delayedRequest is 0x1BDAACBAA90
2026-09-25T20:30:31.809Z -INFO vmware-vmx.exe 13448 [ws@4413 threadName="vmx"] Tools: [AppStatus] Last heartbeat value 22 (last received 2752s ago)
2026-09-25T20:30:31.809Z -INFO vmware-vmx.exe 13448 [ws@4413 threadName="vmx"] TOOLS: appName=toolbox, oldStatus=0, status=0, guestInitiated=0.
2026-09-25T20:30:31.830Z -INFO vmware-vmx.exe 13448 [ws@4413 threadName="usbCCIDEnumCards"] USB-CCID: Card enum thread exiting.
2026-09-25T20:30:31.835Z -INFO vmware-vmx.exe 13448 [ws@4413 threadName="vmx"] SOUNDLIB: Closing Wave sound backend.
2026-09-25T20:30:31.836Z -INFO vmware-vmx.exe 13448 [ws@4413 threadName="mks"] MKSControlMgr: disconnected
2026-09-25T20:30:31.838Z -WARNING vmware-vmx.exe 13448 [ws@4413 threadName="mks"] There really shouldn't be any remaining command buffers at tear-down time, finishing now.
2026-09-25T20:30:31.948Z -INFO vmware-vmx.exe 13448 [ws@4413 threadName="mks"] Vulkan Renderer: Logical max GPU memory used: 38141952 bytes
2026-09-25T20:30:31.948Z -INFO vmware-vmx.exe 13448 [ws@4413 threadName="mks"] Vulkan Renderer: Logical current GPU memory used: 0 bytes
2026-09-25T20:30:31.948Z -INFO vmware-vmx.exe 13448 [ws@4413 threadName="mks"] Vulkan Renderer: Logical max GPU allocation count: 2
2026-09-25T20:30:31.948Z -INFO vmware-vmx.exe 13448 [ws@4413 threadName="mks"] Vulkan Renderer: Logical current GPU allocation count: 0
2026-09-25T20:30:31.948Z -INFO vmware-vmx.exe 13448 [ws@4413 threadName="mks"] Vulkan Renderer: Physical max GPU memory used: 38141952 bytes
2026-09-25T20:30:31.948Z -INFO vmware-vmx.exe 13448 [ws@4413 threadName="mks"] Vulkan Renderer: Physical current GPU memory used: 0 bytes
2026-09-25T20:30:31.948Z -INFO vmware-vmx.exe 13448 [ws@4413 threadName="mks"] Vulkan Renderer: Physical max GPU allocation count: 2
2026-09-25T20:30:31.948Z -INFO vmware-vmx.exe 13448 [ws@4413 threadName="mks"] Vulkan Renderer: Physical current GPU allocation count: 0
2026-09-25T20:30:31.948Z -INFO vmware-vmx.exe 13448 [ws@4413 threadName="mks"] Vulkan Renderer: External GPU allocation count: 3
2026-09-25T20:30:31.948Z -INFO vmware-vmx.exe 13448 [ws@4413 threadName="mks"] Vulkan Renderer: Dedicated GPU allocation count: 2
2026-09-25T20:30:31.954Z -INFO vmware-vmx.exe 13448 [ws@4413 threadName="mks"] MKSRenderMain: Stopping ISB (VK)
2026-09-25T20:30:31.955Z -INFO vmware-vmx.exe 13448 [ws@4413 threadName="mks"] ISBRendererComm: Waiting on mksSandbox exit
2026-09-25T20:30:32.206Z -INFO vmware-vmx.exe 13448 [ws@4413 threadName="mks"] MKSRenderMain: Stopped ISB: (VK)
2026-09-25T20:30:32.206Z -INFO vmware-vmx.exe 13448 [ws@4413 threadName="mks"] MKS PowerOff
2026-09-25T20:30:32.206Z -INFO vmware-vmx.exe 13448 [ws@4413 threadName="svga"] SVGA thread is exiting
2026-09-25T20:30:32.206Z -INFO vmware-vmx.exe 13448 [ws@4413 threadName="mks"] MKS thread is exiting
2026-09-25T20:30:32.217Z -WARNING vmware-vmx.exe 13448 [ws@4413 threadName="vmx"] Guest: 
2026-09-25T20:30:32.217Z -INFO vmware-vmx.exe 13448 [ws@4413 threadName="vmx"] scsi0:0: numIOs = 722 numMergedIOs = 0 numSplitIOs = 0 ( 0.0%)
2026-09-25T20:30:32.217Z -INFO vmware-vmx.exe 13448 [ws@4413 threadName="vmx"] Closing disk 'scsi0:0'
2026-09-25T20:30:32.231Z -INFO vmware-vmx.exe 13448 [ws@4413 threadName="vmx"] AIOWIN32C: asyncOps=65493 syncOps=78 bufSize=0Kb fixedOps=0
2026-09-25T20:30:32.231Z -INFO vmware-vmx.exe 13448 [ws@4413 threadName="aioCompletion"] AIO thread processed 65493 completions
2026-09-25T20:30:32.573Z -INFO vmware-vmx.exe 13448 [ws@4413 threadName="deviceThread"] Device thread is exiting
2026-09-25T20:30:32.574Z -INFO vmware-vmx.exe 13448 [ws@4413 threadName="vmx"] Vix: [mainDispatch.c:1173]: VMAutomationPowerOff: Powering off.
2026-09-25T20:30:32.574Z -INFO vmware-vmx.exe 13448 [ws@4413 threadName="vmx"] PolicyVMX_Exit: Could not write out policies: 15.
2026-09-25T20:30:32.574Z -INFO vmware-vmx.exe 13448 [ws@4413 threadName="vmx"] WORKER: asyncOps=1 maxActiveOps=1 maxPending=1 maxCompleted=0
2026-09-25T20:30:32.574Z -INFO vmware-vmx.exe 13448 [ws@4413 threadName="PowerNotifyThread"] PowerNotify thread exiting.
2026-09-25T20:30:32.574Z -INFO vmware-vmx.exe 13448 [ws@4413 threadName="vmx"] Vix: [mainDispatch.c:4172]: VMAutomation_ReportPowerOpFinished: statevar=1, newAppState=1873, success=1 additionalError=0
2026-09-25T20:30:32.574Z -INFO vmware-vmx.exe 13448 [ws@4413 threadName="vmx"] Vix: [mainDispatch.c:4190]: VMAutomation: Ignoring ReportPowerOpFinished because the VMX is shutting down.
2026-09-25T20:30:32.582Z -INFO vmware-vmx.exe 13448 [ws@4413 threadName="vmx"] STATSFILE: Amount of dynamic storage used: 656
2026-09-25T20:30:32.582Z -INFO vmware-vmx.exe 13448 [ws@4413 threadName="vmx"] STATSFILE: Number of entries made: 68
2026-09-25T20:30:32.582Z -NOTICE vmware-vmx.exe 13448 [ws@4413 threadName="vmx"] ConfigDB: Setting cleanShutdown = "TRUE"
2026-09-25T20:30:32.582Z -INFO vmware-vmx.exe 13448 [ws@4413 threadName="vmx"] Vix: [mainDispatch.c:4172]: VMAutomation_ReportPowerOpFinished: statevar=0, newAppState=1870, success=1 additionalError=0
2026-09-25T20:30:32.582Z -INFO vmware-vmx.exe 13448 [ws@4413 threadName="vmx"] Vix: [mainDispatch.c:4190]: VMAutomation: Ignoring ReportPowerOpFinished because the VMX is shutting down.
2026-09-25T20:30:32.582Z -INFO vmware-vmx.exe 13448 [ws@4413 threadName="vmx"] Transitioned vmx/execState/val to poweredOff
2026-09-25T20:30:32.582Z -INFO vmware-vmx.exe 13448 [ws@4413 threadName="vmx"] VMX idle exit
2026-09-25T20:30:32.582Z -INFO vmware-vmx.exe 13448 [ws@4413 threadName="vmx"] WQPoolFreePoll : pollIx = 3, signalHandle = 4588
2026-09-25T20:30:32.582Z -INFO vmware-vmx.exe 13448 [ws@4413 threadName="vmx"] Vix: [mainDispatch.c:819]: VMAutomation_LateShutdown()
2026-09-25T20:30:32.582Z -INFO vmware-vmx.exe 13448 [ws@4413 threadName="vmx"] Vix: [mainDispatch.c:774]: VMAutomationCloseListenerSocket. Closing listener socket.
2026-09-25T20:30:32.582Z -INFO vmware-vmx.exe 13448 [ws@4413 threadName="vmx"] Flushing VMX VMDB connections
2026-09-25T20:30:32.582Z -INFO vmware-vmx.exe 13448 [ws@4413 threadName="vmx"] VmdbDbRemoveCnx: Removing Cnx from Db for '/db/connection/#1/'
2026-09-25T20:30:32.582Z -INFO vmware-vmx.exe 13448 [ws@4413 threadName="vmx"] VmdbCnxDisconnect: Disconnect: closed pipe for pub cnx '/db/connection/#1/' (0)
2026-09-25T20:30:32.582Z -INFO vmware-vmx.exe 13448 [ws@4413 threadName="vmx"] VigorTransport_ServerDestroy: server destroyed.
2026-09-25T20:30:32.582Z -INFO vmware-vmx.exe 13448 [ws@4413 threadName="vmx"] WQPoolFreePoll : pollIx = 2, signalHandle = 5004
2026-09-25T20:30:32.582Z -INFO vmware-vmx.exe 13448 [ws@4413 threadName="vmx"] WQPoolFreePoll : pollIx = 1, signalHandle = 776
2026-09-25T20:30:32.600Z -INFO vmware-vmx.exe 13448 [ws@4413 threadName="vmx"] VMX exit (0).
2026-09-25T20:30:32.600Z -INFO vmware-vmx.exe 13448 [ws@4413 threadName="vmx"] OBJLIB-LIB: ObjLib cleanup done.
2026-09-25T20:30:32.600Z -INFO vmware-vmx.exe 13448 [ws@4413 threadName="vmx"] AIOMGR-S : stat o=5 r=12 w=19 i=0 br=106892 bw=17100
